customer_id,age,gender,plan,monthly_bill,tenure,support_calls,data_usage,payment_method,churn
CUST00001,56,Male,Standard,31.21,61,5,37.03,Bank Transfer,No
CUST00002,69,Female,Basic,30.89,59,2,14.18,Bank Transfer,No
CUST00003,46,Male,Standard,70.28,22,1,49.28,Mobile Wallet,No
CUST00004,32,Female,Standard,52.93,68,5,26.06,Bank Transfer,Yes
CUST00005,60,Male,Standard,43.82,4,6,21.46,Bank Transfer,Yes
CUST00006,25,Male,Standard,52.59,29,3,17.85,Bank Transfer,No
CUST00007,38,Female,Standard,47.79,58,1,18.94,Cash,No
CUST00008,56,Male,Basic,33.28,58,6,15.24,,No
CUST00009,36,Female,Standard,38.8,54,3,23.25,Cash,No
CUST00010,40,Female,Premium,72.48,28,1,23.56,Card,Yes
CUST00011,28,Male,Standard,35.39,39,3,28.44,Mobile Wallet,No
CUST00012,28,Male,Basic,30.18,57,3,15.7,Bank Transfer,No
CUST00013,41,Male,Basic,45.27,64,3,56.48,Bank Transfer,No
CUST00014,70,Male,Premium,72.61,30,2,11.58,Card,No
CUST00015,53,Male,Basic,29.6,50,5,9.77,Mobile Wallet,No
CUST00016,57,Female,Basic,33.79,54,5,32.61,Card,No
CUST00017,41,Male,Standard,51.54,23,4,19.84,Card,No
CUST00018,20,Female,Premium,82.4,18,2,11.04,Cash,Yes
CUST00019,39,Male,Basic,35.61,54,2,2.86,Card,No
CUST00020,70,Male,Standard,66.06,28,3,39.27,Mobile Wallet,No
CUST00021,19,Male,Standard,51.15,8,4,27.95,Bank Transfer,No
CUST00022,41,Female,Basic,34.87,32,3,15.64,Mobile Wallet,No
CUST00023,61,Male,Premium,87.3,6,2,19.45,Mobile Wallet,Yes
CUST00024,47,Female,Standard,51.96,72,3,25.3,Card,No
CUST00025,55,Female,Standard,49.07,40,3,47.86,Bank Transfer,No
CUST00026,19,Female,Premium,87.84,51,3,5.52,Mobile Wallet,No
CUST00027,38,Male,Premium,83.37,47,2,14.69,Cash,No
CUST00028,50,Female,Standard,46.64,70,2,38.82,Cash,No
CUST00029,29,Male,Basic,27.46,68,2,61.18,Bank Transfer,No
CUST00030,39,Female,Premium,71.37,7,2,40.47,Mobile Wallet,Yes
CUST00031,61,Male,Standard,59.62,27,3,28.65,Card,No
CUST00032,42,Female,Premium,46.0,66,6,14.66,Mobile Wallet,Yes
CUST00033,66,Male,Premium,42.15,54,3,30.35,Cash,No
CUST00034,44,Male,Basic,25.17,14,3,15.59,Bank Transfer,No
CUST00035,59,Male,Premium,61.09,22,5,28.2,Cash,No
CUST00036,45,Female,Standard,54.68,69,5,10.72,Mobile Wallet,No
CUST00037,33,Female,Standard,39.69,56,3,16.88,Card,No
CUST00038,32,Male,Basic,21.61,60,5,22.14,Card,No
CUST00039,64,Female,Premium,83.38,51,6,45.45,Card,Yes
CUST00040,68,Female,Standard,37.75,16,1,35.25,Card,No
CUST00041,61,Female,Standard,52.8,6,1,22.47,Bank Transfer,No
CUST00042,69,Female,Premium,79.32,1,2,32.44,Mobile Wallet,Yes
CUST00043,20,Female,Standard,65.9,12,3,41.79,Card,No
CUST00044,54,Female,Standard,66.85,24,2,10.63,Bank Transfer,No
CUST00045,68,Female,Premium,73.74,43,6,9.49,Mobile Wallet,Yes
CUST00046,24,Male,Standard,36.36,34,5,22.54,Cash,No
CUST00047,38,Male,Premium,82.59,57,3,35.12,Bank Transfer,Yes
CUST00048,26,Female,Premium,87.85,21,1,15.54,Card,No
CUST00049,56,Male,Standard,46.84,40,1,59.62,Card,No
CUST00050,35,Male,Standard,42.77,33,3,14.96,Card,No
CUST00051,21,Male,Basic,26.93,33,4,42.86,Cash,No
CUST00052,42,Female,Standard,49.28,28,1,43.36,Card,No
CUST00053,31,Female,Standard,56.62,65,2,12.43,Bank Transfer,No
CUST00054,67,Female,Standard,31.87,46,8,25.15,Bank Transfer,No
CUST00055,26,Female,Basic,33.94,33,0,34.1,Card,No
CUST00056,43,Female,Basic,37.17,69,5,26.37,Mobile Wallet,No
CUST00057,70,Male,Basic,27.15,66,2,19.71,Cash,No
CUST00058,19,Female,Basic,19.86,36,2,6.17,Cash,No
CUST00059,37,Male,Standard,45.7,54,4,5.72,Bank Transfer,No
CUST00060,45,Female,Basic,32.96,50,3,8.52,Mobile Wallet,No
CUST00061,64,Male,Basic,39.07,51,3,9.17,Mobile Wallet,No
CUST00062,24,Female,Basic,17.3,52,1,21.73,Card,No
CUST00063,61,Female,Standard,51.09,21,6,28.58,Bank Transfer,Yes
CUST00064,25,Female,Premium,80.84,30,6,12.46,Cash,Yes
CUST00065,64,Female,Basic,15.72,15,4,13.94,Mobile Wallet,No
CUST00066,52,Female,Standard,27.67,9,6,46.01,Mobile Wallet,Yes
CUST00067,31,Female,Standard,52.03,32,2,5.45,Mobile Wallet,No
CUST00068,34,Male,Basic,33.36,72,2,24.26,Mobile Wallet,No
CUST00069,53,Female,Standard,58.27,23,1,10.24,Card,No
CUST00070,67,Male,Basic,27.5,27,3,30.02,Card,No
CUST00071,57,Female,Standard,38.7,42,0,33.85,Mobile Wallet,No
CUST00072,21,Male,Basic,17.6,8,0,47.69,Card,No
CUST00073,19,Male,Premium,102.55,11,5,22.06,Bank Transfer,Yes
CUST00074,23,Male,Basic,32.86,21,4,6.32,Bank Transfer,No
CUST00075,59,Male,Standard,46.71,44,3,18.5,Card,No
CUST00076,21,Male,Premium,93.37,39,1,20.84,Cash,Yes
CUST00077,46,Male,Basic,32.42,33,3,51.5,Mobile Wallet,No
CUST00078,35,Female,Standard,49.28,67,5,14.16,Mobile Wallet,No
CUST00079,43,Male,Standard,37.78,55,0,22.41,Mobile Wallet,No
CUST00080,61,Female,Standard,57.71,13,6,26.6,Bank Transfer,Yes
CUST00081,51,Female,Basic,26.57,36,2,32.61,Mobile Wallet,No
CUST00082,27,Male,Basic,34.75,26,3,37.9,Bank Transfer,No
CUST00083,53,Male,Standard,52.12,38,8,5.19,Mobile Wallet,No
CUST00084,31,Female,Standard,49.13,23,4,16.49,Mobile Wallet,No
CUST00085,48,Male,Standard,34.91,8,5,18.25,Card,Yes
CUST00086,65,Male,Basic,29.7,14,4,24.14,Bank Transfer,No
CUST00087,32,Male,Basic,32.65,24,4,18.62,Mobile Wallet,No
CUST00088,25,Male,Standard,51.71,40,2,23.07,Bank Transfer,No
CUST00089,31,Male,Standard,63.17,25,4,49.84,Bank Transfer,Yes
CUST00090,40,Male,Standard,58.7,25,2,43.11,Cash,No
CUST00091,57,Male,Basic,31.36,17,2,47.22,Mobile Wallet,No
CUST00092,38,Female,Basic,22.32,4,3,13.61,Bank Transfer,No
CUST00093,33,Male,Basic,31.15,41,2,15.99,Card,No
CUST00094,62,Female,Basic,26.89,60,2,17.19,Card,No
CUST00095,35,Female,Basic,26.69,43,1,30.0,Mobile Wallet,No
CUST00096,64,Female,Standard,31.18,54,3,26.61,Card,No
CUST00097,70,Female,Standard,60.53,52,5,36.58,Cash,No
CUST00098,41,Male,Standard,65.7,21,4,20.72,Bank Transfer,No
CUST00099,43,Female,Basic,40.33,24,3,25.61,Card,No
CUST00100,42,Female,Basic,26.58,37,5,40.37,Card,No
CUST00101,62,Female,Standard,65.52,44,1,13.62,Bank Transfer,No
CUST00102,58,Female,Premium,62.32,5,2,12.2,Card,No
CUST00103,46,Female,Standard,66.86,61,6,28.61,Mobile Wallet,No
CUST00104,32,Male,Standard,55.39,44,2,11.67,Mobile Wallet,No
CUST00105,62,Male,Premium,87.44,6,0,19.53,Card,No
CUST00106,18,Female,Standard,40.34,3,7,25.3,Mobile Wallet,Yes
CUST00107,42,Male,Basic,45.97,65,2,20.79,Mobile Wallet,No
CUST00108,24,Male,Standard,59.36,31,3,14.64,Mobile Wallet,No
CUST00109,26,Female,Basic,18.6,55,3,9.68,Cash,No
CUST00110,41,Female,Standard,56.75,45,5,4.59,Bank Transfer,Yes
CUST00111,18,Female,Standard,59.16,55,4,41.1,Bank Transfer,No
CUST00112,61,Male,Standard,59.31,60,1,8.54,Card,No
CUST00113,25,Female,Basic,28.51,31,3,23.26,Card,No
CUST00114,41,Male,Standard,56.81,39,1,25.68,Cash,No
CUST00115,28,Male,Standard,43.68,48,2,20.21,Card,No
CUST00116,68,Male,Premium,81.26,27,3,10.2,Card,Yes
CUST00117,34,Female,Standard,45.55,16,1,21.88,Mobile Wallet,No
CUST00118,25,Male,Premium,69.97,52,3,19.21,,No
CUST00119,52,Female,Basic,33.03,4,3,10.15,Bank Transfer,No
CUST00120,52,Female,Standard,57.59,42,3,8.49,Card,Yes
CUST00121,50,Female,Basic,29.02,54,3,69.37,Mobile Wallet,No
CUST00122,22,Female,Basic,39.25,9,5,27.02,Mobile Wallet,No
CUST00123,59,Female,Premium,90.54,25,5,46.85,Bank Transfer,Yes
CUST00124,56,Male,Premium,95.33,58,2,5.16,Bank Transfer,No
CUST00125,58,Male,Basic,32.85,18,2,30.93,Card,No
CUST00126,45,Male,Basic,27.11,44,5,22.82,Card,No
CUST00127,24,Male,Basic,34.32,49,4,46.64,Card,No
CUST00128,26,Male,Premium,71.86,44,6,19.67,Mobile Wallet,No
CUST00129,25,Female,Basic,37.77,38,3,4.93,Mobile Wallet,No
CUST00130,29,Female,Basic,29.22,65,1,26.53,Bank Transfer,Yes
CUST00131,51,Male,Basic,28.48,10,2,19.62,Mobile Wallet,No
CUST00132,50,Male,Standard,47.65,63,1,25.62,Card,No
CUST00133,65,Male,Premium,60.35,46,3,11.07,Bank Transfer,No
CUST00134,40,Female,Basic,19.35,2,4,24.85,Card,No
CUST00135,41,Female,Standard,44.24,20,6,9.99,Card,No
CUST00136,54,Female,Basic,17.16,3,1,18.53,Bank Transfer,Yes
CUST00137,52,Male,Standard,45.95,36,6,12.36,Card,No
CUST00138,61,Male,Standard,63.93,5,6,65.88,Card,Yes
CUST00139,57,Male,Basic,33.73,20,2,30.92,Bank Transfer,No
CUST00140,39,Male,Basic,25.14,3,5,5.92,Cash,No
CUST00141,44,Female,Premium,67.87,3,4,15.51,Cash,No
CUST00142,52,Male,Basic,32.59,70,5,55.13,Mobile Wallet,No
CUST00143,18,Male,Standard,27.13,47,2,15.84,Bank Transfer,No
CUST00144,52,Male,Standard,24.42,37,4,22.96,Bank Transfer,No
CUST00145,54,Female,Basic,40.15,8,6,8.18,Card,Yes
CUST00146,64,Female,Standard,54.53,1,4,27.55,Bank Transfer,No
CUST00147,31,Male,Premium,75.17,45,3,11.95,Card,No
CUST00148,20,Female,Standard,46.58,10,0,24.41,Bank Transfer,No
CUST00149,18,Female,Basic,33.45,68,0,24.9,Card,No
CUST00150,22,Female,Standard,51.61,43,2,15.6,Bank Transfer,No
CUST00151,43,Female,Standard,57.23,41,1,36.73,Cash,No
CUST00152,31,Female,Standard,41.05,12,3,22.91,Card,No
CUST00153,56,Male,Standard,52.58,8,7,20.65,Mobile Wallet,Yes
CUST00154,44,Male,Basic,42.73,45,0,29.44,Card,No
CUST00155,26,Male,Standard,49.09,1,6,21.9,Mobile Wallet,No
CUST00156,32,Female,Standard,44.39,26,5,85.5,Cash,Yes
CUST00157,32,Female,Basic,29.77,31,1,7.08,Bank Transfer,No
CUST00158,43,Female,Standard,50.08,56,3,27.51,Card,No
CUST00159,59,Female,Basic,35.79,37,3,25.84,Card,No
CUST00160,30,Male,Basic,25.49,4,3,26.64,Bank Transfer,No
CUST00161,68,Male,Premium,60.27,72,1,23.66,Mobile Wallet,No
CUST00162,49,Male,Basic,33.47,44,6,11.29,Bank Transfer,No
CUST00163,56,Male,Basic,34.88,49,2,29.65,Mobile Wallet,No
CUST00164,66,Male,Standard,46.02,40,6,16.72,Card,No
CUST00165,69,Male,Premium,83.46,68,2,25.33,Mobile Wallet,No
CUST00166,49,Female,Premium,72.07,71,3,8.13,Card,No
CUST00167,21,Female,Standard,53.66,10,1,21.01,Card,No
CUST00168,47,Male,Basic,26.67,70,2,46.59,Bank Transfer,No
CUST00169,54,Female,Premium,89.42,4,5,18.62,Bank Transfer,Yes
CUST00170,40,Male,Standard,47.94,21,3,9.76,Bank Transfer,No
CUST00171,56,Male,Standard,67.9,42,3,11.02,Bank Transfer,No
CUST00172,62,Female,Premium,76.29,6,4,23.54,Bank Transfer,No
CUST00173,32,Male,Standard,58.45,11,2,44.1,Cash,No
CUST00174,60,Male,Basic,36.86,12,0,32.39,Cash,No
CUST00175,46,Male,Premium,74.78,31,3,10.36,Bank Transfer,Yes
CUST00176,53,Female,Standard,47.71,31,4,18.96,Mobile Wallet,No
CUST00177,30,Female,Basic,25.2,43,7,34.46,Bank Transfer,No
CUST00178,49,Female,Basic,27.25,58,4,10.51,Mobile Wallet,No
CUST00179,24,Female,Standard,28.42,50,3,11.45,Card,No
CUST00180,68,Male,Basic,30.85,41,0,33.23,Bank Transfer,No
CUST00181,39,Female,Basic,39.84,36,4,21.68,Mobile Wallet,No
CUST00182,45,Female,Standard,47.67,44,1,7.21,Card,No
CUST00183,19,Female,Premium,82.1,66,8,20.15,Mobile Wallet,Yes
CUST00184,59,Male,Standard,40.0,15,2,43.81,Mobile Wallet,No
CUST00185,62,Female,Standard,54.96,34,3,37.0,Bank Transfer,Yes
CUST00186,70,Female,Standard,43.98,70,6,34.78,Bank Transfer,No
CUST00187,23,Male,Standard,47.37,44,4,12.45,Card,No
CUST00188,45,Male,Basic,30.0,33,1,2.23,Bank Transfer,No
CUST00189,45,Male,Premium,50.44,6,3,43.78,Mobile Wallet,No
CUST00190,61,Male,Standard,59.31,40,0,41.64,Mobile Wallet,No
CUST00191,61,Female,Basic,22.36,6,1,7.93,Card,No
CUST00192,37,Male,Basic,46.56,14,7,42.01,Card,Yes
CUST00193,47,Female,Standard,55.94,5,2,29.16,Card,Yes
CUST00194,28,Female,Basic,33.69,45,1,28.01,Bank Transfer,No
CUST00195,45,Female,Basic,27.16,59,1,38.29,Mobile Wallet,No
CUST00196,42,Female,Standard,62.01,43,2,28.68,Card,No
CUST00197,56,Female,Premium,65.33,53,1,10.38,Card,No
CUST00198,50,Male,Standard,47.06,27,3,8.71,Mobile Wallet,No
CUST00199,18,Female,Basic,32.35,69,2,9.17,Bank Transfer,No
CUST00200,44,Female,Basic,28.55,69,4,35.23,Bank Transfer,No
CUST00201,69,Female,Standard,43.74,48,1,27.74,Card,No
CUST00202,30,Male,Basic,27.91,25,1,55.68,Bank Transfer,No
CUST00203,58,Female,Standard,44.58,8,3,30.06,Bank Transfer,No
CUST00204,20,Female,Basic,24.57,32,4,17.6,Bank Transfer,No
CUST00205,56,Male,Premium,88.67,61,4,10.91,Mobile Wallet,No
CUST00206,23,Female,Standard,51.97,1,2,19.44,Mobile Wallet,No
CUST00207,25,Female,Basic,25.62,31,1,14.82,Bank Transfer,No
CUST00208,44,Male,Premium,77.96,71,3,22.86,Card,No
CUST00209,26,Female,Basic,25.67,15,2,27.9,Mobile Wallet,No
CUST00210,54,Female,Basic,15.76,70,2,16.94,Bank Transfer,No
CUST00211,50,Female,Premium,81.96,16,1,44.79,Card,Yes
CUST00212,68,Female,Basic,34.37,72,6,20.62,Cash,No
CUST00213,59,Female,Standard,42.86,57,0,8.48,Bank Transfer,No
CUST00214,61,Male,Basic,31.16,11,2,18.88,Bank Transfer,Yes
CUST00215,41,Male,Basic,22.02,18,3,68.39,Card,No
CUST00216,32,Male,Basic,24.41,45,4,19.87,Card,No
CUST00217,49,Female,Standard,60.58,20,3,17.48,Cash,No
CUST00218,49,Female,Standard,51.25,14,2,17.45,Card,No
CUST00219,41,Female,Basic,22.0,27,3,12.74,Mobile Wallet,No
CUST00220,58,Male,Basic,31.48,9,6,16.86,Card,Yes
CUST00221,69,Female,Premium,68.22,13,4,23.03,Bank Transfer,Yes
CUST00222,66,Female,Premium,69.63,45,3,9.32,Mobile Wallet,No
CUST00223,66,Female,Standard,51.59,8,5,5.86,Mobile Wallet,Yes
CUST00224,69,Male,Premium,80.46,56,2,36.91,Mobile Wallet,No
CUST00225,29,Male,Standard,28.33,7,0,41.25,Bank Transfer,No
CUST00226,56,Female,Basic,31.41,15,5,14.71,Card,No
CUST00227,19,Female,Basic,32.3,56,2,25.25,Card,No
CUST00228,20,Female,Basic,35.23,56,5,26.87,Bank Transfer,No
CUST00229,66,Male,Premium,58.1,37,1,42.51,Cash,No
CUST00230,54,Male,Standard,45.31,64,8,32.89,Mobile Wallet,No
CUST00231,66,Male,Standard,40.51,17,1,21.23,Bank Transfer,No
CUST00232,34,Female,Basic,34.94,21,8,40.73,Cash,No
CUST00233,66,Male,Standard,36.67,52,4,55.93,Cash,No
CUST00234,19,Female,Standard,52.82,33,5,23.46,Card,No
CUST00235,19,Female,Premium,81.06,12,1,37.85,Mobile Wallet,Yes
CUST00236,45,Male,Basic,35.68,46,0,21.5,Bank Transfer,No
CUST00237,40,Female,Standard,35.74,70,2,21.54,Card,No
CUST00238,54,Male,Basic,27.52,71,1,9.12,Bank Transfer,No
CUST00239,49,Female,Standard,50.75,57,2,19.46,Mobile Wallet,No
CUST00240,50,Female,Standard,62.19,20,2,20.99,Mobile Wallet,Yes
CUST00241,18,Male,Basic,23.11,68,6,,Card,No
CUST00242,36,Female,Standard,41.87,44,7,20.63,Mobile Wallet,Yes
CUST00243,19,Female,Basic,28.31,30,2,17.18,Card,No
CUST00244,70,Female,Premium,69.37,25,1,11.64,Bank Transfer,No
CUST00245,61,Female,Basic,23.96,31,3,46.48,Card,No
CUST00246,43,Female,Standard,48.06,2,2,24.12,Cash,No
CUST00247,49,Female,Premium,84.88,54,2,9.57,Card,No
CUST00248,23,Female,Basic,28.79,14,2,11.42,Mobile Wallet,Yes
CUST00249,49,Female,Standard,69.01,23,2,4.55,Cash,Yes
CUST00250,21,Male,Standard,50.63,69,2,9.6,Bank Transfer,No
CUST00251,28,Male,Basic,20.15,52,4,5.31,Mobile Wallet,No
CUST00252,34,Female,Standard,57.42,50,5,22.66,Card,No
CUST00253,55,Female,Standard,,71,2,27.58,Mobile Wallet,No
CUST00254,41,Male,Premium,63.53,33,1,4.88,Card,No
CUST00255,22,Female,Premium,85.97,9,1,27.91,Mobile Wallet,No
CUST00256,69,Male,Standard,54.59,8,5,10.78,Card,No
CUST00257,51,Male,Standard,57.25,7,0,,Card,No
CUST00258,23,Male,Premium,72.94,21,6,24.18,Mobile Wallet,No
CUST00259,39,Female,Standard,31.35,53,4,12.24,Bank Transfer,No
CUST00260,28,Female,Basic,24.68,15,6,22.87,Card,No
CUST00261,65,Female,Standard,58.57,72,3,12.88,Cash,No
CUST00262,33,Male,Premium,75.25,52,2,16.41,Mobile Wallet,No
CUST00263,50,Male,Standard,46.94,69,4,22.37,Bank Transfer,Yes
CUST00264,26,Male,Standard,65.87,72,2,24.21,Card,No
CUST00265,23,Female,Basic,24.52,37,4,45.94,Card,No
CUST00266,33,Male,Premium,68.44,4,5,29.59,Cash,Yes
CUST00267,46,Male,Standard,57.83,61,3,30.71,Cash,No
CUST00268,20,Female,Standard,42.28,22,3,18.4,Mobile Wallet,No
CUST00269,37,Male,Basic,25.43,49,1,25.38,Card,No
CUST00270,53,Male,Basic,33.14,36,1,37.42,Card,No
CUST00271,36,Female,Standard,53.22,63,5,37.74,Bank Transfer,No
CUST00272,43,Female,Premium,86.27,38,4,54.01,Card,No
CUST00273,20,Male,Basic,32.39,40,1,54.12,Bank Transfer,No
CUST00274,36,Female,Basic,27.96,64,5,17.73,Mobile Wallet,No
CUST00275,37,Male,Standard,33.22,68,1,10.92,Card,No
CUST00276,49,Female,Basic,32.16,56,5,20.13,Cash,No
CUST00277,24,Male,Basic,31.86,14,3,9.56,Mobile Wallet,No
CUST00278,69,Female,Standard,49.63,2,3,36.38,Card,No
CUST00279,58,Male,Premium,69.47,63,8,27.75,,No
CUST00280,50,Female,Basic,35.48,19,4,7.02,Mobile Wallet,Yes
CUST00281,57,Female,Standard,48.11,71,2,9.95,Card,Yes
CUST00282,56,Female,Basic,41.52,9,1,10.47,Card,No
CUST00283,35,Female,Basic,31.93,33,4,31.07,Card,Yes
CUST00284,57,Female,Basic,21.59,61,4,10.6,Cash,No
CUST00285,18,Female,Standard,64.06,44,4,20.98,Bank Transfer,No
CUST00286,28,Female,Basic,31.31,65,1,12.56,Bank Transfer,No
CUST00287,45,Male,Standard,43.16,57,5,17.93,Card,No
CUST00288,42,Male,Basic,15.0,24,5,26.28,Card,No
CUST00289,67,Female,Basic,26.16,44,4,45.0,Cash,No
CUST00290,40,Female,Basic,20.32,68,3,42.31,Bank Transfer,No
CUST00291,48,Male,Premium,78.49,6,3,12.29,Mobile Wallet,Yes
CUST00292,47,Male,Standard,33.12,67,2,9.24,Mobile Wallet,No
CUST00293,59,Female,Premium,78.0,34,6,20.03,Mobile Wallet,Yes
CUST00294,52,Male,Standard,38.97,25,1,37.25,Mobile Wallet,No
CUST00295,24,Male,Basic,23.74,27,7,12.87,Mobile Wallet,No
CUST00296,33,Female,Standard,51.89,18,4,13.86,Bank Transfer,Yes
CUST00297,43,Female,Basic,30.28,5,4,6.4,Card,No
CUST00298,65,Female,Standard,42.85,44,3,18.43,Bank Transfer,No
CUST00299,69,Male,Basic,34.51,5,2,24.43,Card,No
CUST00300,66,Female,Basic,27.6,61,2,35.07,Card,No
CUST00301,19,Female,Standard,57.83,6,2,34.31,Bank Transfer,Yes
CUST00302,18,Male,Standard,45.82,39,5,39.24,Cash,No
CUST00303,65,Female,Premium,77.64,8,8,24.73,Bank Transfer,No
CUST00304,29,Male,Standard,45.81,43,2,12.84,Mobile Wallet,No
CUST00305,22,Male,Standard,43.05,41,4,38.19,Bank Transfer,No
CUST00306,54,Male,Basic,33.43,69,5,41.2,Mobile Wallet,No
CUST00307,49,Male,Premium,86.25,30,1,38.43,Card,No
CUST00308,26,Male,Standard,44.59,59,5,14.69,Card,Yes
CUST00309,58,Male,Standard,55.42,23,5,7.53,Card,Yes
CUST00310,52,Female,Basic,31.57,57,2,34.7,Bank Transfer,No
CUST00311,36,Female,Standard,51.47,25,2,36.8,Card,No
CUST00312,65,Female,Basic,29.86,48,1,43.79,Cash,Yes
CUST00313,33,Male,Standard,35.94,70,4,33.74,Card,Yes
CUST00314,20,Female,Premium,88.32,42,4,14.78,Mobile Wallet,Yes
CUST00315,37,Male,Premium,39.92,29,4,22.04,Card,No
CUST00316,41,Female,Standard,39.51,71,4,34.93,Card,No
CUST00317,50,Male,Premium,52.43,45,2,16.98,Mobile Wallet,No
CUST00318,41,Female,Basic,19.26,41,4,39.88,Card,No
CUST00319,69,Male,Premium,69.0,63,3,22.08,Mobile Wallet,No
CUST00320,28,Female,Standard,46.46,47,2,48.08,Card,No
CUST00321,66,Male,Standard,45.48,1,2,15.99,Card,No
CUST00322,25,Female,Premium,86.36,20,2,19.95,Mobile Wallet,No
CUST00323,53,Male,Premium,82.68,19,3,15.02,Bank Transfer,Yes
CUST00324,55,Female,Basic,19.6,65,1,22.83,Bank Transfer,No
CUST00325,57,Female,Standard,63.52,36,4,26.02,Cash,No
CUST00326,37,Female,Basic,25.96,23,4,31.94,Bank Transfer,No
CUST00327,52,Male,Premium,82.52,29,7,15.68,Mobile Wallet,No
CUST00328,65,Male,Standard,43.58,44,5,16.75,Bank Transfer,No
CUST00329,42,Male,Basic,25.32,7,2,16.09,Card,No
CUST00330,52,Male,Standard,36.94,31,6,23.65,Cash,Yes
CUST00331,42,Male,Standard,46.87,38,8,40.92,Card,No
CUST00332,46,Female,Standard,50.23,66,5,32.89,Bank Transfer,No
CUST00333,35,Male,Basic,32.37,22,0,16.43,Card,No
CUST00334,63,Female,Basic,27.18,54,1,12.07,Bank Transfer,No
CUST00335,35,Female,Standard,57.42,54,5,21.09,Cash,No
CUST00336,19,Male,Basic,25.37,6,2,11.61,Card,No
CUST00337,52,Female,Standard,45.41,62,1,65.03,Card,No
CUST00338,33,Male,Standard,49.94,29,2,28.84,Mobile Wallet,No
CUST00339,58,Male,Basic,24.7,43,4,36.27,Mobile Wallet,No
CUST00340,53,Male,Standard,44.01,67,3,6.27,Mobile Wallet,No
CUST00341,50,Female,Standard,52.22,62,1,25.63,Cash,No
CUST00342,21,Male,Standard,51.95,13,5,24.92,Mobile Wallet,No
CUST00343,50,Male,Standard,49.75,64,7,19.91,Card,No
CUST00344,31,Male,Standard,58.63,47,5,12.37,Card,No
CUST00345,38,Female,Basic,38.69,60,2,48.01,Cash,No
CUST00346,65,Male,Premium,72.09,15,0,14.24,Bank Transfer,No
CUST00347,37,Female,Basic,30.2,5,2,34.85,Card,No
CUST00348,25,Female,Premium,74.2,69,3,20.27,Bank Transfer,No
CUST00349,24,Male,Standard,48.41,2,1,43.13,Card,No
CUST00350,20,Female,Premium,62.61,38,5,23.46,Bank Transfer,No
CUST00351,34,Female,Standard,47.93,54,7,76.29,Mobile Wallet,No
CUST00352,50,Male,Basic,39.29,39,3,44.95,Cash,No
CUST00353,65,Male,Premium,85.39,20,1,16.63,Bank Transfer,No
CUST00354,29,Male,Basic,31.01,20,1,13.44,Bank Transfer,No
CUST00355,68,Female,Basic,30.22,29,5,43.59,Card,No
CUST00356,39,Male,Basic,31.2,35,2,31.44,Mobile Wallet,No
CUST00357,39,Female,Premium,73.25,32,3,4.25,Mobile Wallet,No
CUST00358,63,Female,Standard,46.0,17,5,24.54,Bank Transfer,Yes
CUST00359,47,Female,Standard,51.92,51,4,21.99,Mobile Wallet,Yes
CUST00360,55,Female,Standard,52.14,8,3,27.46,Card,No
CUST00361,55,Female,Standard,40.2,21,2,12.96,Card,No
CUST00362,62,Male,Standard,45.39,23,2,12.34,Card,No
CUST00363,68,Male,Standard,33.03,51,2,14.93,Bank Transfer,No
CUST00364,25,Female,Premium,65.86,6,0,21.0,Card,No
CUST00365,44,Female,Basic,24.95,52,2,10.93,Mobile Wallet,No
CUST00366,44,Male,Basic,35.99,8,3,28.93,Cash,No
CUST00367,51,Male,Standard,39.99,69,8,27.16,Cash,No
CUST00368,38,Female,Standard,49.2,33,4,59.0,Card,No
CUST00369,47,Female,Standard,51.62,62,2,26.05,Card,No
CUST00370,50,Male,Standard,54.62,65,4,9.24,Cash,No
CUST00371,45,Male,Basic,31.91,63,1,10.58,Card,No
CUST00372,64,Female,Standard,46.87,32,3,13.39,Cash,No
CUST00373,50,Male,Standard,48.58,55,1,63.53,Mobile Wallet,No
CUST00374,22,Male,Basic,21.75,33,2,8.57,Mobile Wallet,No
CUST00375,65,Female,Standard,45.76,38,6,15.23,Card,No
CUST00376,36,Female,Basic,19.49,2,2,46.27,Mobile Wallet,No
CUST00377,21,Female,Standard,46.22,10,6,52.71,Card,No
CUST00378,52,Male,Basic,22.71,66,7,30.41,Bank Transfer,No
CUST00379,66,Female,Premium,74.5,15,4,22.08,Bank Transfer,Yes
CUST00380,34,Male,Standard,59.32,61,4,23.89,Bank Transfer,No
CUST00381,61,Female,Basic,34.75,31,1,16.54,Cash,Yes
CUST00382,45,Female,Standard,69.25,38,3,8.19,Mobile Wallet,No
CUST00383,47,Male,Premium,99.26,29,3,46.69,Cash,No
CUST00384,46,Male,Standard,47.73,43,4,17.63,Card,No
CUST00385,63,Female,Premium,98.2,23,5,14.37,Mobile Wallet,Yes
CUST00386,70,Female,Basic,35.06,25,3,37.41,Cash,No
CUST00387,23,Male,Premium,85.76,28,4,27.77,Card,Yes
CUST00388,52,Female,Standard,47.12,72,10,37.88,Cash,No
CUST00389,58,Male,Basic,34.68,1,4,20.95,Card,No
CUST00390,54,Male,Standard,36.2,20,2,64.5,Cash,No
CUST00391,41,Female,Premium,65.49,29,2,25.43,Mobile Wallet,No
CUST00392,46,Male,Standard,55.16,8,1,17.05,Bank Transfer,No
CUST00393,66,Male,Standard,59.48,62,0,21.75,Card,No
CUST00394,63,Male,Basic,31.62,14,3,22.46,Mobile Wallet,No
CUST00395,70,Female,Standard,52.88,38,2,12.89,Mobile Wallet,No
CUST00396,48,Male,Basic,36.38,3,4,18.85,Card,No
CUST00397,52,Female,Basic,21.01,3,3,29.68,Card,No
CUST00398,50,Female,Standard,50.5,55,5,25.07,Mobile Wallet,No
CUST00399,69,Female,Premium,82.14,21,2,30.27,Card,No
CUST00400,38,Male,Standard,,35,9,19.54,Cash,Yes
CUST00401,49,Male,Basic,37.4,44,6,12.43,Mobile Wallet,Yes
CUST00402,40,Female,Standard,50.44,44,4,10.4,Card,Yes
CUST00403,50,Female,Premium,80.67,43,3,37.05,Mobile Wallet,No
CUST00404,20,Male,Standard,49.5,41,2,42.79,Bank Transfer,No
CUST00405,35,Female,Standard,62.21,27,3,16.59,Card,No
CUST00406,42,Female,Premium,53.0,28,2,14.93,Card,No
CUST00407,59,Male,Standard,41.86,5,2,13.22,Cash,No
CUST00408,48,Female,Basic,30.8,43,3,19.57,Cash,No
CUST00409,20,Male,Basic,25.5,63,4,4.21,Cash,No
CUST00410,57,Male,Premium,55.57,39,3,29.54,Cash,Yes
CUST00411,63,Female,Standard,74.95,10,3,18.08,Cash,Yes
CUST00412,41,Male,Basic,15.4,63,0,35.2,Bank Transfer,No
CUST00413,67,Male,Standard,53.06,9,4,21.85,Card,No
CUST00414,49,Male,Standard,38.17,29,4,16.64,Cash,No
CUST00415,64,Female,Premium,77.16,28,2,23.76,Mobile Wallet,No
CUST00416,39,Female,Basic,24.96,11,4,43.54,Card,No
CUST00417,40,Female,Standard,39.7,15,4,24.59,Mobile Wallet,No
CUST00418,19,Male,Premium,82.34,24,2,39.32,Mobile Wallet,Yes
CUST00419,44,Male,Standard,56.9,35,2,22.37,Card,No
CUST00420,59,Female,Basic,37.12,61,2,13.98,Bank Transfer,No
CUST00421,19,Female,Premium,76.24,20,4,9.57,Bank Transfer,Yes
CUST00422,43,Male,Standard,57.26,58,3,33.81,Mobile Wallet,No
CUST00423,34,Female,Standard,66.85,63,4,22.53,Card,No
CUST00424,57,Female,Standard,59.91,60,3,15.47,Card,Yes
CUST00425,50,Female,Basic,42.71,39,5,15.34,Cash,No
CUST00426,26,Female,Premium,71.99,20,3,7.5,Card,No
CUST00427,60,Female,Standard,59.68,58,4,25.1,Mobile Wallet,No
CUST00428,65,Male,Standard,51.53,64,1,29.4,Mobile Wallet,No
CUST00429,56,Female,Basic,33.06,14,2,31.02,Card,Yes
CUST00430,46,Female,Standard,44.72,36,1,21.58,Bank Transfer,No
CUST00431,59,Male,Premium,79.68,13,6,26.86,Bank Transfer,Yes
CUST00432,43,Male,Standard,48.31,1,4,30.69,Cash,No
CUST00433,52,Male,Premium,69.76,13,1,22.82,Bank Transfer,Yes
CUST00434,67,Male,Standard,40.55,35,0,41.88,Card,No
CUST00435,42,Female,Standard,49.6,8,5,12.19,Card,No
CUST00436,41,Female,Standard,40.55,18,2,,Mobile Wallet,No
CUST00437,30,Female,Premium,86.06,34,2,31.38,Mobile Wallet,Yes
CUST00438,24,Female,Standard,54.88,52,4,5.84,Card,No
CUST00439,53,Male,Standard,45.06,70,4,19.39,Card,No
CUST00440,62,Male,Basic,44.68,58,2,36.23,Mobile Wallet,No
CUST00441,37,Female,Basic,46.17,27,3,9.32,Bank Transfer,No
CUST00442,18,Female,Standard,52.18,18,5,20.2,Bank Transfer,No
CUST00443,25,Female,Premium,74.83,57,1,17.79,Mobile Wallet,No
CUST00444,63,Female,Basic,38.48,9,3,25.02,Mobile Wallet,No
CUST00445,33,Male,Basic,32.35,64,7,17.66,Bank Transfer,No
CUST00446,31,Female,Basic,35.39,23,1,19.07,,No
CUST00447,29,Male,Standard,41.71,59,5,23.69,Bank Transfer,No
CUST00448,68,Male,Standard,58.76,67,2,9.25,Bank Transfer,No
CUST00449,40,Male,Basic,28.32,22,0,17.55,Card,No
CUST00450,32,Male,Standard,54.63,50,1,12.51,Mobile Wallet,No
CUST00451,45,Female,Standard,31.48,23,3,33.71,Mobile Wallet,No
CUST00452,51,Female,Standard,46.01,52,2,13.33,Mobile Wallet,No
CUST00453,19,Female,Standard,62.5,7,3,12.65,,Yes
CUST00454,49,Female,Basic,32.86,17,4,28.39,Card,No
CUST00455,40,Male,Standard,38.36,3,2,16.45,Mobile Wallet,Yes
CUST00456,39,Male,Basic,38.53,7,2,17.54,Mobile Wallet,Yes
CUST00457,68,Male,Basic,23.29,41,2,10.15,Card,Yes
CUST00458,42,Female,Standard,51.28,23,0,19.15,Card,Yes
CUST00459,39,Male,Basic,33.34,37,3,18.53,Card,No
CUST00460,39,Male,Standard,34.32,68,4,17.59,Card,No
CUST00461,66,Male,Basic,23.79,70,6,25.62,Mobile Wallet,No
CUST00462,69,Male,Basic,24.59,64,6,11.58,Bank Transfer,No
CUST00463,59,Female,Premium,71.57,18,5,37.64,Cash,No
CUST00464,23,Male,Standard,41.81,35,4,39.83,Bank Transfer,No
CUST00465,32,Male,Standard,59.94,23,3,42.42,Bank Transfer,No
CUST00466,60,Female,Premium,70.08,7,4,6.85,Card,No
CUST00467,54,Female,Standard,37.15,61,3,22.66,Mobile Wallet,No
CUST00468,50,Female,Standard,35.04,49,4,18.64,Cash,No
CUST00469,25,Male,Standard,54.79,57,2,29.85,Bank Transfer,No
CUST00470,70,Male,Basic,28.76,68,2,33.85,Card,No
CUST00471,61,Male,Basic,21.05,12,0,29.5,Card,No
CUST00472,61,Male,Standard,50.26,15,1,7.38,Cash,No
CUST00473,22,Female,Basic,24.1,2,2,25.69,Bank Transfer,No
CUST00474,56,Male,Basic,32.14,47,3,22.97,Bank Transfer,Yes
CUST00475,21,Male,Basic,24.52,56,1,32.98,Mobile Wallet,No
CUST00476,23,Female,Basic,33.93,14,2,25.84,Card,No
CUST00477,62,Female,Basic,23.83,27,2,40.36,Bank Transfer,No
CUST00478,49,Female,Basic,16.95,4,1,29.19,Card,Yes
CUST00479,69,Male,Basic,35.97,38,4,29.04,Card,No
CUST00480,47,Male,Basic,24.62,2,5,5.61,Mobile Wallet,No
CUST00481,64,Male,Standard,57.87,4,2,11.2,Mobile Wallet,Yes
CUST00482,52,Male,Basic,25.51,24,4,19.22,Cash,No
CUST00483,57,Male,Premium,69.78,9,5,17.72,Card,Yes
CUST00484,69,Female,Premium,63.64,19,3,10.92,Mobile Wallet,No
CUST00485,33,Female,Standard,52.46,62,1,37.6,Card,No
CUST00486,30,Male,Standard,51.58,72,0,27.8,Card,No
CUST00487,67,Male,Standard,31.42,41,4,11.5,Card,No
CUST00488,59,Male,Basic,33.88,72,6,8.16,Card,No
CUST00489,47,Male,Premium,61.22,50,1,21.99,Cash,No
CUST00490,36,Male,Basic,19.49,65,4,29.28,Card,No
CUST00491,34,Female,Premium,95.32,12,4,30.91,Cash,No
CUST00492,36,Female,Standard,63.66,39,5,27.2,Mobile Wallet,No
CUST00493,45,Female,Basic,27.05,29,3,39.58,Bank Transfer,No
CUST00494,43,Male,Standard,44.68,58,2,9.7,Cash,No
CUST00495,54,Male,Standard,37.99,67,0,22.15,Bank Transfer,Yes
CUST00496,43,Female,Basic,17.76,71,6,26.84,Cash,No
CUST00497,70,Female,Standard,51.39,25,2,5.57,Mobile Wallet,No
CUST00498,40,Male,Standard,49.95,49,4,11.59,Card,No
CUST00499,26,Female,Standard,42.38,63,1,23.36,Cash,No
CUST00500,29,Female,Basic,42.32,27,3,35.6,Mobile Wallet,No
CUST00501,70,Male,Basic,36.61,70,0,9.26,Card,No
CUST00502,18,Female,Premium,80.02,70,3,12.97,Card,No
CUST00503,18,Female,Standard,50.33,58,3,15.48,Card,No
CUST00504,64,Female,Standard,49.69,9,3,19.65,Cash,No
CUST00505,51,Male,Premium,76.9,1,3,22.08,Card,Yes
CUST00506,49,Female,Basic,29.62,65,4,27.51,Card,No
CUST00507,65,Female,Standard,46.44,24,2,40.55,Bank Transfer,No
CUST00508,42,Female,Premium,84.61,19,2,7.76,Card,No
CUST00509,57,Male,Standard,51.56,14,5,14.59,Card,No
CUST00510,62,Male,Basic,30.95,14,1,26.45,Card,No
CUST00511,70,Female,Basic,36.39,32,4,24.66,Bank Transfer,Yes
CUST00512,18,Male,Standard,,6,3,24.17,Mobile Wallet,No
CUST00513,33,Female,Basic,22.38,23,2,40.68,Mobile Wallet,No
CUST00514,56,Male,Premium,70.46,19,2,16.03,Card,No
CUST00515,22,Male,Basic,23.98,2,2,34.61,Cash,No
CUST00516,39,Female,Basic,41.32,41,3,37.26,,No
CUST00517,46,Female,Basic,29.63,53,2,21.05,Bank Transfer,No
CUST00518,20,Female,Standard,48.84,27,3,68.21,Cash,Yes
CUST00519,29,Male,Premium,76.93,8,1,18.95,Bank Transfer,Yes
CUST00520,43,Female,Standard,52.19,43,3,20.77,Bank Transfer,No
CUST00521,33,Male,Premium,69.88,33,4,48.26,Bank Transfer,Yes
CUST00522,68,Male,Basic,35.29,43,4,32.42,Card,No
CUST00523,54,Female,Basic,28.52,30,7,31.05,Card,No
CUST00524,39,Male,Premium,93.83,34,2,17.56,Card,No
CUST00525,46,Female,Premium,71.73,20,1,27.42,Mobile Wallet,Yes
CUST00526,31,Male,Premium,57.62,62,6,19.85,Mobile Wallet,Yes
CUST00527,45,Female,Standard,78.57,2,3,24.39,Mobile Wallet,No
CUST00528,22,Male,Standard,46.6,68,1,3.47,Card,No
CUST00529,64,Male,Basic,26.55,19,2,35.63,Mobile Wallet,No
CUST00530,66,Female,Premium,67.94,35,2,15.94,Card,Yes
CUST00531,47,Male,Basic,29.61,20,4,37.82,Mobile Wallet,No
CUST00532,63,Female,Standard,63.02,41,0,8.62,Card,No
CUST00533,69,Male,Standard,,29,4,31.07,Cash,Yes
CUST00534,22,Male,Basic,16.74,15,3,11.85,Mobile Wallet,No
CUST00535,29,Male,Premium,78.69,32,1,23.34,Card,No
CUST00536,33,Female,Basic,31.72,13,3,24.35,Card,No
CUST00537,43,Female,Standard,45.73,7,6,14.23,Cash,Yes
CUST00538,43,Female,Standard,46.49,54,4,15.09,Cash,No
CUST00539,65,Female,Standard,36.77,16,2,26.09,Mobile Wallet,No
CUST00540,38,Female,Standard,60.38,10,2,27.89,Cash,No
CUST00541,56,Male,Basic,23.19,56,1,15.46,Card,No
CUST00542,53,Male,Standard,35.9,66,4,11.93,Mobile Wallet,Yes
CUST00543,50,Female,Standard,60.38,38,3,13.34,Mobile Wallet,Yes
CUST00544,47,Male,Standard,49.56,53,4,14.17,Cash,No
CUST00545,54,Male,Basic,34.08,34,5,22.06,,No
CUST00546,40,Male,Basic,21.35,1,5,15.51,Mobile Wallet,No
CUST00547,27,Male,Basic,29.7,59,2,13.36,Bank Transfer,No
CUST00548,22,Female,Standard,52.34,25,2,9.04,Card,No
CUST00549,53,Male,Basic,35.29,32,4,20.38,Card,No
CUST00550,51,Female,Premium,65.21,31,6,17.67,Bank Transfer,Yes
CUST00551,69,Female,Standard,61.77,3,6,33.69,Cash,Yes
CUST00552,48,Male,Standard,32.5,66,0,6.78,Cash,No
CUST00553,27,Female,Premium,89.8,41,2,21.28,Bank Transfer,No
CUST00554,36,Male,Basic,36.39,62,5,16.0,Bank Transfer,No
CUST00555,49,Male,Premium,94.92,53,0,3.01,Cash,Yes
CUST00556,18,Male,Standard,45.05,33,5,14.51,Mobile Wallet,No
CUST00557,22,Female,Premium,78.42,13,3,28.45,Card,Yes
CUST00558,62,Female,Premium,74.32,39,2,7.0,Bank Transfer,No
CUST00559,21,Female,Basic,37.61,29,4,25.33,Mobile Wallet,Yes
CUST00560,33,Male,Standard,61.83,25,4,40.14,Card,No
CUST00561,41,Male,Standard,79.31,19,3,10.75,Card,No
CUST00562,33,Male,Standard,44.31,65,3,38.23,Mobile Wallet,No
CUST00563,19,Female,Basic,32.0,16,1,19.9,Mobile Wallet,No
CUST00564,66,Male,Basic,27.11,72,5,18.1,Cash,No
CUST00565,45,Male,Standard,50.87,71,1,6.15,Cash,No
CUST00566,49,Female,Standard,67.33,60,2,7.23,Bank Transfer,No
CUST00567,44,Female,Premium,66.84,57,0,17.82,Mobile Wallet,No
CUST00568,37,Female,Standard,40.56,45,0,27.15,Mobile Wallet,No
CUST00569,41,Male,Standard,39.99,52,5,16.37,Bank Transfer,No
CUST00570,29,Male,Basic,34.86,6,2,19.69,Card,Yes
CUST00571,67,Male,Basic,34.56,60,2,12.31,Mobile Wallet,No
CUST00572,52,Female,Standard,64.16,37,6,13.92,Bank Transfer,Yes
CUST00573,50,Female,Premium,93.26,54,3,14.82,Card,Yes
CUST00574,50,Female,Standard,39.55,4,1,30.45,Mobile Wallet,No
CUST00575,68,Female,Standard,38.24,47,3,37.56,Card,No
CUST00576,60,Male,Premium,97.25,37,3,8.9,Bank Transfer,No
CUST00577,54,Male,Premium,85.29,42,2,20.75,Mobile Wallet,No
CUST00578,29,Male,Basic,37.63,48,1,35.33,Mobile Wallet,No
CUST00579,20,Male,Basic,24.14,61,2,10.84,Card,Yes
CUST00580,18,Male,Basic,39.94,62,4,14.42,Cash,Yes
CUST00581,50,Male,Standard,37.71,55,3,11.06,Mobile Wallet,No
CUST00582,57,Male,Premium,105.11,37,5,21.84,Cash,No
CUST00583,27,Male,Basic,32.4,15,5,17.34,Card,No
CUST00584,60,Female,Basic,15.0,59,2,19.51,Cash,No
CUST00585,61,Female,Premium,77.03,63,4,6.94,Mobile Wallet,Yes
CUST00586,46,Male,Standard,58.54,66,2,27.58,Mobile Wallet,No
CUST00587,30,Female,Premium,93.93,42,4,19.26,Cash,No
CUST00588,29,Male,Standard,62.69,31,2,3.45,Card,No
CUST00589,48,Male,Standard,62.25,6,3,12.3,Card,No
CUST00590,63,Female,Basic,37.17,19,2,25.65,Bank Transfer,Yes
CUST00591,19,Male,Basic,18.99,38,4,22.33,Card,No
CUST00592,68,Male,Standard,,33,1,21.1,Card,No
CUST00593,67,Male,Standard,35.1,53,0,9.38,Card,No
CUST00594,52,Male,Basic,24.37,30,1,49.16,Card,No
CUST00595,40,Male,Premium,49.47,65,2,33.89,Bank Transfer,No
CUST00596,34,Male,Basic,17.7,14,2,30.33,Card,No
CUST00597,43,Male,Standard,54.5,10,6,30.35,Mobile Wallet,No
CUST00598,25,Female,Basic,31.26,17,6,,Bank Transfer,No
CUST00599,46,Female,Premium,69.78,15,5,19.28,Cash,Yes
CUST00600,43,Male,Basic,44.47,3,7,29.7,Mobile Wallet,No
CUST00601,27,Female,Standard,43.96,22,2,8.44,Mobile Wallet,No
CUST00602,43,Male,Basic,34.16,56,6,27.17,Mobile Wallet,No
CUST00603,51,Male,Standard,61.94,59,1,19.22,Mobile Wallet,No
CUST00604,68,Male,Standard,43.98,26,4,16.69,Mobile Wallet,No
CUST00605,58,Male,Basic,36.69,50,6,20.87,Mobile Wallet,No
CUST00606,24,Female,Basic,34.68,61,7,19.44,Mobile Wallet,No
CUST00607,21,Female,Premium,73.79,55,2,26.1,Bank Transfer,No
CUST00608,70,Female,Premium,57.98,64,3,3.15,Card,No
CUST00609,67,Female,Basic,23.28,3,3,7.86,Mobile Wallet,Yes
CUST00610,62,Male,Basic,23.8,30,3,40.64,Mobile Wallet,No
CUST00611,28,Female,Basic,29.85,58,3,7.26,Bank Transfer,No
CUST00612,46,Male,Basic,35.23,13,0,39.62,Mobile Wallet,No
CUST00613,53,Male,Premium,67.13,72,5,13.07,Mobile Wallet,Yes
CUST00614,42,Female,Standard,47.72,24,4,7.33,Bank Transfer,No
CUST00615,38,Male,Standard,35.89,69,3,11.19,Bank Transfer,No
CUST00616,53,Female,Premium,112.38,7,3,18.5,Mobile Wallet,Yes
CUST00617,27,Female,Standard,39.77,51,1,15.49,Bank Transfer,No
CUST00618,54,Female,Standard,46.31,54,8,16.06,Mobile Wallet,No
CUST00619,26,Female,Basic,33.58,51,3,9.11,Mobile Wallet,Yes
CUST00620,41,Female,Standard,67.04,27,3,25.17,Card,No
CUST00621,52,Male,Standard,51.78,12,0,8.33,Mobile Wallet,No
CUST00622,66,Female,Basic,34.45,41,4,23.39,Mobile Wallet,No
CUST00623,52,Female,Basic,16.63,33,3,16.61,Cash,No
CUST00624,65,Male,Basic,22.75,31,6,24.03,Bank Transfer,No
CUST00625,53,Female,Basic,19.34,11,3,5.52,Card,No
CUST00626,35,Female,Standard,44.44,36,3,25.08,Card,No
CUST00627,66,Male,Standard,50.44,6,1,20.19,Card,No
CUST00628,56,Male,Standard,37.17,45,6,5.02,Mobile Wallet,No
CUST00629,49,Female,Basic,26.46,60,1,21.16,Mobile Wallet,No
CUST00630,41,Male,Standard,55.98,72,2,31.82,Card,No
CUST00631,40,Female,Basic,34.64,37,4,16.04,Card,No
CUST00632,49,Male,Standard,65.45,30,6,3.31,Card,Yes
CUST00633,54,Female,Standard,52.46,38,4,25.74,Bank Transfer,No
CUST00634,29,Female,Basic,33.77,16,5,18.13,Bank Transfer,No
CUST00635,66,Female,Standard,47.87,38,2,39.43,Card,No
CUST00636,30,Male,Standard,56.32,53,4,10.64,Card,No
CUST00637,40,Female,Basic,29.55,8,1,41.91,Card,No
CUST00638,42,Male,Basic,28.89,9,2,25.65,Cash,No
CUST00639,52,Female,Premium,78.27,21,2,38.54,Cash,Yes
CUST00640,58,Female,Basic,33.91,41,3,5.09,Cash,No
CUST00641,47,Female,Premium,69.51,69,2,19.41,Bank Transfer,No
CUST00642,34,Female,Standard,43.28,19,2,12.34,Mobile Wallet,No
CUST00643,66,Female,Basic,30.13,18,3,92.39,Mobile Wallet,No
CUST00644,37,Male,Basic,26.32,5,2,36.46,Bank Transfer,No
CUST00645,65,Male,Standard,48.93,67,2,16.42,Bank Transfer,No
CUST00646,42,Male,Standard,55.9,71,4,5.26,Bank Transfer,No
CUST00647,39,Female,Standard,72.47,32,6,14.37,Card,No
CUST00648,30,Female,Premium,75.92,48,4,9.73,Mobile Wallet,No
CUST00649,36,Male,Premium,97.38,33,1,2.79,Bank Transfer,No
CUST00650,66,Female,Basic,33.49,69,3,7.32,Cash,No
CUST00651,53,Female,Premium,79.24,72,3,38.75,Card,No
CUST00652,29,Female,Premium,98.37,2,2,28.79,Card,No
CUST00653,58,Male,Premium,66.46,54,7,29.3,Mobile Wallet,Yes
CUST00654,36,Male,Standard,,42,0,25.02,Card,No
CUST00655,29,Male,Standard,54.83,35,2,48.55,Card,No
CUST00656,26,Male,Standard,54.14,61,5,16.81,Bank Transfer,No
CUST00657,24,Male,Basic,19.34,60,2,45.35,Card,No
CUST00658,45,Female,Premium,78.71,49,2,46.26,Bank Transfer,No
CUST00659,31,Female,Basic,15.5,23,0,19.03,Mobile Wallet,No
CUST00660,48,Female,Basic,22.12,68,0,23.1,Bank Transfer,No
CUST00661,69,Female,Premium,85.77,35,7,61.29,Bank Transfer,No
CUST00662,36,Male,Basic,25.63,14,2,34.66,Bank Transfer,No
CUST00663,64,Male,Premium,84.16,22,3,27.4,,Yes
CUST00664,33,Female,Standard,32.5,30,3,9.03,Cash,No
CUST00665,70,Male,Basic,34.38,3,8,22.28,Cash,Yes
CUST00666,22,Female,Standard,47.51,10,1,27.95,,No
CUST00667,52,Female,Standard,52.57,67,1,30.69,Card,No
CUST00668,29,Female,Standard,52.94,41,0,8.98,Bank Transfer,No
CUST00669,42,Female,Premium,81.34,48,2,51.15,Mobile Wallet,No
CUST00670,69,Male,Premium,97.98,50,3,8.57,Card,No
CUST00671,38,Female,Basic,28.37,69,1,15.25,,No
CUST00672,53,Male,Basic,34.14,58,4,47.9,Mobile Wallet,No
CUST00673,70,Female,Premium,97.92,15,0,42.36,Card,No
CUST00674,40,Female,Standard,50.19,48,4,28.45,Bank Transfer,No
CUST00675,33,Female,Basic,19.72,6,5,13.25,Card,No
CUST00676,56,Female,Premium,80.6,4,4,12.12,Card,No
CUST00677,62,Male,Premium,85.44,23,6,18.31,Bank Transfer,No
CUST00678,70,Female,Standard,54.16,45,2,18.0,Card,No
CUST00679,59,Male,Standard,43.42,65,2,12.88,Mobile Wallet,Yes
CUST00680,56,Female,Standard,48.98,56,4,32.96,Card,No
CUST00681,31,Female,Standard,37.0,63,3,14.64,Mobile Wallet,No
CUST00682,48,Female,Premium,88.84,15,5,38.53,Card,Yes
CUST00683,22,Male,Premium,87.29,4,4,11.99,Bank Transfer,Yes
CUST00684,52,Female,Standard,61.66,32,6,16.05,Mobile Wallet,Yes
CUST00685,40,Female,Standard,58.78,9,2,21.3,Card,Yes
CUST00686,46,Female,Premium,60.98,57,6,13.6,Card,No
CUST00687,60,Female,Basic,29.14,67,3,8.6,Cash,No
CUST00688,28,Female,Basic,25.39,39,4,35.23,Card,No
CUST00689,35,Male,Premium,54.39,40,2,25.42,Card,No
CUST00690,64,Male,Basic,41.95,16,3,45.57,Mobile Wallet,Yes
CUST00691,29,Female,Basic,36.69,10,4,34.56,Card,No
CUST00692,26,Female,Basic,22.14,53,3,15.24,Mobile Wallet,No
CUST00693,27,Male,Standard,48.91,65,2,48.24,Card,No
CUST00694,61,Female,Basic,33.06,50,4,30.71,Bank Transfer,No
CUST00695,34,Male,Basic,31.2,29,1,7.51,Mobile Wallet,No
CUST00696,55,Female,Premium,69.48,18,4,34.0,Card,Yes
CUST00697,24,Female,Standard,68.14,52,1,11.87,Mobile Wallet,No
CUST00698,63,Male,Standard,74.18,32,5,47.58,Card,Yes
CUST00699,30,Female,Basic,40.35,33,3,26.02,Card,No
CUST00700,57,Male,Standard,59.57,11,3,13.69,Bank Transfer,No
CUST00701,59,Male,Standard,73.69,29,0,21.98,Card,No
CUST00702,26,Male,Standard,43.82,20,1,9.05,Bank Transfer,No
CUST00703,67,Female,Basic,,22,2,14.4,Cash,No
CUST00704,44,Male,Standard,59.64,72,0,8.63,Card,No
CUST00705,19,Male,Premium,53.4,15,3,7.91,Cash,No
CUST00706,22,Female,Standard,37.97,35,1,16.59,Bank Transfer,No
CUST00707,46,Female,Standard,42.87,34,1,11.44,Card,No
CUST00708,54,Female,Standard,34.4,20,2,11.86,Card,No
CUST00709,55,Female,Standard,66.99,56,2,9.77,Card,No
CUST00710,36,Female,Standard,64.54,51,1,28.47,Cash,No
CUST00711,25,Female,Basic,38.27,50,2,51.28,Card,No
CUST00712,65,Male,Standard,48.55,30,4,28.14,Card,No
CUST00713,62,Female,Premium,61.86,25,6,16.82,Mobile Wallet,No
CUST00714,18,Male,Standard,66.72,71,6,25.7,Mobile Wallet,No
CUST00715,39,Female,Basic,18.82,4,0,8.62,Bank Transfer,Yes
CUST00716,69,Male,Basic,33.07,63,5,35.75,Mobile Wallet,No
CUST00717,34,Male,Standard,62.48,22,2,16.22,Card,Yes
CUST00718,24,Female,Premium,74.08,57,4,10.02,Mobile Wallet,No
CUST00719,42,Female,Standard,41.65,54,3,13.75,Card,No
CUST00720,62,Male,Standard,51.66,4,2,17.88,Mobile Wallet,Yes
CUST00721,21,Female,Basic,34.27,65,3,22.07,Cash,No
CUST00722,53,Female,Standard,53.72,48,2,19.75,Bank Transfer,No
CUST00723,23,Male,Standard,47.48,23,7,37.38,Card,No
CUST00724,48,Male,Premium,94.88,23,5,27.99,Cash,Yes
CUST00725,36,Male,Basic,23.47,6,5,42.05,Card,No
CUST00726,61,Female,Standard,54.53,69,0,26.6,Mobile Wallet,No
CUST00727,56,Female,Standard,52.11,64,5,13.93,Bank Transfer,No
CUST00728,44,Female,Standard,38.19,71,7,19.33,Card,No
CUST00729,27,Female,Premium,76.17,5,3,11.53,Card,Yes
CUST00730,43,Male,Basic,44.39,33,1,4.85,Card,No
CUST00731,36,Female,Basic,15.0,26,4,37.21,Cash,No
CUST00732,56,Male,Standard,32.7,59,4,24.92,Mobile Wallet,No
CUST00733,20,Female,Standard,45.65,34,2,36.7,Bank Transfer,No
CUST00734,62,Female,Basic,33.27,26,1,36.55,Cash,No
CUST00735,30,Male,Standard,55.33,66,3,72.1,Bank Transfer,No
CUST00736,67,Female,Standard,52.75,20,5,13.2,Bank Transfer,No
CUST00737,45,Female,Premium,61.21,14,2,18.36,Bank Transfer,No
CUST00738,37,Male,Basic,30.0,71,2,28.68,Mobile Wallet,No
CUST00739,45,Female,Premium,75.82,8,3,24.1,Mobile Wallet,No
CUST00740,25,Male,Basic,15.0,58,1,11.65,Mobile Wallet,No
CUST00741,58,Male,Basic,29.07,1,4,9.45,Card,No
CUST00742,56,Male,Basic,29.67,31,3,66.1,Bank Transfer,No
CUST00743,18,Male,Premium,52.49,8,2,20.25,Card,No
CUST00744,20,Female,Basic,24.22,60,3,7.7,Card,Yes
CUST00745,30,Female,Standard,41.7,62,3,7.69,Mobile Wallet,No
CUST00746,45,Female,Standard,57.29,10,2,45.07,Mobile Wallet,No
CUST00747,66,Male,Premium,89.83,18,6,44.02,Bank Transfer,Yes
CUST00748,42,Female,Premium,89.37,66,3,43.91,Card,No
CUST00749,50,Female,Standard,56.44,66,6,8.28,Mobile Wallet,Yes
CUST00750,55,Female,Premium,75.89,52,4,23.56,Card,No
CUST00751,70,Female,Standard,62.69,67,2,41.83,Mobile Wallet,No
CUST00752,23,Male,Premium,58.22,9,1,3.49,Card,Yes
CUST00753,61,Male,Basic,18.62,48,5,31.85,Bank Transfer,No
CUST00754,62,Female,Basic,25.76,60,4,30.16,Mobile Wallet,No
CUST00755,49,Male,Standard,42.4,52,8,17.34,Card,No
CUST00756,62,Female,Standard,48.57,43,4,25.14,Bank Transfer,No
CUST00757,64,Female,Standard,58.12,50,2,7.89,Bank Transfer,No
CUST00758,38,Female,Standard,57.82,14,2,19.04,Card,Yes
CUST00759,33,Male,Standard,53.97,18,5,9.04,Mobile Wallet,No
CUST00760,38,Female,Standard,47.81,34,3,7.33,Bank Transfer,No
CUST00761,28,Male,Basic,48.36,41,0,32.32,Bank Transfer,No
CUST00762,54,Male,Premium,83.33,49,0,24.96,Cash,No
CUST00763,53,Female,Premium,70.0,69,5,28.22,Cash,Yes
CUST00764,52,Male,Premium,66.72,9,0,9.4,Card,No
CUST00765,36,Male,Standard,40.39,48,5,12.85,Card,No
CUST00766,37,Female,Standard,42.96,12,4,17.37,Card,Yes
CUST00767,35,Male,Premium,75.43,65,1,38.33,Mobile Wallet,No
CUST00768,64,Male,Premium,60.45,14,4,13.3,Card,No
CUST00769,58,Female,Standard,36.32,64,4,11.1,Bank Transfer,No
CUST00770,66,Female,Standard,45.15,26,5,11.15,Bank Transfer,No
CUST00771,31,Male,Standard,46.43,7,2,20.81,Mobile Wallet,No
CUST00772,32,Female,Standard,47.98,55,4,49.51,Card,No
CUST00773,48,Female,Basic,19.1,59,2,11.5,Card,No
CUST00774,18,Male,Standard,74.72,56,2,10.59,Cash,No
CUST00775,70,Male,Premium,67.73,68,4,29.49,Mobile Wallet,No
CUST00776,20,Female,Standard,44.05,30,2,24.62,Mobile Wallet,No
CUST00777,33,Male,Standard,39.02,23,2,14.92,Card,No
CUST00778,40,Female,Standard,57.63,17,1,7.49,Card,No
CUST00779,28,Female,Premium,67.79,2,3,19.71,Bank Transfer,Yes
CUST00780,29,Male,Standard,32.21,72,2,6.97,Card,No
CUST00781,27,Male,Standard,49.66,70,0,43.98,Bank Transfer,No
CUST00782,49,Female,Standard,54.65,39,6,29.54,Mobile Wallet,No
CUST00783,33,Female,Standard,49.11,48,0,9.66,Mobile Wallet,No
CUST00784,25,Female,Standard,70.29,5,2,7.43,Card,No
CUST00785,55,Female,Standard,44.8,21,1,37.49,Card,No
CUST00786,29,Male,Standard,46.97,50,3,7.13,Bank Transfer,No
CUST00787,41,Female,Standard,49.6,20,4,39.55,Card,No
CUST00788,45,Male,Basic,35.71,71,2,62.28,Bank Transfer,No
CUST00789,70,Male,Basic,27.18,27,4,20.4,,No
CUST00790,25,Female,Basic,31.49,2,1,40.53,Card,No
CUST00791,45,Male,Premium,75.5,47,3,43.56,Bank Transfer,No
CUST00792,53,Male,Basic,31.54,40,1,20.88,Card,No
CUST00793,43,Female,Basic,34.73,36,1,20.08,Mobile Wallet,No
CUST00794,25,Male,Basic,18.04,71,2,22.93,Mobile Wallet,No
CUST00795,67,Male,Standard,49.56,13,3,26.37,Bank Transfer,No
CUST00796,45,Female,Basic,31.61,22,2,39.89,Bank Transfer,No
CUST00797,45,Female,Standard,42.47,18,2,18.94,Bank Transfer,No
CUST00798,54,Female,Basic,25.82,6,3,28.88,Card,Yes
CUST00799,58,Female,Premium,74.76,68,1,35.88,Card,No
CUST00800,53,Female,Premium,90.85,67,4,29.01,Bank Transfer,Yes
CUST00801,44,Female,Premium,98.35,52,4,5.72,Bank Transfer,Yes
CUST00802,34,Female,Standard,57.96,70,4,28.56,Bank Transfer,Yes
CUST00803,26,Male,Standard,85.43,3,3,27.47,Mobile Wallet,No
CUST00804,50,Male,Standard,50.29,17,0,23.52,Card,No
CUST00805,70,Female,Standard,15.0,66,3,36.09,Mobile Wallet,No
CUST00806,37,Male,Standard,44.89,57,1,25.02,Mobile Wallet,No
CUST00807,30,Male,Basic,27.29,22,5,33.42,Mobile Wallet,No
CUST00808,45,Female,Standard,65.5,11,4,15.61,Cash,No
CUST00809,65,Male,Basic,35.74,36,11,33.19,Card,No
CUST00810,46,Female,Standard,63.26,53,3,29.05,Bank Transfer,No
CUST00811,30,Male,Standard,58.04,40,1,15.3,Bank Transfer,No
CUST00812,63,Female,Standard,52.94,35,3,23.4,Card,Yes
CUST00813,52,Male,Premium,52.16,43,4,19.55,Mobile Wallet,No
CUST00814,23,Male,Standard,52.84,45,3,22.24,Card,No
CUST00815,35,Male,Standard,61.38,41,2,8.19,Card,No
CUST00816,68,Female,Standard,47.5,64,2,22.52,Bank Transfer,No
CUST00817,22,Male,Basic,25.64,15,3,28.85,Card,No
CUST00818,64,Male,Standard,54.1,44,3,42.02,Mobile Wallet,Yes
CUST00819,42,Female,Premium,82.43,42,5,4.28,Card,No
CUST00820,19,Female,Premium,87.89,59,8,26.03,Card,Yes
CUST00821,27,Male,Standard,71.85,4,4,23.12,Mobile Wallet,No
CUST00822,47,Male,Basic,29.03,71,4,17.41,Card,No
CUST00823,67,Male,Basic,35.8,29,6,8.63,Bank Transfer,Yes
CUST00824,62,Male,Standard,55.99,41,1,7.93,Cash,No
CUST00825,22,Female,Premium,72.5,6,2,8.57,Mobile Wallet,Yes
CUST00826,50,Male,Standard,38.54,39,2,7.54,Card,No
CUST00827,18,Male,Premium,62.72,66,1,17.95,Card,No
CUST00828,35,Female,Standard,41.41,27,4,11.38,,No
CUST00829,49,Male,Basic,31.26,7,2,13.53,Card,Yes
CUST00830,64,Male,Basic,30.28,11,2,10.05,Bank Transfer,No
CUST00831,66,Male,Basic,28.45,32,2,17.79,Cash,No
CUST00832,28,Female,Standard,45.68,51,3,21.79,Cash,No
CUST00833,38,Female,Basic,22.15,40,3,42.53,Mobile Wallet,No
CUST00834,43,Male,Standard,73.07,7,5,37.02,Bank Transfer,No
CUST00835,42,Male,Standard,62.82,1,3,27.78,Mobile Wallet,No
CUST00836,39,Female,Basic,38.83,25,4,37.91,Card,Yes
CUST00837,44,Male,Basic,28.53,6,5,29.15,Cash,No
CUST00838,66,Male,Basic,40.7,16,0,28.87,Mobile Wallet,No
CUST00839,30,Female,Standard,39.63,15,0,67.26,Bank Transfer,No
CUST00840,50,Female,Standard,48.51,22,2,34.72,Cash,No
CUST00841,51,Female,Basic,28.13,18,4,28.09,Card,No
CUST00842,58,Male,Premium,59.43,50,5,41.12,Bank Transfer,No
CUST00843,52,Male,Standard,60.22,72,2,5.63,Mobile Wallet,No
CUST00844,18,Male,Standard,61.48,10,6,29.68,Card,Yes
CUST00845,38,Male,Standard,28.67,49,1,13.96,Mobile Wallet,No
CUST00846,65,Female,Premium,80.51,70,5,42.62,Mobile Wallet,No
CUST00847,23,Male,Standard,45.64,10,3,20.31,Card,No
CUST00848,45,Male,Standard,48.33,39,0,25.48,Card,No
CUST00849,34,Female,Standard,52.14,58,5,11.88,Bank Transfer,No
CUST00850,22,Female,Standard,53.18,71,3,30.72,Bank Transfer,No
CUST00851,48,Male,Standard,36.29,42,1,20.11,Mobile Wallet,No
CUST00852,22,Female,Standard,66.27,45,6,5.45,Card,No
CUST00853,55,Female,Premium,81.81,28,3,22.11,Mobile Wallet,No
CUST00854,20,Male,Premium,72.87,5,1,14.43,Card,No
CUST00855,70,Male,Basic,41.52,57,1,25.5,Card,No
CUST00856,40,Male,Basic,35.08,29,2,63.1,Cash,Yes
CUST00857,54,Male,Basic,30.74,55,2,17.51,Card,No
CUST00858,70,Female,Standard,58.99,23,2,10.68,Card,Yes
CUST00859,54,Female,Standard,62.74,57,5,34.3,Cash,No
CUST00860,27,Male,Basic,19.76,18,2,12.98,Cash,No
CUST00861,27,Male,Basic,34.85,26,3,18.46,Mobile Wallet,No
CUST00862,36,Female,Basic,31.75,5,6,10.57,Mobile Wallet,No
CUST00863,34,Male,Basic,36.93,8,3,24.85,Bank Transfer,Yes
CUST00864,38,Male,Basic,15.0,19,3,36.67,Cash,No
CUST00865,31,Male,Standard,31.06,28,4,31.3,Mobile Wallet,No
CUST00866,26,Male,Basic,23.0,68,2,19.17,Mobile Wallet,No
CUST00867,63,Female,Basic,22.17,50,3,8.98,Card,No
CUST00868,18,Male,Premium,67.68,65,4,28.78,Card,No
CUST00869,68,Female,Premium,72.46,8,5,45.63,Bank Transfer,Yes
CUST00870,62,Male,Basic,23.9,60,4,12.56,Card,No
CUST00871,30,Male,Basic,22.28,58,3,42.31,Bank Transfer,No
CUST00872,21,Female,Standard,50.93,27,2,32.97,Cash,No
CUST00873,18,Male,Standard,36.03,33,2,34.25,Mobile Wallet,No
CUST00874,66,Female,Basic,29.53,46,2,14.19,Mobile Wallet,No
CUST00875,57,Male,Basic,35.82,37,5,23.0,Mobile Wallet,No
CUST00876,49,Male,Basic,48.65,69,3,17.15,Mobile Wallet,No
CUST00877,51,Male,Standard,47.3,15,3,21.71,Card,No
CUST00878,45,Male,Premium,80.72,67,6,5.67,Card,Yes
CUST00879,48,Male,Standard,,28,1,16.0,Card,Yes
CUST00880,25,Female,Standard,59.29,63,2,15.28,Card,No
CUST00881,56,Female,Standard,51.82,3,2,40.5,Cash,No
CUST00882,43,Male,Standard,67.82,52,3,27.12,Card,No
CUST00883,51,Male,Standard,67.41,44,4,37.27,Card,No
CUST00884,20,Female,Basic,35.43,60,5,12.52,Mobile Wallet,No
CUST00885,67,Female,Standard,38.83,58,6,50.23,Bank Transfer,Yes
CUST00886,29,Male,Premium,60.94,14,3,38.07,Bank Transfer,No
CUST00887,18,Male,Standard,68.03,6,4,31.14,Mobile Wallet,Yes
CUST00888,61,Female,Premium,,19,3,21.09,Bank Transfer,Yes
CUST00889,22,Male,Standard,46.11,62,4,14.86,Bank Transfer,No
CUST00890,47,Female,Standard,50.11,5,4,35.14,Bank Transfer,No
CUST00891,47,Male,Basic,19.32,49,4,10.51,Bank Transfer,No
CUST00892,34,Female,Standard,36.9,51,2,16.37,Card,No
CUST00893,65,Female,Premium,83.68,26,5,27.83,Bank Transfer,No
CUST00894,64,Male,Standard,50.14,56,3,11.39,Bank Transfer,No
CUST00895,40,Female,Basic,19.31,18,2,37.66,Mobile Wallet,No
CUST00896,32,Male,Basic,18.05,45,5,2.16,Card,No
CUST00897,54,Male,Standard,42.96,9,3,48.01,Bank Transfer,No
CUST00898,38,Male,Standard,45.84,2,2,22.1,Mobile Wallet,No
CUST00899,31,Male,Standard,42.76,42,3,58.16,Card,No
CUST00900,19,Female,Premium,74.98,70,4,23.52,Cash,No
CUST00901,28,Male,Standard,38.23,72,4,28.19,Card,No
CUST00902,68,Male,Standard,61.83,68,3,52.08,Mobile Wallet,No
CUST00903,56,Male,Basic,29.22,31,7,11.58,Card,No
CUST00904,55,Male,Basic,25.54,19,4,20.52,Mobile Wallet,Yes
CUST00905,51,Female,Standard,48.22,71,3,9.6,Mobile Wallet,No
CUST00906,55,Male,Premium,82.37,47,0,18.99,Card,No
CUST00907,67,Female,Standard,49.24,37,1,46.37,Card,No
CUST00908,51,Female,Standard,57.31,19,2,29.35,Mobile Wallet,Yes
CUST00909,35,Female,Basic,37.05,25,6,9.46,Card,No
CUST00910,47,Male,Premium,65.68,53,2,45.96,Card,No
CUST00911,32,Male,Premium,90.57,4,1,37.38,Card,Yes
CUST00912,44,Male,Standard,60.84,46,3,21.33,Card,Yes
CUST00913,68,Male,Basic,35.56,31,2,30.38,Cash,No
CUST00914,51,Female,Standard,40.38,36,4,12.54,Bank Transfer,No
CUST00915,69,Female,Premium,83.61,4,2,56.51,Mobile Wallet,No
CUST00916,55,Male,Standard,48.01,2,2,10.87,Card,Yes
CUST00917,50,Male,Standard,36.85,39,0,30.04,Bank Transfer,No
CUST00918,41,Male,Basic,23.01,44,1,68.19,Card,No
CUST00919,32,Male,Basic,24.49,19,3,21.32,Bank Transfer,No
CUST00920,47,Male,Basic,15.28,41,3,10.32,Bank Transfer,No
CUST00921,59,Male,Premium,70.36,38,4,48.16,Mobile Wallet,No
CUST00922,68,Male,Standard,42.45,65,2,12.55,Mobile Wallet,No
CUST00923,34,Female,Standard,61.29,35,5,4.04,Mobile Wallet,No
CUST00924,22,Female,Basic,19.0,11,3,16.67,Mobile Wallet,No
CUST00925,46,Female,Premium,83.25,59,1,41.54,Card,No
CUST00926,21,Female,Premium,69.46,70,5,28.8,Mobile Wallet,No
CUST00927,27,Male,Basic,36.74,43,3,38.05,Card,No
CUST00928,34,Male,Premium,68.08,5,2,15.69,Bank Transfer,No
CUST00929,27,Male,Basic,27.58,26,4,27.53,Card,No
CUST00930,34,Male,Basic,27.57,32,3,79.1,Mobile Wallet,No
CUST00931,37,Male,Basic,34.16,47,3,11.01,Card,No
CUST00932,41,Female,Premium,79.25,56,4,35.78,Bank Transfer,No
CUST00933,22,Male,Premium,91.38,50,4,19.31,Bank Transfer,Yes
CUST00934,51,Female,Basic,25.39,58,2,15.66,Card,No
CUST00935,23,Male,Standard,49.64,28,5,17.04,Bank Transfer,No
CUST00936,70,Female,Standard,59.46,55,2,32.15,Mobile Wallet,No
CUST00937,19,Male,Premium,81.31,58,5,23.06,Cash,No
CUST00938,30,Female,Basic,34.48,40,5,21.98,Bank Transfer,No
CUST00939,60,Male,Standard,46.39,58,1,5.53,Mobile Wallet,No
CUST00940,60,Male,Standard,,72,3,13.1,Bank Transfer,No
CUST00941,65,Male,Basic,45.76,46,4,35.08,Mobile Wallet,No
CUST00942,28,Male,Standard,48.6,45,7,61.51,Cash,No
CUST00943,68,Female,Standard,53.03,10,4,17.84,Mobile Wallet,No
CUST00944,64,Male,Basic,38.87,48,2,41.44,Card,No
CUST00945,40,Female,Premium,85.41,62,1,17.2,Cash,No
CUST00946,33,Male,Basic,24.78,28,3,29.71,Mobile Wallet,No
CUST00947,48,Female,Premium,56.18,20,6,28.57,Cash,No
CUST00948,28,Male,Basic,23.71,70,2,28.7,Cash,No
CUST00949,33,Male,Basic,29.55,41,4,40.79,Bank Transfer,No
CUST00950,25,Female,Basic,29.05,6,2,79.01,Card,No
CUST00951,21,Male,Standard,66.24,11,2,20.85,Cash,No
CUST00952,57,Male,Standard,48.14,30,6,26.36,Cash,No
CUST00953,21,Female,Basic,30.61,3,3,16.44,Bank Transfer,No
CUST00954,42,Male,Basic,23.55,72,2,16.21,Bank Transfer,No
CUST00955,20,Female,Standard,50.81,33,2,,Cash,No
CUST00956,49,Male,Standard,39.23,54,4,14.4,Cash,No
CUST00957,20,Female,Standard,69.3,47,3,23.22,Bank Transfer,No
CUST00958,44,Female,Basic,32.4,10,5,27.97,Card,No
CUST00959,46,Female,Standard,42.37,19,3,8.42,Mobile Wallet,No
CUST00960,49,Female,Standard,44.38,9,3,13.43,Mobile Wallet,No
CUST00961,67,Male,Premium,72.27,7,5,45.77,Bank Transfer,Yes
CUST00962,68,Male,Standard,56.73,61,1,30.19,Mobile Wallet,No
CUST00963,36,Female,Basic,25.45,14,3,82.5,Bank Transfer,No
CUST00964,38,Male,Basic,37.22,2,3,16.18,Card,Yes
CUST00965,22,Male,Standard,65.8,22,3,36.8,Card,Yes
CUST00966,35,Male,Standard,62.37,60,2,16.83,Card,No
CUST00967,45,Female,Premium,67.0,45,1,35.61,Mobile Wallet,No
CUST00968,59,Male,Standard,50.02,20,3,27.43,Cash,No
CUST00969,39,Male,Standard,58.84,26,6,15.69,Mobile Wallet,No
CUST00970,38,Female,Standard,47.14,59,2,75.1,Bank Transfer,No
CUST00971,23,Male,Standard,45.12,68,5,30.91,Bank Transfer,No
CUST00972,18,Female,Basic,31.97,39,4,13.02,Card,No
CUST00973,22,Female,Basic,41.5,23,2,14.45,Card,No
CUST00974,58,Female,Standard,39.44,25,3,9.3,Bank Transfer,No
CUST00975,29,Male,Basic,27.96,53,2,20.3,Mobile Wallet,No
CUST00976,43,Male,Basic,36.92,11,2,38.25,Cash,No
CUST00977,63,Female,Basic,31.76,25,3,23.54,Cash,No
CUST00978,51,Female,Basic,33.9,31,4,49.47,Mobile Wallet,No
CUST00979,66,Female,Basic,23.96,46,2,67.88,Cash,No
CUST00980,31,Female,Standard,57.71,27,4,9.61,Card,No
CUST00981,43,Female,Standard,39.83,63,2,20.7,Bank Transfer,No
CUST00982,62,Female,Standard,34.75,47,5,21.68,Cash,No
CUST00983,44,Male,Standard,44.47,14,7,15.24,Mobile Wallet,No
CUST00984,26,Female,Premium,58.38,23,5,17.45,Bank Transfer,No
CUST00985,43,Female,Basic,24.77,16,3,22.79,Mobile Wallet,No
CUST00986,64,Female,Standard,53.66,20,2,3.43,Mobile Wallet,No
CUST00987,39,Male,Basic,20.67,3,3,31.49,Card,Yes
CUST00988,64,Male,Standard,55.84,6,5,17.22,Cash,Yes
CUST00989,47,Male,Premium,79.68,29,0,30.26,Mobile Wallet,No
CUST00990,60,Male,Standard,43.23,4,3,64.14,Bank Transfer,No
CUST00991,65,Female,Standard,54.8,65,4,28.73,Bank Transfer,No
CUST00992,34,Male,Standard,53.14,8,3,15.12,Bank Transfer,No
CUST00993,43,Female,Standard,43.84,48,4,32.65,Mobile Wallet,No
CUST00994,53,Female,Basic,35.23,16,2,34.82,Mobile Wallet,No
CUST00995,18,Female,Standard,58.52,47,1,15.74,Cash,No
CUST00996,25,Female,Standard,36.85,31,3,33.67,Mobile Wallet,No
CUST00997,66,Female,Basic,39.31,29,3,21.56,Cash,No
CUST00998,52,Female,Basic,28.1,68,2,24.55,Bank Transfer,No
CUST00999,69,Male,Premium,94.25,43,3,35.43,Card,No
CUST01000,32,Male,Basic,21.39,34,2,29.18,Cash,No
CUST01001,64,Male,Basic,28.76,6,2,32.53,Mobile Wallet,Yes
CUST01002,39,Male,Standard,34.23,49,2,18.07,Cash,No
CUST01003,31,Male,Basic,36.05,60,2,10.01,Cash,No
CUST01004,43,Female,Standard,39.51,51,2,18.79,Card,No
CUST01005,45,Male,Standard,60.32,9,2,18.29,Bank Transfer,Yes
CUST01006,40,Male,Standard,37.07,5,4,25.24,Card,No
CUST01007,31,Male,Basic,24.38,64,3,15.61,Card,No
CUST01008,41,Female,Standard,33.02,16,4,4.22,Card,No
CUST01009,19,Female,Premium,72.42,59,3,38.98,Card,No
CUST01010,62,Female,Basic,36.19,56,3,22.63,Card,No
CUST01011,43,Male,Basic,25.05,65,4,53.82,Mobile Wallet,No
CUST01012,31,Male,Premium,87.59,35,1,15.44,Mobile Wallet,Yes
CUST01013,68,Male,Basic,43.2,10,0,16.85,Card,No
CUST01014,24,Male,Standard,42.33,47,2,8.36,Card,No
CUST01015,20,Male,Basic,29.21,35,8,17.27,Bank Transfer,No
CUST01016,64,Female,Basic,,62,4,27.11,Mobile Wallet,No
CUST01017,40,Male,Basic,20.67,33,3,44.57,Mobile Wallet,No
CUST01018,63,Female,Standard,54.07,15,4,19.94,Cash,Yes
CUST01019,60,Male,Standard,72.52,35,5,15.43,Bank Transfer,No
CUST01020,64,Female,Basic,37.87,10,4,28.69,Cash,No
CUST01021,62,Female,Premium,75.4,20,2,10.59,Cash,No
CUST01022,35,Female,Standard,37.27,8,2,6.56,Mobile Wallet,No
CUST01023,55,Female,Premium,79.61,8,3,9.15,Mobile Wallet,No
CUST01024,52,Male,Premium,70.07,13,2,11.84,Cash,Yes
CUST01025,68,Male,Standard,62.53,59,1,10.27,Card,No
CUST01026,32,Male,Premium,80.25,47,1,39.07,Bank Transfer,No
CUST01027,42,Female,Standard,56.92,60,3,35.29,Cash,No
CUST01028,54,Male,Premium,72.15,41,1,18.2,Mobile Wallet,No
CUST01029,45,Male,Basic,34.32,52,1,30.5,Card,No
CUST01030,27,Male,Basic,47.06,54,3,21.64,Bank Transfer,No
CUST01031,56,Male,Standard,46.97,36,5,14.51,Mobile Wallet,Yes
CUST01032,34,Female,Standard,44.64,69,1,36.91,Cash,No
CUST01033,56,Female,Premium,59.69,13,6,28.74,Bank Transfer,Yes
CUST01034,39,Male,Premium,59.16,72,2,24.87,Cash,No
CUST01035,43,Male,Basic,27.22,11,1,28.06,Bank Transfer,No
CUST01036,61,Male,Premium,58.87,8,3,23.88,Card,Yes
CUST01037,42,Female,Basic,15.0,31,4,11.66,Bank Transfer,No
CUST01038,34,Female,Basic,15.0,62,5,23.42,Mobile Wallet,No
CUST01039,30,Female,Standard,48.59,12,3,24.14,Bank Transfer,Yes
CUST01040,37,Male,Basic,28.61,11,4,10.54,Bank Transfer,No
CUST01041,42,Female,Standard,58.88,17,0,43.02,Card,Yes
CUST01042,21,Female,Standard,41.27,27,2,19.19,Card,No
CUST01043,27,Female,Basic,26.1,13,0,23.76,Card,No
CUST01044,20,Female,Standard,42.3,44,2,19.22,Mobile Wallet,No
CUST01045,58,Female,Standard,44.53,58,3,24.35,Mobile Wallet,No
CUST01046,62,Male,Basic,22.51,30,4,20.94,Cash,No
CUST01047,35,Male,Basic,35.35,13,5,35.8,Card,No
CUST01048,64,Male,Premium,68.51,8,3,100.0,Cash,Yes
CUST01049,53,Male,Premium,71.84,69,2,5.6,Cash,No
CUST01050,64,Female,Basic,35.35,64,0,8.89,Mobile Wallet,No
CUST01051,39,Male,Basic,33.09,52,1,20.89,Card,No
CUST01052,51,Male,Premium,73.77,6,1,19.29,Cash,No
CUST01053,64,Male,Standard,64.19,71,7,32.51,Mobile Wallet,No
CUST01054,25,Female,Basic,32.71,54,1,14.68,Mobile Wallet,No
CUST01055,57,Male,Standard,52.73,22,3,45.16,Bank Transfer,No
CUST01056,66,Female,Standard,30.79,63,3,,Card,No
CUST01057,61,Female,Standard,52.62,37,3,50.92,Card,No
CUST01058,36,Female,Basic,29.81,56,3,17.54,Card,No
CUST01059,59,Male,Standard,53.14,41,5,17.07,Card,No
CUST01060,58,Female,Basic,24.96,60,10,42.79,Mobile Wallet,No
CUST01061,54,Male,Premium,69.02,20,3,39.32,Mobile Wallet,Yes
CUST01062,23,Male,Standard,57.22,69,1,15.89,Card,No
CUST01063,69,Male,Standard,46.12,45,5,33.49,Card,Yes
CUST01064,43,Female,Standard,51.78,58,3,,Cash,No
CUST01065,51,Female,Standard,28.97,37,5,35.04,Mobile Wallet,No
CUST01066,62,Male,Premium,74.1,39,5,10.74,Mobile Wallet,No
CUST01067,23,Female,Basic,27.69,3,8,14.42,Card,No
CUST01068,54,Female,Premium,79.98,38,1,20.33,Bank Transfer,Yes
CUST01069,50,Female,Basic,36.1,46,6,15.44,Cash,Yes
CUST01070,70,Male,Basic,38.12,49,1,18.19,Mobile Wallet,No
CUST01071,39,Female,Standard,32.07,34,1,6.67,Cash,No
CUST01072,38,Female,Standard,42.19,26,3,22.9,Card,No
CUST01073,23,Male,Premium,72.41,2,2,46.4,Card,No
CUST01074,23,Female,Standard,49.46,56,1,20.85,Mobile Wallet,No
CUST01075,65,Male,Standard,56.91,7,2,29.19,Bank Transfer,No
CUST01076,21,Female,Premium,64.22,36,1,13.81,Card,No
CUST01077,47,Female,Basic,26.35,40,2,44.64,Mobile Wallet,No
CUST01078,28,Female,Premium,73.17,26,5,32.55,Mobile Wallet,No
CUST01079,47,Female,Standard,61.35,69,3,14.51,Bank Transfer,No
CUST01080,48,Female,Standard,36.01,16,1,25.33,Mobile Wallet,No
CUST01081,41,Female,Basic,27.56,9,3,29.19,Card,Yes
CUST01082,26,Male,Standard,33.16,22,4,29.89,Mobile Wallet,No
CUST01083,20,Female,Basic,30.17,5,4,69.12,Mobile Wallet,Yes
CUST01084,68,Female,Basic,31.14,43,2,29.7,Card,No
CUST01085,48,Female,Basic,37.59,30,3,14.32,Mobile Wallet,Yes
CUST01086,57,Male,Basic,38.26,32,2,11.94,Mobile Wallet,No
CUST01087,54,Male,Standard,54.55,17,4,13.81,Mobile Wallet,No
CUST01088,53,Male,Premium,72.22,67,4,17.31,Card,No
CUST01089,41,Female,Basic,22.48,26,2,16.23,Mobile Wallet,No
CUST01090,48,Female,Standard,51.84,12,3,19.71,Mobile Wallet,No
CUST01091,23,Male,Standard,51.76,37,1,6.89,Bank Transfer,No
CUST01092,19,Male,Standard,47.95,42,1,17.51,Mobile Wallet,No
CUST01093,37,Male,Premium,88.19,57,0,18.11,Bank Transfer,No
CUST01094,45,Female,Standard,53.7,12,5,35.75,Card,No
CUST01095,28,Male,Premium,79.59,46,3,15.32,Card,No
CUST01096,21,Female,Standard,36.67,27,2,37.48,Mobile Wallet,No
CUST01097,32,Female,Standard,41.63,7,4,26.63,Card,No
CUST01098,23,Female,Standard,52.94,38,3,24.66,Bank Transfer,No
CUST01099,66,Male,Premium,64.84,48,2,22.02,Bank Transfer,No
CUST01100,47,Female,Premium,46.39,42,3,6.41,Card,Yes
CUST01101,55,Male,Standard,43.28,27,4,40.41,Mobile Wallet,No
CUST01102,68,Male,Premium,95.65,10,4,21.13,Cash,Yes
CUST01103,19,Male,Basic,35.23,42,6,39.86,Card,No
CUST01104,32,Male,Premium,59.6,58,2,28.76,Mobile Wallet,No
CUST01105,28,Female,Basic,34.8,41,1,19.58,Mobile Wallet,No
CUST01106,25,Female,Basic,25.03,9,5,16.94,Cash,No
CUST01107,43,Female,Basic,32.54,46,1,21.24,Cash,No
CUST01108,68,Female,Premium,68.87,54,4,33.2,Card,No
CUST01109,62,Male,Premium,93.39,59,1,40.06,Bank Transfer,No
CUST01110,61,Male,Premium,80.34,13,4,24.83,Card,No
CUST01111,22,Male,Premium,88.56,16,3,49.28,Cash,No
CUST01112,23,Male,Standard,50.69,45,3,30.11,Mobile Wallet,No
CUST01113,43,Female,Premium,72.33,32,2,37.64,Card,No
CUST01114,21,Male,Premium,,40,2,15.71,Card,No
CUST01115,36,Female,Standard,55.6,44,5,22.5,Mobile Wallet,No
CUST01116,37,Male,Basic,24.91,47,5,15.31,Bank Transfer,No
CUST01117,50,Male,Standard,53.6,70,6,14.08,Mobile Wallet,No
CUST01118,37,Male,Premium,93.49,60,1,34.63,Bank Transfer,No
CUST01119,66,Male,Premium,85.83,35,0,24.67,Card,Yes
CUST01120,29,Female,Premium,60.24,60,4,100.0,Bank Transfer,No
CUST01121,64,Female,Premium,78.17,37,3,21.45,Card,No
CUST01122,18,Female,Premium,89.51,22,2,42.65,Bank Transfer,No
CUST01123,43,Female,Standard,30.34,13,3,18.14,Mobile Wallet,No
CUST01124,31,Male,Standard,62.66,16,4,40.16,Bank Transfer,Yes
CUST01125,55,Male,Basic,25.31,60,1,35.12,Cash,No
CUST01126,54,Female,Standard,47.6,42,0,14.45,Cash,No
CUST01127,28,Female,Standard,55.55,13,5,33.46,Card,No
CUST01128,53,Male,Premium,68.67,63,6,46.6,Card,No
CUST01129,30,Male,Standard,29.99,32,2,17.84,Card,No
CUST01130,60,Female,Basic,38.14,23,1,20.53,Mobile Wallet,No
CUST01131,20,Female,Basic,25.5,43,4,31.33,Card,No
CUST01132,50,Female,Standard,46.71,32,3,29.96,Bank Transfer,Yes
CUST01133,23,Male,Standard,49.58,28,1,28.6,Card,No
CUST01134,67,Female,Basic,28.32,33,2,41.87,Card,No
CUST01135,27,Female,Basic,35.22,26,3,25.38,Card,No
CUST01136,22,Female,Standard,62.04,42,2,15.11,Bank Transfer,No
CUST01137,40,Female,Basic,35.95,29,1,20.88,Mobile Wallet,No
CUST01138,27,Female,Basic,22.62,2,0,22.27,Card,No
CUST01139,61,Male,Standard,41.23,34,5,23.11,Mobile Wallet,No
CUST01140,19,Female,Standard,41.87,38,2,24.88,Mobile Wallet,No
CUST01141,30,Male,Standard,45.57,12,4,11.67,Card,No
CUST01142,57,Female,Basic,40.91,52,1,2.85,Mobile Wallet,No
CUST01143,19,Female,Premium,84.84,21,4,26.49,Mobile Wallet,No
CUST01144,37,Female,Standard,63.26,40,4,10.19,Cash,No
CUST01145,18,Male,Basic,26.39,67,4,13.08,Mobile Wallet,No
CUST01146,54,Male,Basic,25.13,49,1,37.29,Card,No
CUST01147,26,Male,Basic,34.94,26,2,9.67,Card,No
CUST01148,34,Female,Basic,35.77,52,3,,Card,No
CUST01149,26,Female,Basic,25.35,62,1,48.15,Mobile Wallet,No
CUST01150,28,Male,Standard,52.61,69,4,21.14,Mobile Wallet,No
CUST01151,32,Male,Standard,47.35,61,2,41.23,Mobile Wallet,No
CUST01152,41,Female,Standard,62.05,46,3,33.52,Card,No
CUST01153,55,Male,Standard,36.57,72,3,8.7,Bank Transfer,No
CUST01154,52,Female,Basic,21.6,29,1,28.19,Card,No
CUST01155,47,Male,Premium,84.03,50,3,12.55,Mobile Wallet,No
CUST01156,48,Male,Basic,23.33,2,1,20.52,Bank Transfer,No
CUST01157,66,Male,Standard,35.22,64,5,27.71,Bank Transfer,No
CUST01158,22,Female,Basic,35.25,66,1,28.59,Bank Transfer,No
CUST01159,61,Female,Premium,71.75,43,4,14.59,Bank Transfer,No
CUST01160,67,Male,Standard,52.66,10,4,6.24,Card,No
CUST01161,31,Female,Basic,35.89,53,2,23.48,Cash,No
CUST01162,70,Female,Standard,38.71,28,2,42.13,Bank Transfer,No
CUST01163,28,Female,Basic,26.56,2,1,43.86,Cash,No
CUST01164,26,Female,Standard,42.25,29,3,35.8,Cash,No
CUST01165,51,Male,Standard,34.25,52,5,9.96,Cash,No
CUST01166,29,Female,Basic,39.47,14,3,37.2,Card,Yes
CUST01167,52,Female,Standard,45.56,28,3,6.3,Mobile Wallet,No
CUST01168,52,Male,Basic,38.03,1,2,27.02,Mobile Wallet,No
CUST01169,18,Female,Standard,47.68,59,5,11.01,Bank Transfer,No
CUST01170,57,Female,Basic,30.11,44,5,11.65,Card,No
CUST01171,39,Female,Standard,35.51,43,6,13.29,Card,No
CUST01172,46,Male,Premium,76.03,17,2,8.87,Mobile Wallet,No
CUST01173,25,Male,Basic,43.21,54,5,29.74,Bank Transfer,No
CUST01174,28,Female,Premium,84.74,15,0,62.19,Mobile Wallet,Yes
CUST01175,58,Female,Standard,63.53,48,2,34.47,Mobile Wallet,No
CUST01176,54,Male,Basic,28.91,46,3,39.05,Card,No
CUST01177,31,Male,Standard,50.94,49,7,12.94,Bank Transfer,No
CUST01178,47,Male,Standard,64.62,36,5,11.96,Bank Transfer,Yes
CUST01179,52,Female,Standard,51.06,14,3,53.41,Bank Transfer,No
CUST01180,38,Female,Basic,37.39,3,3,29.55,Cash,No
CUST01181,54,Male,Basic,36.18,6,0,38.13,Mobile Wallet,Yes
CUST01182,22,Female,Standard,48.82,22,4,9.6,Bank Transfer,No
CUST01183,36,Female,Standard,48.79,22,6,32.26,Mobile Wallet,No
CUST01184,31,Female,Standard,32.96,36,1,42.59,Mobile Wallet,No
CUST01185,43,Female,Basic,29.91,71,3,8.38,Bank Transfer,No
CUST01186,21,Female,Premium,64.11,50,2,6.65,Bank Transfer,No
CUST01187,42,Female,Premium,70.8,69,5,14.14,Cash,No
CUST01188,62,Female,Basic,31.29,35,4,60.22,Card,No
CUST01189,59,Male,Basic,48.46,9,3,39.84,Card,No
CUST01190,42,Male,Premium,74.18,29,1,8.56,Card,No
CUST01191,35,Male,Premium,63.7,27,4,13.75,Bank Transfer,No
CUST01192,57,Male,Standard,55.84,57,1,16.84,Bank Transfer,No
CUST01193,25,Male,Premium,78.26,59,1,,Card,No
CUST01194,56,Male,Standard,57.56,42,2,40.14,Bank Transfer,No
CUST01195,57,Male,Basic,36.5,53,0,33.88,Mobile Wallet,No
CUST01196,31,Male,Standard,53.3,38,1,17.01,Mobile Wallet,No
CUST01197,49,Male,Standard,47.71,4,4,12.53,Bank Transfer,Yes
CUST01198,68,Female,Premium,74.28,52,2,41.39,Mobile Wallet,No
CUST01199,55,Female,Basic,22.39,44,2,7.77,Bank Transfer,No
CUST01200,50,Male,Standard,49.24,23,2,18.26,Bank Transfer,No
CUST01201,40,Female,Standard,53.04,70,3,7.75,Cash,No
CUST01202,32,Female,Basic,33.48,69,2,15.18,Cash,No
CUST01203,50,Male,Standard,46.95,60,4,36.87,Mobile Wallet,No
CUST01204,42,Male,Premium,60.26,4,4,19.66,Bank Transfer,No
CUST01205,34,Male,Standard,44.4,3,5,10.2,Bank Transfer,No
CUST01206,50,Female,Standard,63.27,23,4,39.64,Bank Transfer,No
CUST01207,64,Female,Premium,82.55,37,4,23.85,Mobile Wallet,No
CUST01208,19,Male,Basic,18.58,18,2,25.74,Cash,No
CUST01209,31,Female,Premium,78.72,5,5,30.37,Card,No
CUST01210,70,Female,Standard,51.7,41,4,19.32,Card,No
CUST01211,57,Female,Standard,37.83,38,4,14.93,Cash,No
CUST01212,57,Male,Standard,61.22,47,3,8.87,Card,No
CUST01213,68,Female,Premium,80.05,72,3,30.73,Bank Transfer,No
CUST01214,56,Female,Basic,40.35,12,1,25.58,Card,No
CUST01215,68,Female,Basic,28.05,30,7,13.79,Mobile Wallet,No
CUST01216,23,Female,Basic,21.05,6,3,7.66,Card,No
CUST01217,23,Female,Basic,35.5,61,2,36.78,Mobile Wallet,No
CUST01218,20,Female,Standard,45.23,72,4,19.93,Card,No
CUST01219,24,Female,Premium,114.62,64,3,53.83,Cash,No
CUST01220,68,Male,Premium,63.4,69,2,31.86,Bank Transfer,No
CUST01221,25,Male,Basic,16.12,11,2,16.85,Cash,No
CUST01222,59,Female,Standard,55.73,62,5,17.17,Card,No
CUST01223,69,Male,Standard,57.89,17,7,14.17,Bank Transfer,No
CUST01224,32,Female,Basic,19.34,20,2,19.45,Card,No
CUST01225,64,Female,Premium,81.74,26,6,18.0,Cash,Yes
CUST01226,46,Female,Premium,57.98,59,8,46.44,Card,No
CUST01227,50,Male,Premium,93.4,25,5,31.66,Mobile Wallet,Yes
CUST01228,69,Female,Standard,33.39,18,5,45.52,Bank Transfer,No
CUST01229,47,Female,Standard,41.56,29,3,52.41,Cash,No
CUST01230,56,Male,Basic,32.15,67,3,17.01,Card,No
CUST01231,44,Male,Standard,39.73,35,2,7.6,Mobile Wallet,No
CUST01232,53,Female,Standard,49.37,15,1,8.97,Card,No
CUST01233,46,Male,Premium,77.95,51,3,37.73,Card,No
CUST01234,55,Male,Premium,65.63,3,3,16.02,Mobile Wallet,No
CUST01235,50,Female,Premium,72.38,21,4,7.85,Bank Transfer,No
CUST01236,54,Female,Premium,77.86,61,5,16.65,Card,No
CUST01237,44,Female,Basic,40.19,3,5,18.62,Bank Transfer,Yes
CUST01238,50,Male,Standard,56.63,53,2,5.25,Card,No
CUST01239,21,Male,Basic,27.43,35,1,8.45,Bank Transfer,No
CUST01240,39,Male,Basic,29.45,50,8,19.97,Mobile Wallet,No
CUST01241,19,Female,Standard,46.27,8,5,15.49,Card,Yes
CUST01242,27,Male,Standard,30.17,48,0,22.97,Mobile Wallet,No
CUST01243,22,Male,Standard,59.52,3,5,32.63,Bank Transfer,Yes
CUST01244,27,Female,Basic,25.46,54,2,17.33,Mobile Wallet,Yes
CUST01245,50,Female,Basic,33.45,2,5,23.8,Bank Transfer,Yes
CUST01246,55,Female,Basic,22.61,33,2,50.09,Mobile Wallet,No
CUST01247,30,Male,Basic,40.09,72,4,17.25,Bank Transfer,No
CUST01248,48,Female,Basic,29.96,12,4,13.58,Cash,No
CUST01249,64,Male,Standard,45.56,19,1,8.2,Bank Transfer,No
CUST01250,53,Male,Premium,71.33,18,5,24.04,Cash,Yes
CUST01251,62,Female,Standard,52.25,50,2,12.85,Bank Transfer,No
CUST01252,41,Female,Standard,42.25,22,2,33.88,Card,No
CUST01253,69,Female,Basic,39.6,30,2,10.55,Mobile Wallet,No
CUST01254,32,Female,Premium,72.16,6,1,37.33,Bank Transfer,Yes
CUST01255,46,Female,Basic,31.47,1,1,42.4,Bank Transfer,No
CUST01256,25,Male,Premium,66.75,9,9,16.07,Mobile Wallet,Yes
CUST01257,22,Male,Premium,57.77,52,2,19.34,Card,No
CUST01258,46,Male,Premium,68.45,29,3,5.39,Cash,Yes
CUST01259,64,Female,Basic,27.27,62,2,12.05,Bank Transfer,No
CUST01260,21,Male,Standard,55.42,29,6,37.55,Card,No
CUST01261,29,Female,Basic,25.75,5,5,28.85,Mobile Wallet,No
CUST01262,62,Female,Basic,25.37,22,2,15.01,Mobile Wallet,No
CUST01263,19,Male,Basic,35.01,49,3,14.23,Card,Yes
CUST01264,44,Male,Premium,51.71,8,8,33.09,Cash,Yes
CUST01265,48,Female,Premium,70.62,68,6,47.79,Card,No
CUST01266,68,Male,Basic,24.65,40,3,35.0,Card,No
CUST01267,68,Female,Standard,68.87,24,0,23.42,Card,No
CUST01268,53,Male,Premium,67.13,13,3,20.44,Mobile Wallet,No
CUST01269,53,Male,Standard,70.19,50,2,21.87,,No
CUST01270,43,Male,Standard,68.61,45,1,48.94,Bank Transfer,No
CUST01271,60,Male,Standard,27.26,4,3,41.94,Mobile Wallet,No
CUST01272,44,Male,Standard,51.84,63,2,32.31,Card,No
CUST01273,22,Female,Standard,40.19,65,6,17.34,Mobile Wallet,No
CUST01274,37,Male,Standard,48.65,27,2,20.65,Bank Transfer,No
CUST01275,28,Male,Standard,54.57,63,2,35.4,Mobile Wallet,No
CUST01276,27,Male,Basic,21.48,11,7,24.62,Bank Transfer,Yes
CUST01277,57,Female,Basic,36.68,42,4,15.17,Mobile Wallet,No
CUST01278,55,Female,Basic,16.8,38,4,20.59,Mobile Wallet,No
CUST01279,23,Female,Standard,44.19,70,3,11.6,Card,No
CUST01280,25,Female,Basic,23.7,62,3,14.21,Card,No
CUST01281,40,Female,Premium,74.88,4,4,10.79,Card,No
CUST01282,64,Male,Standard,51.28,34,4,4.59,Bank Transfer,No
CUST01283,43,Male,Standard,72.11,26,3,23.55,Card,No
CUST01284,63,Male,Premium,84.1,54,4,8.12,Cash,No
CUST01285,60,Female,Premium,89.8,27,1,29.64,Mobile Wallet,No
CUST01286,29,Female,Premium,79.93,39,3,33.25,Mobile Wallet,Yes
CUST01287,43,Male,Standard,41.54,21,3,13.31,Mobile Wallet,No
CUST01288,30,Female,Basic,43.49,54,5,22.19,Card,No
CUST01289,57,Female,Premium,69.51,56,4,13.14,Mobile Wallet,No
CUST01290,35,Female,Premium,61.3,63,3,25.15,Card,No
CUST01291,42,Male,Premium,81.97,42,1,10.92,Mobile Wallet,Yes
CUST01292,50,Male,Standard,48.04,26,3,17.13,Card,Yes
CUST01293,64,Female,Standard,61.88,69,7,13.82,Mobile Wallet,No
CUST01294,57,Female,Basic,26.24,20,2,8.3,Bank Transfer,No
CUST01295,60,Female,Standard,35.48,72,1,8.83,Cash,No
CUST01296,29,Female,Basic,27.05,53,3,23.87,Card,No
CUST01297,61,Male,Basic,40.64,69,3,31.55,Card,No
CUST01298,53,Female,Standard,51.95,68,3,10.68,Cash,No
CUST01299,65,Male,Standard,55.34,5,5,11.8,Bank Transfer,Yes
CUST01300,21,Male,Basic,17.06,16,3,34.98,Mobile Wallet,No
CUST01301,22,Male,Premium,60.75,9,3,19.47,Cash,Yes
CUST01302,54,Female,Premium,67.57,25,1,26.78,Cash,No
CUST01303,25,Male,Standard,60.25,57,7,32.86,Cash,No
CUST01304,59,Male,Standard,49.19,38,2,38.65,Bank Transfer,No
CUST01305,66,Female,Premium,80.3,8,0,16.07,Cash,Yes
CUST01306,45,Female,Basic,25.77,65,2,21.17,Mobile Wallet,No
CUST01307,48,Female,Standard,60.26,31,2,10.92,Cash,No
CUST01308,26,Male,Basic,30.15,33,0,18.16,Card,No
CUST01309,68,Female,Standard,36.0,55,2,38.01,Bank Transfer,No
CUST01310,46,Male,Standard,59.79,69,3,55.74,Bank Transfer,No
CUST01311,31,Male,Standard,54.08,36,4,32.7,Bank Transfer,No
CUST01312,57,Female,Basic,30.15,24,4,5.67,Card,Yes
CUST01313,58,Male,Basic,26.85,61,8,6.85,Bank Transfer,No
CUST01314,39,Male,Standard,57.04,28,2,18.95,Mobile Wallet,Yes
CUST01315,28,Male,Standard,58.88,60,2,15.14,Card,No
CUST01316,40,Male,Standard,51.12,39,5,12.18,Mobile Wallet,No
CUST01317,18,Female,Basic,42.34,31,4,23.32,Card,Yes
CUST01318,63,Male,Standard,43.69,1,2,35.78,Bank Transfer,No
CUST01319,54,Female,Basic,42.93,13,2,21.56,Cash,No
CUST01320,38,Male,Basic,36.73,66,5,14.21,Mobile Wallet,No
CUST01321,43,Male,Standard,46.91,42,3,12.65,Cash,No
CUST01322,63,Female,Standard,46.69,37,0,11.66,Mobile Wallet,No
CUST01323,53,Male,Basic,17.43,57,3,2.23,Mobile Wallet,No
CUST01324,40,Male,Basic,23.67,35,4,43.42,Card,No
CUST01325,18,Male,Standard,69.45,37,7,23.24,Bank Transfer,Yes
CUST01326,68,Male,Basic,25.06,20,0,25.22,Card,Yes
CUST01327,57,Male,Standard,48.32,66,3,34.85,Card,No
CUST01328,32,Male,Standard,63.16,23,5,40.09,Card,Yes
CUST01329,38,Female,Basic,45.6,55,2,22.18,Cash,No
CUST01330,64,Female,Basic,30.83,57,1,31.25,Cash,No
CUST01331,26,Female,Premium,74.49,50,4,6.71,Mobile Wallet,No
CUST01332,70,Male,Standard,35.07,38,3,50.99,Card,No
CUST01333,26,Male,Standard,51.0,47,3,42.36,Card,No
CUST01334,27,Male,Standard,71.43,30,4,6.84,Cash,Yes
CUST01335,69,Female,Standard,44.58,68,0,14.91,Mobile Wallet,No
CUST01336,70,Male,Premium,64.45,43,1,,Mobile Wallet,Yes
CUST01337,43,Female,Standard,60.13,27,5,47.18,Bank Transfer,No
CUST01338,58,Male,Basic,38.29,64,2,30.97,Card,No
CUST01339,52,Male,Standard,51.05,6,3,10.63,Bank Transfer,No
CUST01340,69,Male,Standard,40.42,31,6,23.6,Card,No
CUST01341,42,Female,Standard,59.5,29,3,15.81,Card,No
CUST01342,43,Male,Standard,40.55,3,6,24.33,Card,Yes
CUST01343,28,Female,Premium,98.09,20,3,51.99,Cash,Yes
CUST01344,55,Male,Standard,69.28,58,4,12.91,Mobile Wallet,No
CUST01345,19,Male,Basic,25.0,57,0,28.26,,No
CUST01346,24,Female,Basic,37.41,71,0,10.74,Card,No
CUST01347,35,Male,Standard,36.05,4,3,14.77,Card,No
CUST01348,44,Male,Basic,31.3,42,2,33.64,Bank Transfer,No
CUST01349,51,Male,Basic,18.79,34,4,12.23,Bank Transfer,No
CUST01350,44,Male,Standard,53.45,18,4,39.98,Card,No
CUST01351,34,Female,Standard,45.64,65,6,5.47,Card,No
CUST01352,60,Female,Premium,68.65,25,3,22.51,Card,No
CUST01353,61,Male,Basic,17.8,45,2,3.57,Bank Transfer,No
CUST01354,68,Male,Basic,22.33,14,2,12.94,Cash,No
CUST01355,41,Female,Basic,42.59,11,4,21.28,Mobile Wallet,Yes
CUST01356,42,Male,Standard,74.71,52,2,25.74,Bank Transfer,No
CUST01357,24,Female,Basic,17.04,8,2,25.61,Bank Transfer,No
CUST01358,69,Male,Standard,46.24,60,1,32.5,Cash,Yes
CUST01359,23,Female,Basic,24.44,42,2,32.84,Bank Transfer,No
CUST01360,70,Female,Standard,61.59,16,2,38.97,Bank Transfer,No
CUST01361,41,Female,Premium,89.13,39,3,31.45,Bank Transfer,No
CUST01362,50,Female,Basic,23.21,42,4,58.64,Mobile Wallet,No
CUST01363,66,Male,Standard,49.1,18,1,36.97,Card,No
CUST01364,46,Male,Standard,55.02,7,6,43.67,Cash,No
CUST01365,60,Female,Standard,51.76,4,3,21.99,Card,No
CUST01366,39,Female,Standard,49.51,30,1,,Card,No
CUST01367,43,Female,Standard,57.2,50,6,27.52,Cash,No
CUST01368,45,Female,Standard,57.05,45,1,36.41,Card,No
CUST01369,67,Male,Standard,51.77,31,1,58.67,Card,No
CUST01370,38,Female,Standard,75.3,46,2,14.06,Card,No
CUST01371,66,Female,Basic,31.6,54,1,25.73,Card,No
CUST01372,24,Female,Standard,56.73,46,1,26.63,Bank Transfer,No
CUST01373,34,Female,Premium,77.83,5,4,10.09,Card,No
CUST01374,37,Female,Premium,72.03,10,1,27.77,Mobile Wallet,No
CUST01375,58,Female,Premium,74.75,23,1,2.95,Card,No
CUST01376,66,Female,Standard,58.48,7,4,9.78,Bank Transfer,No
CUST01377,37,Male,Standard,65.13,58,3,39.41,Card,Yes
CUST01378,39,Female,Standard,40.83,47,1,5.58,Card,No
CUST01379,45,Female,Standard,44.6,21,4,20.88,Cash,No
CUST01380,57,Female,Standard,51.97,31,0,5.61,Bank Transfer,No
CUST01381,66,Male,Basic,31.14,27,4,9.17,Card,No
CUST01382,24,Male,Basic,34.47,29,6,25.57,Card,No
CUST01383,18,Male,Standard,62.71,10,3,16.84,Mobile Wallet,Yes
CUST01384,49,Female,Standard,49.59,72,3,30.51,Bank Transfer,No
CUST01385,30,Female,Basic,27.09,9,3,9.59,Cash,No
CUST01386,47,Female,Basic,30.61,11,2,29.97,Card,Yes
CUST01387,40,Male,Premium,,22,3,30.83,Bank Transfer,No
CUST01388,68,Female,Standard,48.67,50,5,10.24,Card,No
CUST01389,36,Male,Standard,39.2,40,5,28.55,Card,No
CUST01390,49,Male,Standard,38.62,66,3,12.99,Bank Transfer,No
CUST01391,47,Male,Standard,46.65,63,0,11.74,Bank Transfer,No
CUST01392,46,Male,Basic,30.12,19,1,23.22,Bank Transfer,No
CUST01393,66,Male,Standard,49.35,16,4,18.75,Cash,Yes
CUST01394,62,Female,Standard,53.35,4,2,26.05,Mobile Wallet,No
CUST01395,46,Female,Standard,42.12,49,2,26.47,Cash,No
CUST01396,47,Male,Standard,46.95,38,5,32.0,Mobile Wallet,No
CUST01397,33,Female,Basic,20.18,7,4,22.68,Mobile Wallet,No
CUST01398,57,Female,Standard,65.89,55,1,21.63,Mobile Wallet,No
CUST01399,36,Male,Basic,20.26,14,2,32.29,Bank Transfer,No
CUST01400,35,Male,Standard,72.57,34,2,15.97,Card,No
CUST01401,18,Female,Standard,45.87,21,2,23.01,Bank Transfer,Yes
CUST01402,31,Female,Premium,56.91,36,3,22.99,Cash,No
CUST01403,68,Female,Standard,61.5,63,2,23.48,Mobile Wallet,Yes
CUST01404,64,Female,Basic,29.69,42,6,56.91,Card,No
CUST01405,67,Male,Standard,57.81,49,1,19.15,Cash,Yes
CUST01406,19,Female,Standard,49.07,71,2,2.23,Cash,No
CUST01407,45,Male,Basic,24.68,10,0,23.19,Mobile Wallet,No
CUST01408,66,Male,Standard,46.64,21,3,14.71,Bank Transfer,No
CUST01409,67,Female,Premium,86.25,63,4,22.52,Card,No
CUST01410,47,Female,Basic,36.39,50,2,40.49,Mobile Wallet,No
CUST01411,55,Female,Standard,42.56,27,5,23.17,Card,No
CUST01412,68,Male,Premium,82.19,8,1,13.68,Card,No
CUST01413,21,Male,Standard,50.64,30,4,9.41,Bank Transfer,No
CUST01414,18,Male,Standard,38.18,71,5,30.61,Card,No
CUST01415,25,Male,Basic,28.19,30,1,31.64,Mobile Wallet,No
CUST01416,46,Female,Basic,26.56,18,1,60.52,Bank Transfer,No
CUST01417,56,Male,Standard,50.97,23,4,36.4,Bank Transfer,Yes
CUST01418,20,Male,Standard,48.87,38,2,16.89,Bank Transfer,No
CUST01419,49,Female,Premium,78.81,30,3,8.03,Card,No
CUST01420,27,Male,Basic,29.69,30,3,31.13,Mobile Wallet,No
CUST01421,27,Male,Standard,31.3,72,6,17.66,Bank Transfer,No
CUST01422,36,Female,Basic,39.48,71,4,40.45,Card,No
CUST01423,63,Male,Basic,35.51,39,1,33.83,Mobile Wallet,No
CUST01424,51,Male,Standard,45.75,17,1,17.76,Mobile Wallet,No
CUST01425,50,Male,Standard,48.37,69,3,17.46,Cash,No
CUST01426,40,Male,Basic,37.33,52,2,17.53,Mobile Wallet,No
CUST01427,45,Female,Basic,21.25,13,2,23.11,Bank Transfer,No
CUST01428,49,Male,Standard,45.97,7,5,46.78,Card,Yes
CUST01429,67,Female,Premium,67.86,68,2,14.99,Mobile Wallet,No
CUST01430,24,Male,Standard,44.06,60,3,11.35,Card,No
CUST01431,46,Female,Basic,47.55,46,1,22.05,Cash,No
CUST01432,25,Female,Premium,72.78,35,3,23.44,Bank Transfer,No
CUST01433,18,Female,Standard,49.69,29,2,17.27,Card,No
CUST01434,20,Male,Premium,65.37,34,2,13.15,Bank Transfer,No
CUST01435,41,Male,Basic,29.73,8,4,29.75,Bank Transfer,Yes
CUST01436,40,Male,Standard,44.73,66,1,46.02,Mobile Wallet,No
CUST01437,25,Female,Premium,58.11,4,4,18.5,Card,No
CUST01438,64,Male,Basic,35.61,66,4,23.71,Mobile Wallet,No
CUST01439,54,Male,Premium,73.41,57,3,18.13,Mobile Wallet,No
CUST01440,20,Male,Premium,61.83,4,4,46.42,Cash,No
CUST01441,68,Male,Premium,79.21,66,2,20.47,Bank Transfer,Yes
CUST01442,50,Female,Basic,30.42,20,0,42.99,Cash,No
CUST01443,45,Female,Basic,30.09,55,2,19.49,Mobile Wallet,No
CUST01444,64,Male,Basic,30.68,6,6,12.91,Mobile Wallet,No
CUST01445,25,Male,Premium,91.65,29,5,15.59,Mobile Wallet,No
CUST01446,51,Male,Basic,27.54,5,4,39.79,Card,No
CUST01447,52,Female,Standard,43.14,37,1,26.84,,No
CUST01448,49,Male,Standard,63.76,9,5,16.73,Cash,No
CUST01449,41,Female,Standard,47.85,37,4,14.2,Cash,Yes
CUST01450,31,Female,Basic,46.71,39,2,17.27,Card,No
CUST01451,49,Male,Standard,66.65,63,3,21.86,Card,No
CUST01452,63,Male,Premium,65.86,57,1,29.01,Bank Transfer,No
CUST01453,60,Male,Basic,22.94,40,4,21.71,Cash,No
CUST01454,33,Female,Premium,99.38,64,3,26.69,Cash,No
CUST01455,21,Female,Standard,49.97,3,0,29.03,Bank Transfer,No
CUST01456,69,Male,Standard,48.57,43,4,33.3,Mobile Wallet,No
CUST01457,54,Female,Standard,48.22,25,2,16.28,Bank Transfer,No
CUST01458,38,Male,Basic,23.97,55,3,28.81,Bank Transfer,No
CUST01459,31,Male,Standard,51.22,36,2,49.16,Bank Transfer,Yes
CUST01460,48,Female,Standard,,58,4,20.1,Card,No
CUST01461,65,Female,Basic,31.9,19,3,33.87,Mobile Wallet,No
CUST01462,35,Female,Standard,43.1,59,3,7.28,Card,No
CUST01463,24,Female,Basic,35.45,16,1,50.24,Mobile Wallet,No
CUST01464,27,Male,Standard,26.67,2,4,17.07,Card,No
CUST01465,24,Male,Standard,41.67,65,2,24.31,Bank Transfer,No
CUST01466,50,Male,Standard,58.16,59,1,29.13,Card,No
CUST01467,40,Female,Basic,35.45,48,4,18.51,Card,No
CUST01468,38,Male,Premium,61.02,3,4,18.3,Card,No
CUST01469,36,Female,Basic,26.5,26,2,29.46,Cash,No
CUST01470,65,Female,Standard,45.15,14,3,13.21,Cash,Yes
CUST01471,36,Female,Standard,37.35,24,2,40.59,Cash,Yes
CUST01472,53,Male,Standard,46.83,35,0,19.26,Mobile Wallet,No
CUST01473,46,Female,Basic,17.33,6,4,25.1,Card,No
CUST01474,35,Female,Standard,61.42,62,5,29.45,Card,No
CUST01475,19,Female,Standard,52.05,36,2,50.23,Mobile Wallet,No
CUST01476,18,Female,Standard,58.55,29,3,10.21,Card,Yes
CUST01477,64,Female,Standard,44.87,13,4,16.87,Card,No
CUST01478,22,Female,Standard,33.94,8,9,21.12,Mobile Wallet,No
CUST01479,37,Female,Standard,51.84,15,4,23.5,Bank Transfer,No
CUST01480,28,Female,Premium,67.0,33,6,55.05,Mobile Wallet,Yes
CUST01481,59,Female,Basic,28.2,16,1,19.34,Mobile Wallet,No
CUST01482,19,Female,Premium,65.59,52,4,38.1,Mobile Wallet,No
CUST01483,20,Female,Basic,24.45,34,5,67.09,Cash,No
CUST01484,40,Female,Standard,51.99,34,4,26.28,Card,No
CUST01485,29,Male,Standard,54.69,43,3,28.94,Mobile Wallet,No
CUST01486,37,Male,Standard,66.76,61,2,29.82,Bank Transfer,No
CUST01487,22,Female,Basic,22.42,22,1,16.48,Card,No
CUST01488,54,Female,Standard,37.61,51,4,14.79,Card,No
CUST01489,55,Female,Basic,28.25,4,8,9.97,Card,Yes
CUST01490,47,Male,Standard,41.45,49,2,31.62,Card,No
CUST01491,26,Male,Basic,,39,3,20.92,Bank Transfer,No
CUST01492,51,Male,Standard,45.1,72,0,20.4,Mobile Wallet,No
CUST01493,70,Female,Basic,24.77,1,4,13.48,Card,No
CUST01494,61,Female,Basic,36.92,41,3,20.19,Mobile Wallet,No
CUST01495,52,Female,Basic,35.3,50,1,50.96,Bank Transfer,No
CUST01496,69,Female,Standard,38.1,17,4,16.91,Mobile Wallet,No
CUST01497,39,Male,Premium,70.07,8,0,5.3,Card,Yes
CUST01498,61,Female,Premium,77.85,67,1,11.4,Mobile Wallet,No
CUST01499,41,Male,Basic,31.13,66,2,27.15,Bank Transfer,No
CUST01500,34,Male,Standard,68.29,2,0,15.65,Card,No
CUST01501,27,Female,Standard,41.16,17,2,34.23,Bank Transfer,No
CUST01502,47,Male,Standard,44.95,33,1,35.5,Cash,No
CUST01503,63,Male,Standard,57.74,54,0,6.41,Bank Transfer,No
CUST01504,40,Male,Basic,19.0,70,6,38.9,Card,No
CUST01505,49,Male,Standard,47.71,6,6,43.54,Card,No
CUST01506,34,Female,Standard,38.81,52,4,5.46,Bank Transfer,No
CUST01507,67,Female,Basic,,45,2,10.46,Bank Transfer,No
CUST01508,68,Male,Standard,68.31,1,1,7.47,Cash,Yes
CUST01509,34,Female,Standard,53.19,51,3,37.74,Mobile Wallet,No
CUST01510,31,Male,Basic,38.32,11,4,16.01,Card,Yes
CUST01511,26,Female,Standard,43.76,22,2,22.37,Bank Transfer,Yes
CUST01512,57,Female,Standard,51.95,34,1,48.7,Bank Transfer,No
CUST01513,19,Female,Premium,77.33,1,2,11.84,Bank Transfer,Yes
CUST01514,62,Female,Standard,37.53,49,4,48.6,Cash,No
CUST01515,42,Female,Standard,42.66,49,4,23.52,Bank Transfer,Yes
CUST01516,56,Male,Standard,44.8,42,2,25.63,Card,No
CUST01517,26,Female,Standard,70.95,49,1,48.52,Bank Transfer,No
CUST01518,39,Male,Basic,33.37,13,3,11.87,Mobile Wallet,No
CUST01519,60,Male,Standard,33.26,68,3,16.17,Mobile Wallet,No
CUST01520,63,Female,Standard,41.74,14,2,26.18,Card,No
CUST01521,21,Male,Standard,48.18,36,1,54.49,Cash,No
CUST01522,43,Female,Premium,79.65,56,2,28.7,Bank Transfer,No
CUST01523,46,Male,Standard,48.68,69,1,16.51,Card,Yes
CUST01524,62,Male,Basic,27.85,46,4,25.43,Bank Transfer,No
CUST01525,51,Female,Basic,21.4,15,4,8.33,Bank Transfer,No
CUST01526,40,Female,Basic,42.95,8,1,13.3,Card,Yes
CUST01527,54,Female,Standard,59.62,56,4,5.73,Mobile Wallet,No
CUST01528,28,Female,Standard,49.37,11,2,25.58,Bank Transfer,No
CUST01529,23,Male,Premium,80.21,71,4,18.71,Mobile Wallet,No
CUST01530,35,Female,Standard,43.4,23,0,30.4,Card,No
CUST01531,38,Male,Premium,68.43,45,3,27.09,Card,No
CUST01532,59,Male,Standard,57.21,27,3,8.13,Card,Yes
CUST01533,53,Male,Premium,80.45,31,3,17.36,Cash,No
CUST01534,58,Male,Standard,28.04,47,4,60.11,Mobile Wallet,No
CUST01535,55,Male,Standard,45.06,66,3,19.92,Cash,No
CUST01536,51,Male,Standard,46.3,61,1,10.81,Mobile Wallet,No
CUST01537,34,Female,Standard,52.18,8,6,9.08,Bank Transfer,Yes
CUST01538,54,Male,Standard,48.63,65,1,29.21,Card,No
CUST01539,42,Male,Basic,34.46,25,3,16.85,Mobile Wallet,No
CUST01540,55,Male,Basic,25.22,17,3,27.89,Bank Transfer,No
CUST01541,29,Female,Standard,58.99,30,5,8.4,Cash,No
CUST01542,40,Female,Standard,44.03,24,6,18.87,Card,No
CUST01543,70,Male,Basic,26.41,52,5,21.92,Card,No
CUST01544,59,Female,Basic,21.86,63,1,34.93,Bank Transfer,No
CUST01545,39,Male,Basic,24.73,61,3,27.59,Mobile Wallet,No
CUST01546,38,Female,Standard,47.34,58,4,16.41,Cash,No
CUST01547,44,Male,Basic,34.87,32,1,26.33,Cash,Yes
CUST01548,48,Female,Basic,42.51,35,3,29.68,Mobile Wallet,No
CUST01549,23,Female,Basic,36.83,16,4,8.31,Bank Transfer,No
CUST01550,44,Female,Basic,35.24,9,0,9.29,Card,No
CUST01551,57,Male,Premium,79.09,19,1,22.44,Card,No
CUST01552,51,Male,Basic,31.35,40,6,19.01,Card,Yes
CUST01553,29,Male,Standard,41.92,40,4,40.13,Mobile Wallet,No
CUST01554,62,Female,Standard,32.69,46,4,20.99,Cash,No
CUST01555,70,Female,Premium,77.62,3,5,26.26,Bank Transfer,No
CUST01556,24,Male,Basic,21.46,26,4,13.14,Card,No
CUST01557,27,Female,Basic,34.81,72,4,10.26,Card,No
CUST01558,62,Male,Basic,35.58,70,1,35.95,Bank Transfer,No
CUST01559,34,Male,Basic,23.69,5,1,39.34,Card,No
CUST01560,43,Male,Standard,66.63,27,1,24.28,,No
CUST01561,38,Male,Basic,37.99,44,4,16.09,Bank Transfer,No
CUST01562,45,Female,Basic,28.94,38,2,29.12,Bank Transfer,No
CUST01563,63,Female,Premium,70.21,72,3,23.05,Mobile Wallet,No
CUST01564,19,Female,Standard,52.29,71,3,45.08,Card,No
CUST01565,60,Male,Basic,40.02,41,1,17.32,Bank Transfer,No
CUST01566,18,Female,Basic,29.51,58,2,5.91,Mobile Wallet,No
CUST01567,68,Male,Basic,44.95,29,3,19.1,Card,No
CUST01568,70,Male,Premium,,51,0,11.71,Cash,No
CUST01569,53,Male,Premium,71.41,70,3,26.77,Bank Transfer,No
CUST01570,68,Male,Premium,80.04,63,0,44.39,Mobile Wallet,No
CUST01571,43,Male,Premium,84.97,19,6,11.3,Mobile Wallet,No
CUST01572,46,Male,Standard,57.33,27,2,4.28,Mobile Wallet,No
CUST01573,38,Female,Basic,23.7,53,6,7.36,Bank Transfer,No
CUST01574,28,Female,Standard,49.67,45,3,14.03,Card,No
CUST01575,57,Female,Standard,38.78,11,4,16.27,Card,No
CUST01576,28,Female,Premium,71.13,10,1,35.42,Mobile Wallet,No
CUST01577,53,Male,Standard,45.8,20,2,23.75,Bank Transfer,No
CUST01578,66,Male,Standard,72.99,19,5,16.85,Card,Yes
CUST01579,56,Female,Premium,69.99,2,3,19.27,Cash,Yes
CUST01580,57,Female,Basic,16.97,40,2,20.49,Mobile Wallet,No
CUST01581,52,Female,Premium,91.64,18,3,15.83,Mobile Wallet,Yes
CUST01582,51,Female,Basic,26.47,2,1,13.19,Card,No
CUST01583,64,Female,Standard,52.06,47,2,16.0,Card,No
CUST01584,41,Female,Basic,34.11,49,2,13.52,Cash,No
CUST01585,39,Female,Standard,45.09,23,3,37.44,Card,Yes
CUST01586,22,Female,Standard,37.17,47,3,39.03,Card,Yes
CUST01587,50,Male,Standard,58.88,45,5,24.95,Card,No
CUST01588,53,Male,Premium,64.44,21,2,8.88,Card,No
CUST01589,64,Male,Standard,63.52,47,1,15.77,Mobile Wallet,No
CUST01590,37,Male,Standard,50.21,32,0,17.47,Mobile Wallet,No
CUST01591,36,Female,Basic,26.94,19,5,34.28,Card,Yes
CUST01592,52,Male,Premium,67.87,18,2,16.87,Cash,No
CUST01593,69,Female,Basic,28.82,24,4,41.83,Cash,No
CUST01594,60,Male,Basic,52.87,47,3,20.39,Mobile Wallet,Yes
CUST01595,34,Female,Basic,22.86,30,6,32.71,Card,No
CUST01596,62,Female,Standard,53.85,21,1,14.5,Bank Transfer,No
CUST01597,60,Male,Premium,70.61,48,2,17.08,Mobile Wallet,No
CUST01598,51,Male,Basic,31.78,66,3,11.22,Bank Transfer,No
CUST01599,26,Female,Standard,72.77,45,4,15.88,Mobile Wallet,No
CUST01600,43,Female,Premium,82.77,1,5,19.6,Card,No
CUST01601,19,Female,Standard,60.32,22,2,20.02,Card,No
CUST01602,70,Male,Standard,36.08,56,3,21.53,Mobile Wallet,No
CUST01603,26,Male,Basic,37.24,40,4,6.72,Cash,No
CUST01604,26,Female,Standard,54.84,38,2,10.66,Mobile Wallet,Yes
CUST01605,57,Male,Basic,22.67,19,2,25.34,Card,No
CUST01606,34,Female,Premium,109.69,19,1,23.69,Card,Yes
CUST01607,18,Male,Standard,39.75,66,2,23.78,Card,No
CUST01608,42,Male,Standard,48.67,47,3,10.7,Mobile Wallet,No
CUST01609,60,Male,Basic,46.07,58,2,17.25,Card,No
CUST01610,57,Male,Basic,42.74,57,2,26.97,Cash,No
CUST01611,59,Male,Basic,23.1,48,2,21.44,Card,No
CUST01612,42,Female,Standard,40.98,45,5,7.04,Cash,No
CUST01613,56,Female,Basic,41.86,28,5,27.87,Bank Transfer,No
CUST01614,52,Male,Standard,49.03,60,6,10.17,Card,No
CUST01615,20,Female,Basic,24.61,5,3,15.21,Cash,Yes
CUST01616,67,Female,Standard,44.92,18,3,17.2,Cash,No
CUST01617,54,Male,Basic,30.98,37,0,25.64,Mobile Wallet,No
CUST01618,61,Female,Basic,27.12,25,4,31.73,Mobile Wallet,Yes
CUST01619,61,Male,Standard,40.47,38,3,11.82,Card,No
CUST01620,68,Female,Standard,36.45,1,5,19.12,Bank Transfer,No
CUST01621,47,Female,Standard,39.81,40,3,35.23,Cash,No
CUST01622,55,Female,Basic,24.28,55,2,42.34,Cash,No
CUST01623,51,Female,Standard,41.53,39,3,51.28,Mobile Wallet,No
CUST01624,29,Female,Standard,62.28,25,1,26.23,Card,No
CUST01625,36,Female,Basic,27.4,23,4,8.49,Bank Transfer,Yes
CUST01626,54,Female,Standard,59.09,43,3,35.1,Card,No
CUST01627,61,Male,Standard,36.58,48,4,16.52,Card,No
CUST01628,66,Male,Basic,29.62,38,4,20.76,Bank Transfer,No
CUST01629,34,Male,Premium,77.0,24,3,7.19,Bank Transfer,Yes
CUST01630,27,Male,Standard,55.9,5,4,14.19,Card,No
CUST01631,66,Female,Basic,29.12,60,4,24.06,Card,No
CUST01632,64,Female,Standard,48.38,17,6,11.13,Card,No
CUST01633,29,Female,Basic,19.94,37,1,24.15,Card,No
CUST01634,33,Male,Premium,64.53,15,2,14.0,,No
CUST01635,41,Male,Standard,52.66,66,5,,Mobile Wallet,No
CUST01636,36,Male,Basic,28.78,20,4,5.16,Bank Transfer,Yes
CUST01637,25,Female,Basic,26.03,30,4,67.49,Cash,No
CUST01638,48,Male,Basic,38.31,16,1,10.74,Mobile Wallet,No
CUST01639,38,Female,Standard,44.02,44,1,15.71,Card,No
CUST01640,34,Male,Standard,67.89,59,4,25.53,Card,No
CUST01641,40,Female,Basic,34.79,4,4,2.78,Card,No
CUST01642,54,Male,Basic,29.82,31,4,47.17,Mobile Wallet,No
CUST01643,33,Female,Basic,40.87,26,0,26.79,Mobile Wallet,No
CUST01644,23,Male,Basic,24.44,41,0,24.7,Card,No
CUST01645,25,Male,Standard,43.77,2,3,45.01,Card,Yes
CUST01646,42,Female,Standard,40.42,8,2,29.13,Bank Transfer,No
CUST01647,35,Female,Standard,51.74,24,2,44.54,Bank Transfer,No
CUST01648,42,Male,Premium,50.43,40,0,40.95,Mobile Wallet,No
CUST01649,29,Female,Premium,68.72,25,4,18.53,Card,No
CUST01650,32,Male,Standard,35.59,62,4,20.97,Mobile Wallet,No
CUST01651,43,Female,Standard,48.02,58,3,,Mobile Wallet,Yes
CUST01652,58,Male,Premium,68.98,71,3,25.0,Bank Transfer,Yes
CUST01653,62,Female,Basic,29.16,32,3,13.38,Card,No
CUST01654,43,Male,Basic,35.5,46,4,12.24,Cash,No
CUST01655,64,Male,Basic,27.57,26,4,21.89,Cash,No
CUST01656,49,Male,Standard,48.71,42,4,26.9,Card,Yes
CUST01657,27,Female,Standard,58.4,7,3,22.91,Mobile Wallet,No
CUST01658,33,Male,Standard,37.98,56,3,20.32,Cash,No
CUST01659,24,Female,Standard,48.15,47,4,12.74,Bank Transfer,No
CUST01660,34,Female,Standard,43.29,50,2,9.69,Bank Transfer,Yes
CUST01661,40,Female,Basic,39.64,45,3,25.25,Bank Transfer,No
CUST01662,43,Male,Basic,29.88,68,3,9.09,Card,No
CUST01663,38,Female,Basic,28.23,44,1,7.55,Mobile Wallet,No
CUST01664,39,Female,Basic,44.51,25,2,68.54,Card,No
CUST01665,24,Female,Premium,50.34,52,4,42.44,Mobile Wallet,No
CUST01666,31,Male,Premium,61.7,18,4,12.43,Card,Yes
CUST01667,32,Female,Premium,63.13,7,4,26.39,Card,Yes
CUST01668,70,Female,Standard,35.4,22,3,25.27,Bank Transfer,No
CUST01669,24,Female,Standard,63.24,4,2,12.62,Bank Transfer,No
CUST01670,26,Female,Standard,52.8,29,3,4.94,Bank Transfer,No
CUST01671,68,Male,Standard,55.96,40,3,18.77,Cash,No
CUST01672,65,Male,Standard,61.69,52,1,24.18,Bank Transfer,No
CUST01673,25,Female,Standard,42.43,60,3,21.12,Mobile Wallet,No
CUST01674,67,Female,Standard,43.84,41,0,27.49,Card,No
CUST01675,40,Female,Standard,58.21,15,6,23.89,Card,No
CUST01676,46,Female,Basic,32.76,57,3,28.0,Card,Yes
CUST01677,35,Male,Standard,44.44,35,2,43.46,Card,No
CUST01678,48,Male,Standard,37.3,19,5,20.9,Card,No
CUST01679,47,Male,Basic,35.3,21,6,18.66,Mobile Wallet,No
CUST01680,69,Male,Premium,77.73,13,4,19.36,Bank Transfer,Yes
CUST01681,56,Female,Basic,33.93,21,4,39.76,Cash,Yes
CUST01682,52,Female,Basic,28.39,26,1,13.53,Mobile Wallet,No
CUST01683,35,Male,Basic,26.44,56,5,32.68,Card,No
CUST01684,59,Male,Premium,49.79,31,3,22.2,Mobile Wallet,No
CUST01685,56,Female,Standard,21.32,30,2,30.15,Bank Transfer,No
CUST01686,34,Female,Standard,67.54,24,4,6.04,Cash,No
CUST01687,31,Female,Premium,27.46,30,4,17.56,Card,No
CUST01688,48,Female,Basic,39.59,26,2,18.19,Bank Transfer,No
CUST01689,41,Female,Basic,23.79,54,5,2.44,Card,No
CUST01690,52,Male,Basic,33.8,21,6,11.37,Card,No
CUST01691,61,Male,Standard,47.98,23,3,42.87,Bank Transfer,No
CUST01692,62,Female,Standard,43.36,28,3,12.71,Mobile Wallet,No
CUST01693,51,Female,Basic,24.32,23,2,37.66,Mobile Wallet,Yes
CUST01694,20,Male,Basic,37.17,59,3,53.53,Bank Transfer,No
CUST01695,54,Female,Basic,31.44,53,2,12.47,Mobile Wallet,No
CUST01696,60,Male,Standard,50.16,53,7,7.3,Mobile Wallet,No
CUST01697,57,Male,Basic,25.49,34,0,3.01,Cash,No
CUST01698,43,Male,Basic,29.19,68,6,27.57,Card,No
CUST01699,40,Male,Standard,71.44,12,4,45.27,Card,No
CUST01700,61,Female,Standard,44.23,2,1,11.86,Cash,No
CUST01701,56,Female,Standard,55.21,25,5,65.68,Bank Transfer,Yes
CUST01702,32,Male,Standard,74.64,68,3,43.52,Card,No
CUST01703,66,Female,Standard,56.91,44,5,23.68,Mobile Wallet,Yes
CUST01704,21,Female,Standard,54.74,34,4,25.04,Card,No
CUST01705,46,Female,Premium,91.89,6,3,52.92,Mobile Wallet,Yes
CUST01706,39,Female,Basic,33.94,39,5,,Bank Transfer,No
CUST01707,42,Male,Standard,49.73,50,1,6.67,Bank Transfer,No
CUST01708,30,Female,Standard,36.72,24,1,38.42,Cash,No
CUST01709,35,Male,Basic,22.24,5,6,11.11,Bank Transfer,No
CUST01710,50,Male,Standard,55.8,54,2,14.2,Bank Transfer,No
CUST01711,33,Female,Basic,15.0,54,3,26.91,Bank Transfer,No
CUST01712,62,Male,Standard,47.68,10,4,33.11,Cash,No
CUST01713,59,Female,Standard,66.18,69,2,28.61,Mobile Wallet,No
CUST01714,61,Female,Basic,34.62,6,3,54.24,Card,No
CUST01715,19,Male,Standard,55.91,16,3,19.49,Card,Yes
CUST01716,52,Female,Standard,39.64,60,2,24.2,Bank Transfer,No
CUST01717,59,Male,Standard,47.54,14,2,12.11,Mobile Wallet,No
CUST01718,51,Male,Standard,53.83,33,3,34.95,Bank Transfer,No
CUST01719,47,Female,Basic,35.87,69,3,47.76,Mobile Wallet,No
CUST01720,30,Female,Standard,65.88,40,6,7.39,Mobile Wallet,No
CUST01721,30,Female,Premium,63.82,40,2,21.92,Card,No
CUST01722,35,Male,Basic,19.05,9,4,23.21,Bank Transfer,No
CUST01723,49,Female,Standard,68.81,67,0,2.32,Card,No
CUST01724,49,Male,Standard,47.22,48,1,21.0,Bank Transfer,No
CUST01725,52,Male,Standard,59.16,65,8,13.63,Card,No
CUST01726,56,Female,Basic,27.6,10,5,35.22,Bank Transfer,No
CUST01727,63,Female,Standard,42.23,6,4,10.19,Bank Transfer,No
CUST01728,69,Female,Standard,36.45,72,1,30.06,Card,No
CUST01729,46,Male,Premium,73.47,62,3,27.58,Mobile Wallet,Yes
CUST01730,66,Female,Basic,30.48,31,2,24.79,Bank Transfer,No
CUST01731,46,Male,Premium,66.96,6,0,19.78,Mobile Wallet,No
CUST01732,70,Female,Standard,52.63,34,6,52.7,Card,Yes
CUST01733,61,Female,Basic,42.34,67,2,32.99,Mobile Wallet,No
CUST01734,33,Male,Standard,58.31,62,0,14.54,Card,No
CUST01735,61,Male,Standard,49.96,12,2,24.58,Bank Transfer,No
CUST01736,64,Female,Basic,40.39,38,6,28.86,Mobile Wallet,No
CUST01737,27,Female,Basic,31.48,7,2,27.87,Mobile Wallet,Yes
CUST01738,47,Female,Premium,89.54,64,1,,Bank Transfer,No
CUST01739,42,Female,Premium,91.58,4,2,9.68,Cash,No
CUST01740,56,Female,Basic,40.69,21,2,40.29,Mobile Wallet,No
CUST01741,37,Male,Basic,23.74,36,7,19.64,Bank Transfer,Yes
CUST01742,22,Male,Standard,53.61,7,5,16.89,Mobile Wallet,No
CUST01743,18,Male,Standard,32.92,35,1,74.5,Cash,No
CUST01744,47,Male,Basic,33.73,49,4,36.1,Card,No
CUST01745,66,Female,Premium,61.51,11,6,16.23,Mobile Wallet,Yes
CUST01746,20,Male,Basic,34.51,24,2,16.3,Bank Transfer,No
CUST01747,62,Male,Standard,63.87,22,3,,Mobile Wallet,No
CUST01748,31,Male,Standard,54.14,43,4,1.91,Bank Transfer,No
CUST01749,47,Female,Standard,57.36,51,2,11.89,Card,No
CUST01750,67,Male,Basic,37.35,49,3,15.62,Card,No
CUST01751,21,Female,Standard,49.19,22,3,28.66,Card,Yes
CUST01752,35,Male,Premium,59.98,18,2,12.6,Bank Transfer,Yes
CUST01753,54,Female,Standard,53.21,44,4,22.18,Cash,Yes
CUST01754,42,Male,Standard,73.3,32,2,23.22,Cash,Yes
CUST01755,65,Female,Basic,23.69,58,2,34.73,Mobile Wallet,No
CUST01756,18,Male,Premium,60.79,56,6,24.95,Card,No
CUST01757,70,Female,Premium,78.97,9,2,18.52,Mobile Wallet,No
CUST01758,63,Female,Standard,51.97,63,1,20.31,Cash,No
CUST01759,32,Male,Standard,63.62,4,4,40.56,Mobile Wallet,No
CUST01760,26,Female,Premium,72.68,38,1,32.6,Mobile Wallet,No
CUST01761,32,Female,Basic,32.39,42,1,10.77,Card,No
CUST01762,66,Male,Standard,39.61,7,2,41.19,Mobile Wallet,Yes
CUST01763,41,Male,Standard,37.36,42,6,4.71,Mobile Wallet,Yes
CUST01764,21,Female,Standard,50.39,60,3,26.08,Mobile Wallet,No
CUST01765,29,Male,Premium,77.01,20,1,46.75,Bank Transfer,Yes
CUST01766,54,Male,Standard,38.93,63,4,40.17,Mobile Wallet,No
CUST01767,54,Male,Basic,30.97,21,5,18.46,Card,No
CUST01768,60,Female,Basic,23.37,5,3,16.94,Card,No
CUST01769,23,Female,Basic,28.01,30,7,11.5,Cash,Yes
CUST01770,56,Female,Standard,60.41,63,2,18.32,Card,No
CUST01771,63,Female,Basic,28.3,59,3,12.11,Cash,No
CUST01772,41,Female,Basic,39.82,38,1,37.27,Card,No
CUST01773,28,Female,Standard,49.51,36,4,14.89,Mobile Wallet,Yes
CUST01774,30,Female,Premium,81.67,38,2,10.74,Bank Transfer,Yes
CUST01775,51,Male,Premium,77.79,23,1,10.24,Cash,No
CUST01776,42,Female,Premium,93.69,23,4,13.06,Card,Yes
CUST01777,24,Female,Standard,62.0,58,7,34.29,Card,Yes
CUST01778,69,Male,Basic,17.95,48,4,10.17,Card,No
CUST01779,21,Male,Premium,57.17,6,2,5.23,Card,No
CUST01780,25,Male,Standard,64.21,46,2,14.15,Card,No
CUST01781,37,Female,Standard,64.74,15,4,50.65,Cash,No
CUST01782,46,Male,Standard,39.21,1,2,21.0,Mobile Wallet,No
CUST01783,70,Female,Premium,70.0,33,4,4.61,,No
CUST01784,68,Female,Standard,61.43,24,2,20.72,Card,Yes
CUST01785,62,Female,Basic,33.29,70,3,16.11,Mobile Wallet,No
CUST01786,63,Male,Standard,54.82,14,4,14.84,Card,No
CUST01787,27,Male,Basic,23.0,70,5,32.84,Card,No
CUST01788,60,Female,Premium,94.99,38,0,23.63,Mobile Wallet,Yes
CUST01789,51,Female,Standard,56.0,11,2,22.85,Card,No
CUST01790,43,Female,Standard,43.59,63,1,4.36,Bank Transfer,No
CUST01791,58,Male,Premium,78.22,32,2,19.94,Bank Transfer,No
CUST01792,66,Female,Standard,57.84,29,3,21.27,Bank Transfer,Yes
CUST01793,20,Male,Basic,22.13,30,1,4.66,Card,No
CUST01794,23,Female,Basic,25.88,29,1,36.78,Bank Transfer,No
CUST01795,22,Male,Standard,31.81,11,4,33.29,Cash,No
CUST01796,22,Female,Premium,72.22,49,1,11.5,Card,No
CUST01797,64,Male,Standard,46.58,64,1,16.47,Card,No
CUST01798,40,Male,Premium,74.12,38,4,11.06,Bank Transfer,Yes
CUST01799,66,Male,Basic,32.55,60,6,26.89,Mobile Wallet,No
CUST01800,26,Male,Basic,27.68,68,4,16.27,Mobile Wallet,No
CUST01801,52,Male,Basic,18.83,7,5,58.39,Mobile Wallet,Yes
CUST01802,37,Male,Standard,38.08,7,1,16.91,Card,No
CUST01803,66,Female,Basic,24.94,5,4,22.77,Cash,No
CUST01804,59,Female,Basic,19.56,68,3,5.43,Mobile Wallet,No
CUST01805,52,Female,Standard,47.62,47,3,10.64,Cash,No
CUST01806,67,Female,Standard,42.67,36,3,7.09,Cash,No
CUST01807,35,Male,Standard,51.78,15,4,3.23,Card,No
CUST01808,34,Female,Standard,57.34,39,3,26.58,Cash,No
CUST01809,41,Male,Standard,37.37,38,2,9.42,Mobile Wallet,Yes
CUST01810,20,Male,Standard,60.36,36,3,15.87,Card,No
CUST01811,49,Male,Premium,79.03,2,5,41.65,Bank Transfer,Yes
CUST01812,52,Female,Standard,43.33,15,0,15.93,Bank Transfer,No
CUST01813,55,Male,Basic,38.07,55,0,29.18,,No
CUST01814,30,Female,Basic,20.61,60,2,21.88,Mobile Wallet,No
CUST01815,64,Female,Basic,34.2,25,4,12.97,Card,Yes
CUST01816,42,Female,Premium,54.65,14,6,24.5,Mobile Wallet,No
CUST01817,26,Female,Basic,39.48,9,4,31.94,Card,No
CUST01818,21,Female,Premium,77.43,49,0,69.18,Bank Transfer,No
CUST01819,31,Male,Basic,22.63,35,2,44.06,Mobile Wallet,No
CUST01820,54,Male,Premium,74.96,5,1,30.8,Card,No
CUST01821,51,Female,Standard,43.6,17,5,11.01,Cash,No
CUST01822,28,Male,Standard,46.86,69,4,15.73,Bank Transfer,No
CUST01823,58,Female,Standard,42.55,54,3,12.99,Bank Transfer,No
CUST01824,20,Male,Basic,21.5,47,2,13.41,Bank Transfer,No
CUST01825,45,Male,Standard,53.84,49,3,10.12,Bank Transfer,No
CUST01826,46,Male,Basic,29.64,62,1,29.62,Mobile Wallet,No
CUST01827,26,Male,Standard,43.92,23,4,25.44,Card,No
CUST01828,20,Male,Standard,58.05,16,1,40.89,Mobile Wallet,No
CUST01829,42,Male,Basic,44.28,7,4,11.07,Mobile Wallet,Yes
CUST01830,51,Male,Premium,80.69,43,3,12.09,Bank Transfer,No
CUST01831,29,Male,Standard,48.45,44,7,33.42,Bank Transfer,No
CUST01832,59,Male,Standard,37.05,9,2,20.6,Cash,No
CUST01833,26,Male,Premium,66.73,71,3,6.5,Card,No
CUST01834,32,Male,Standard,53.65,60,5,42.28,Bank Transfer,No
CUST01835,57,Male,Standard,40.53,10,3,30.2,Card,No
CUST01836,42,Male,Standard,45.98,5,2,12.19,Bank Transfer,No
CUST01837,22,Female,Premium,67.02,51,1,18.88,Mobile Wallet,No
CUST01838,28,Male,Basic,28.87,7,1,27.58,Bank Transfer,No
CUST01839,51,Male,Standard,29.18,22,2,4.58,Mobile Wallet,No
CUST01840,41,Male,Standard,52.78,24,3,19.4,Card,No
CUST01841,32,Male,Basic,24.7,42,0,18.84,Cash,No
CUST01842,55,Male,Basic,22.3,22,6,21.8,Mobile Wallet,No
CUST01843,25,Male,Basic,37.31,35,0,13.57,Card,No
CUST01844,22,Female,Standard,37.89,55,1,22.64,Bank Transfer,Yes
CUST01845,65,Female,Premium,68.11,3,5,11.17,Mobile Wallet,No
CUST01846,43,Female,Standard,59.64,71,2,25.36,Mobile Wallet,No
CUST01847,35,Male,Standard,45.53,19,2,20.07,Mobile Wallet,No
CUST01848,23,Male,Basic,18.25,42,2,37.99,Cash,No
CUST01849,54,Male,Basic,29.27,46,3,8.69,Card,No
CUST01850,65,Female,Standard,40.42,72,7,19.18,Mobile Wallet,No
CUST01851,30,Male,Standard,58.62,20,4,28.17,Card,Yes
CUST01852,45,Male,Basic,19.85,33,3,25.49,Bank Transfer,Yes
CUST01853,22,Female,Standard,50.03,6,2,55.82,Card,No
CUST01854,30,Female,Premium,63.92,15,1,28.82,Mobile Wallet,No
CUST01855,34,Male,Standard,44.14,69,1,11.91,Cash,No
CUST01856,67,Male,Standard,46.4,31,3,27.27,Mobile Wallet,No
CUST01857,57,Male,Standard,44.01,6,10,24.71,Bank Transfer,No
CUST01858,62,Male,Basic,27.91,1,2,,Cash,Yes
CUST01859,49,Female,Basic,19.7,19,2,24.14,Cash,No
CUST01860,46,Male,Premium,88.08,15,3,23.33,Mobile Wallet,Yes
CUST01861,68,Male,Standard,54.29,34,2,32.12,,No
CUST01862,20,Female,Standard,39.22,64,0,11.28,Bank Transfer,No
CUST01863,57,Male,Basic,28.23,49,8,47.35,Mobile Wallet,No
CUST01864,51,Male,Standard,31.45,46,3,13.47,Mobile Wallet,No
CUST01865,57,Female,Basic,24.57,51,3,14.46,Cash,No
CUST01866,44,Female,Basic,32.86,11,4,11.17,Bank Transfer,Yes
CUST01867,30,Male,Basic,35.67,4,3,11.65,Bank Transfer,No
CUST01868,62,Female,Standard,51.3,41,2,26.04,Card,No
CUST01869,50,Female,Basic,30.69,64,2,24.83,Card,No
CUST01870,23,Male,Basic,22.31,1,3,35.15,Mobile Wallet,No
CUST01871,41,Female,Standard,39.82,9,4,52.32,Card,No
CUST01872,36,Male,Standard,48.59,39,1,31.02,Cash,No
CUST01873,33,Male,Standard,58.5,65,3,34.42,Mobile Wallet,No
CUST01874,57,Male,Standard,39.35,17,2,25.09,Mobile Wallet,No
CUST01875,45,Male,Premium,71.26,67,4,14.86,Card,No
CUST01876,50,Female,Basic,32.65,1,3,41.83,Mobile Wallet,No
CUST01877,65,Male,Basic,30.62,24,3,7.7,Bank Transfer,No
CUST01878,58,Male,Standard,34.46,20,5,12.44,Card,No
CUST01879,30,Male,Basic,37.72,64,2,15.21,Card,No
CUST01880,60,Male,Standard,36.9,20,4,43.18,Card,No
CUST01881,62,Female,Standard,43.32,40,1,28.25,Cash,No
CUST01882,42,Female,Premium,56.05,30,4,23.61,Cash,No
CUST01883,70,Female,Premium,70.11,23,2,11.57,Bank Transfer,No
CUST01884,59,Male,Premium,65.12,23,2,16.73,Card,No
CUST01885,53,Female,Basic,37.03,56,2,23.46,Mobile Wallet,No
CUST01886,44,Female,Premium,84.7,47,1,16.44,Bank Transfer,Yes
CUST01887,55,Male,Basic,24.4,17,3,78.29,Card,No
CUST01888,24,Female,Standard,43.92,2,3,27.46,Card,No
CUST01889,22,Male,Standard,54.11,33,2,2.59,Cash,No
CUST01890,60,Female,Basic,31.0,15,4,12.46,Bank Transfer,No
CUST01891,62,Female,Standard,49.28,32,5,54.58,Bank Transfer,Yes
CUST01892,68,Female,Basic,18.87,34,3,23.33,Card,No
CUST01893,48,Female,Basic,46.7,60,3,10.99,Card,No
CUST01894,40,Male,Premium,77.42,31,3,7.72,Card,No
CUST01895,59,Male,Basic,38.16,15,2,16.88,Mobile Wallet,No
CUST01896,27,Female,Basic,33.39,20,1,50.02,Bank Transfer,No
CUST01897,49,Male,Standard,49.02,31,7,30.13,Card,No
CUST01898,60,Female,Premium,59.86,2,4,33.23,Card,No
CUST01899,70,Female,Basic,41.58,13,1,12.72,Mobile Wallet,Yes
CUST01900,47,Female,Standard,49.29,16,4,20.29,Card,Yes
CUST01901,56,Female,Premium,64.0,15,5,35.65,Card,Yes
CUST01902,48,Female,Basic,29.89,25,5,27.27,Mobile Wallet,No
CUST01903,35,Female,Basic,34.17,28,1,11.76,Card,No
CUST01904,53,Male,Standard,50.15,12,3,36.44,Mobile Wallet,No
CUST01905,19,Male,Standard,46.12,54,2,55.46,Mobile Wallet,No
CUST01906,31,Female,Premium,73.9,58,1,7.21,Card,No
CUST01907,30,Male,Basic,24.14,16,3,16.67,Mobile Wallet,No
CUST01908,46,Female,Premium,75.58,62,4,19.36,Mobile Wallet,No
CUST01909,29,Male,Premium,85.62,10,5,29.75,Card,Yes
CUST01910,56,Male,Basic,43.38,66,3,25.59,Card,No
CUST01911,19,Male,Basic,45.28,52,4,24.02,Card,No
CUST01912,49,Female,Premium,88.32,30,4,21.86,Mobile Wallet,Yes
CUST01913,30,Male,Standard,42.07,16,4,23.78,Mobile Wallet,No
CUST01914,63,Female,Standard,58.54,10,2,30.07,Cash,No
CUST01915,44,Female,Standard,51.81,15,6,29.2,Mobile Wallet,Yes
CUST01916,66,Female,Standard,38.38,26,1,26.1,Card,No
CUST01917,58,Male,Premium,73.23,61,3,44.46,Card,No
CUST01918,34,Male,Basic,35.32,15,2,5.75,Mobile Wallet,Yes
CUST01919,57,Male,Basic,38.05,6,3,8.67,Mobile Wallet,No
CUST01920,48,Female,Premium,66.85,1,2,14.51,Card,Yes
CUST01921,51,Female,Premium,46.54,35,3,18.47,Card,No
CUST01922,41,Male,Standard,46.36,1,2,17.82,Mobile Wallet,No
CUST01923,62,Female,Premium,59.35,38,5,40.74,Cash,Yes
CUST01924,52,Male,Standard,56.49,41,2,28.05,Card,No
CUST01925,65,Male,Basic,29.7,12,4,23.5,Bank Transfer,No
CUST01926,23,Male,Premium,88.46,64,3,4.08,Bank Transfer,No
CUST01927,36,Male,Standard,39.8,10,1,50.79,Cash,Yes
CUST01928,47,Female,Basic,33.66,27,5,22.78,Bank Transfer,No
CUST01929,24,Male,Basic,22.52,39,2,5.74,Bank Transfer,No
CUST01930,27,Male,Standard,56.04,71,1,27.5,Mobile Wallet,No
CUST01931,58,Male,Premium,80.4,70,5,20.59,Cash,Yes
CUST01932,49,Male,Basic,33.87,45,2,43.85,Cash,No
CUST01933,51,Male,Basic,25.25,11,3,10.62,Card,Yes
CUST01934,45,Male,Standard,38.62,24,2,13.68,Bank Transfer,No
CUST01935,32,Male,Premium,75.62,57,2,19.17,Bank Transfer,No
CUST01936,47,Female,Standard,44.8,40,1,20.02,Card,No
CUST01937,54,Female,Standard,62.16,37,4,9.7,Mobile Wallet,Yes
CUST01938,46,Female,Standard,52.15,3,3,4.44,Bank Transfer,No
CUST01939,39,Female,Basic,25.16,68,1,26.32,Bank Transfer,No
CUST01940,21,Male,Standard,48.01,68,2,25.9,Mobile Wallet,No
CUST01941,37,Female,Basic,24.02,1,4,52.21,Card,No
CUST01942,49,Female,Premium,83.72,45,4,42.22,Mobile Wallet,No
CUST01943,53,Female,Basic,25.53,31,1,22.21,Mobile Wallet,No
CUST01944,67,Male,Standard,38.84,37,7,12.06,Cash,Yes
CUST01945,21,Female,Basic,20.06,69,4,35.25,Bank Transfer,No
CUST01946,44,Female,Standard,43.59,43,0,10.2,Card,No
CUST01947,34,Male,Basic,33.8,4,7,10.84,Cash,No
CUST01948,29,Female,Basic,33.88,71,4,27.55,Mobile Wallet,No
CUST01949,39,Male,Basic,32.17,29,4,14.44,Bank Transfer,No
CUST01950,34,Female,Standard,29.94,11,3,25.2,Mobile Wallet,No
CUST01951,27,Male,Standard,64.11,33,7,31.77,Bank Transfer,No
CUST01952,18,Female,Standard,64.59,53,3,9.07,Mobile Wallet,Yes
CUST01953,39,Female,Standard,29.47,17,5,14.09,Card,No
CUST01954,43,Female,Standard,52.13,12,6,42.63,Card,No
CUST01955,35,Male,Standard,59.47,1,2,33.46,Mobile Wallet,No
CUST01956,67,Female,Premium,66.67,56,6,33.03,Card,No
CUST01957,31,Male,Standard,45.64,23,4,12.6,Mobile Wallet,No
CUST01958,64,Male,Basic,26.17,7,5,22.71,Card,No
CUST01959,46,Male,Premium,83.54,41,1,6.13,Cash,Yes
CUST01960,29,Male,Basic,34.63,53,2,60.67,Card,No
CUST01961,53,Female,Premium,89.29,7,1,24.93,Cash,Yes
CUST01962,52,Female,Basic,27.6,66,3,12.91,Card,No
CUST01963,69,Female,Standard,71.86,53,0,17.95,Cash,No
CUST01964,29,Male,Basic,24.84,5,3,21.04,Bank Transfer,No
CUST01965,24,Female,Premium,58.81,36,3,10.86,Bank Transfer,No
CUST01966,46,Male,Standard,45.96,44,4,23.5,Card,No
CUST01967,28,Male,Basic,50.35,11,2,12.87,Bank Transfer,No
CUST01968,50,Male,Basic,35.05,64,4,5.56,Mobile Wallet,No
CUST01969,23,Female,Standard,63.44,21,3,30.58,Mobile Wallet,No
CUST01970,64,Female,Standard,60.65,4,3,17.94,Cash,No
CUST01971,32,Male,Standard,66.67,35,5,,Mobile Wallet,Yes
CUST01972,49,Female,Basic,24.27,35,1,32.4,Cash,No
CUST01973,68,Female,Standard,53.76,35,6,37.91,,No
CUST01974,28,Male,Standard,56.52,39,6,40.16,Cash,Yes
CUST01975,40,Male,Basic,29.29,33,7,22.86,Bank Transfer,No
CUST01976,43,Female,Basic,,68,3,17.18,Cash,No
CUST01977,51,Male,Standard,51.45,44,0,46.39,Cash,No
CUST01978,63,Male,Premium,88.91,51,4,15.64,Bank Transfer,Yes
CUST01979,51,Female,Basic,30.62,38,4,39.27,Mobile Wallet,No
CUST01980,46,Female,Standard,35.11,42,1,24.9,Card,No
CUST01981,21,Male,Basic,15.0,45,3,9.87,Bank Transfer,No
CUST01982,34,Female,Standard,52.89,30,5,44.02,Mobile Wallet,No
CUST01983,52,Male,Standard,41.7,35,5,17.36,Bank Transfer,Yes
CUST01984,30,Male,Basic,36.28,28,4,15.98,Cash,Yes
CUST01985,58,Female,Standard,50.6,41,2,19.23,Bank Transfer,No
CUST01986,56,Male,Premium,61.34,45,2,9.7,Mobile Wallet,No
CUST01987,32,Male,Premium,89.61,48,3,9.02,Mobile Wallet,No
CUST01988,46,Male,Basic,38.22,55,2,13.74,Card,Yes
CUST01989,46,Female,Basic,25.81,8,4,19.7,Mobile Wallet,Yes
CUST01990,28,Female,Premium,78.4,26,3,12.43,Bank Transfer,No
CUST01991,69,Female,Basic,28.81,29,3,31.17,Bank Transfer,No
CUST01992,49,Male,Standard,60.07,55,3,10.71,Mobile Wallet,No
CUST01993,19,Male,Basic,29.0,66,5,20.85,Cash,Yes
CUST01994,64,Female,Standard,34.62,70,1,18.42,Cash,No
CUST01995,31,Female,Basic,29.0,48,0,19.19,Mobile Wallet,No
CUST01996,37,Female,Premium,85.62,7,4,15.99,Cash,No
CUST01997,39,Male,Premium,91.98,6,3,12.57,Card,Yes
CUST01998,28,Female,Basic,20.95,37,4,30.08,Cash,No
CUST01999,44,Male,Premium,86.36,9,2,7.97,Mobile Wallet,Yes
CUST02000,20,Female,Standard,48.81,3,6,23.38,Bank Transfer,Yes
CUST02001,34,Male,Basic,26.03,53,0,25.66,Bank Transfer,No
CUST02002,61,Male,Standard,47.93,8,2,20.37,Card,No
CUST02003,45,Female,Standard,57.52,40,2,31.95,Bank Transfer,No
CUST02004,46,Male,Basic,31.26,17,7,28.43,Mobile Wallet,No
CUST02005,38,Female,Basic,30.75,70,4,24.44,Card,No
CUST02006,64,Male,Premium,82.81,47,2,22.83,Mobile Wallet,No
CUST02007,33,Male,Premium,87.71,11,3,22.61,Cash,No
CUST02008,54,Female,Premium,64.79,10,1,13.33,Card,No
CUST02009,37,Male,Basic,30.64,61,3,32.06,Cash,No
CUST02010,23,Female,Standard,56.11,2,3,27.08,Bank Transfer,No
CUST02011,36,Female,Basic,31.47,29,0,39.9,Bank Transfer,No
CUST02012,22,Female,Premium,92.46,70,3,29.55,Mobile Wallet,No
CUST02013,20,Male,Basic,39.62,51,1,12.01,Card,No
CUST02014,18,Male,Standard,55.98,66,3,28.64,,No
CUST02015,55,Male,Standard,49.27,68,2,6.87,Bank Transfer,No
CUST02016,32,Female,Premium,72.35,57,2,13.66,Cash,No
CUST02017,51,Female,Standard,38.98,41,2,31.81,Card,No
CUST02018,52,Male,Standard,66.2,64,3,7.73,Card,No
CUST02019,66,Male,Standard,60.11,4,2,18.04,Bank Transfer,Yes
CUST02020,42,Female,Premium,75.5,1,4,51.31,Bank Transfer,No
CUST02021,41,Male,Basic,31.38,7,4,17.59,Card,No
CUST02022,29,Female,Premium,58.88,8,5,6.81,Bank Transfer,No
CUST02023,35,Male,Premium,76.17,58,5,39.83,Cash,Yes
CUST02024,32,Female,Basic,,10,2,8.25,Card,Yes
CUST02025,61,Male,Basic,27.08,66,4,23.53,Bank Transfer,No
CUST02026,33,Male,Basic,39.34,22,3,26.71,Cash,No
CUST02027,44,Female,Basic,25.02,52,3,11.25,Card,No
CUST02028,25,Female,Standard,47.97,49,4,38.36,Cash,No
CUST02029,63,Female,Standard,49.75,67,3,11.65,Bank Transfer,No
CUST02030,42,Male,Standard,37.2,4,3,20.67,Bank Transfer,No
CUST02031,34,Female,Basic,31.59,57,2,18.09,Bank Transfer,No
CUST02032,46,Female,Standard,57.29,69,0,19.31,Card,No
CUST02033,70,Male,Standard,64.79,53,3,54.24,Bank Transfer,No
CUST02034,25,Female,Premium,48.89,55,3,18.51,Bank Transfer,No
CUST02035,32,Female,Basic,33.85,24,1,9.68,Mobile Wallet,No
CUST02036,44,Female,Standard,40.32,12,2,3.05,Cash,No
CUST02037,63,Male,Premium,55.47,55,5,41.52,Bank Transfer,No
CUST02038,67,Male,Standard,49.78,47,1,3.5,Card,No
CUST02039,69,Male,Standard,52.58,27,5,25.39,Bank Transfer,No
CUST02040,24,Female,Basic,35.35,18,1,4.44,Mobile Wallet,No
CUST02041,20,Male,Premium,84.34,51,1,23.83,Card,No
CUST02042,46,Female,Standard,43.37,60,5,13.79,Card,Yes
CUST02043,61,Female,Premium,78.35,57,3,38.96,Card,No
CUST02044,70,Female,Premium,90.1,67,1,36.72,Mobile Wallet,No
CUST02045,41,Male,Standard,33.51,2,6,13.59,Bank Transfer,Yes
CUST02046,20,Male,Standard,43.96,11,0,22.07,Mobile Wallet,No
CUST02047,37,Female,Basic,38.85,13,3,16.99,Mobile Wallet,Yes
CUST02048,63,Female,Basic,31.57,40,3,4.0,Card,No
CUST02049,32,Male,Standard,54.56,6,5,15.0,Mobile Wallet,No
CUST02050,42,Male,Standard,53.8,12,3,13.74,Bank Transfer,No
CUST02051,47,Male,Standard,,43,2,16.36,Mobile Wallet,No
CUST02052,31,Female,Premium,71.97,72,6,24.92,Bank Transfer,No
CUST02053,24,Male,Basic,15.0,4,3,47.44,Mobile Wallet,No
CUST02054,34,Male,Standard,56.66,37,1,16.64,Cash,No
CUST02055,61,Male,Standard,56.29,36,2,12.95,Bank Transfer,No
CUST02056,37,Female,Basic,25.3,32,3,86.15,Cash,No
CUST02057,53,Male,Premium,78.17,57,4,36.97,Card,No
CUST02058,26,Female,Standard,48.84,12,2,13.23,Mobile Wallet,No
CUST02059,55,Female,Standard,63.48,18,3,32.48,Card,No
CUST02060,65,Female,Standard,41.64,61,1,17.43,Bank Transfer,No
CUST02061,39,Male,Basic,30.19,31,3,12.15,Mobile Wallet,No
CUST02062,70,Male,Standard,61.57,40,1,5.97,Card,No
CUST02063,70,Male,Standard,47.91,46,0,55.95,Card,No
CUST02064,19,Female,Premium,81.98,39,2,,Cash,Yes
CUST02065,41,Male,Premium,69.05,63,2,10.76,Cash,No
CUST02066,25,Female,Basic,35.97,55,2,10.92,Cash,No
CUST02067,28,Male,Standard,45.71,40,7,13.29,Card,Yes
CUST02068,30,Male,Basic,24.8,29,2,5.33,Cash,No
CUST02069,34,Male,Basic,31.79,11,0,18.88,Mobile Wallet,No
CUST02070,25,Male,Standard,60.73,39,4,32.65,Bank Transfer,No
CUST02071,38,Female,Standard,26.76,44,4,14.68,Bank Transfer,No
CUST02072,35,Female,Basic,27.07,20,2,7.16,Cash,No
CUST02073,47,Female,Standard,57.87,27,4,13.75,Mobile Wallet,No
CUST02074,35,Female,Standard,47.02,38,3,7.09,Mobile Wallet,No
CUST02075,63,Male,Basic,32.21,11,4,7.76,Mobile Wallet,Yes
CUST02076,64,Female,Standard,52.95,36,3,27.97,Cash,No
CUST02077,48,Female,Basic,32.38,32,2,23.57,Card,No
CUST02078,55,Female,Standard,51.42,62,5,31.99,Mobile Wallet,No
CUST02079,49,Male,Premium,78.38,16,3,23.32,Bank Transfer,No
CUST02080,28,Female,Standard,43.71,42,6,22.76,Mobile Wallet,No
CUST02081,62,Female,Premium,65.37,31,1,7.23,Card,No
CUST02082,42,Male,Basic,27.09,70,4,21.79,Cash,No
CUST02083,50,Male,Standard,56.69,13,1,21.64,Card,No
CUST02084,55,Female,Standard,57.0,36,3,24.69,Card,Yes
CUST02085,58,Female,Standard,38.44,11,3,41.66,Card,No
CUST02086,25,Male,Premium,68.79,48,2,3.44,Cash,No
CUST02087,28,Female,Standard,52.69,20,4,31.0,Bank Transfer,No
CUST02088,39,Male,Standard,60.78,29,4,30.58,Bank Transfer,Yes
CUST02089,68,Female,Basic,20.62,19,3,22.17,Card,No
CUST02090,41,Female,Standard,28.94,6,2,20.98,Mobile Wallet,No
CUST02091,58,Female,Standard,55.47,56,5,19.49,Mobile Wallet,No
CUST02092,34,Female,Standard,34.42,18,3,26.56,Mobile Wallet,No
CUST02093,29,Female,Premium,67.2,42,4,23.11,Bank Transfer,No
CUST02094,63,Male,Basic,17.2,60,3,,Card,No
CUST02095,49,Male,Standard,53.02,56,3,27.46,Card,No
CUST02096,32,Female,Standard,71.04,3,4,9.71,,Yes
CUST02097,33,Female,Premium,58.24,39,2,31.43,Bank Transfer,No
CUST02098,39,Female,Premium,78.23,43,2,11.67,Card,No
CUST02099,45,Male,Basic,25.73,28,0,17.22,Bank Transfer,No
CUST02100,37,Male,Basic,15.0,42,2,8.89,Cash,No
CUST02101,50,Male,Standard,39.96,9,2,8.52,Mobile Wallet,No
CUST02102,27,Male,Standard,60.65,18,5,10.84,Cash,No
CUST02103,57,Male,Premium,74.19,21,4,27.44,Bank Transfer,No
CUST02104,49,Male,Standard,43.72,26,6,51.03,Cash,No
CUST02105,67,Male,Basic,32.46,23,3,28.91,Card,No
CUST02106,50,Male,Standard,45.9,10,5,4.46,Card,No
CUST02107,19,Female,Standard,63.5,44,2,11.84,Bank Transfer,No
CUST02108,50,Male,Premium,,13,5,37.94,Card,No
CUST02109,50,Male,Basic,30.22,53,1,24.75,Mobile Wallet,No
CUST02110,58,Male,Basic,43.08,37,5,25.79,Bank Transfer,No
CUST02111,30,Male,Premium,49.32,56,3,5.97,Card,No
CUST02112,47,Female,Basic,47.87,59,3,19.8,Mobile Wallet,Yes
CUST02113,50,Male,Standard,49.28,12,5,23.61,Cash,No
CUST02114,30,Female,Standard,30.46,3,2,58.74,Card,No
CUST02115,69,Female,Standard,38.7,14,2,29.0,Bank Transfer,No
CUST02116,43,Female,Basic,38.76,35,2,20.96,Bank Transfer,No
CUST02117,39,Male,Basic,26.06,30,7,67.93,Bank Transfer,Yes
CUST02118,56,Male,Standard,62.77,71,3,35.2,Card,No
CUST02119,19,Male,Basic,24.87,66,2,38.98,Cash,No
CUST02120,55,Female,Standard,41.63,18,7,26.97,Bank Transfer,Yes
CUST02121,56,Female,Basic,30.83,26,1,10.88,Card,No
CUST02122,43,Female,Standard,46.19,46,5,42.71,Card,Yes
CUST02123,63,Female,Premium,62.49,12,4,52.16,Card,No
CUST02124,67,Male,Basic,40.09,58,2,48.79,Cash,No
CUST02125,32,Male,Basic,41.2,57,2,21.12,Cash,No
CUST02126,51,Male,Premium,80.76,32,3,25.11,Card,Yes
CUST02127,59,Female,Standard,48.59,64,0,23.95,Mobile Wallet,No
CUST02128,61,Female,Basic,23.45,66,2,23.29,Bank Transfer,No
CUST02129,66,Male,Standard,30.79,37,1,19.98,Bank Transfer,No
CUST02130,57,Male,Basic,37.62,14,4,43.19,Mobile Wallet,No
CUST02131,28,Female,Basic,34.19,10,2,11.16,Card,No
CUST02132,20,Male,Premium,75.16,65,5,22.3,Bank Transfer,Yes
CUST02133,23,Male,Standard,51.06,64,2,26.17,Cash,No
CUST02134,26,Female,Standard,65.66,41,5,12.68,Card,No
CUST02135,23,Female,Basic,36.39,21,2,47.76,Card,Yes
CUST02136,26,Female,Basic,34.83,69,3,38.31,Mobile Wallet,No
CUST02137,56,Male,Premium,72.52,9,2,5.01,Mobile Wallet,Yes
CUST02138,48,Female,Basic,41.79,9,1,30.0,Card,No
CUST02139,49,Male,Standard,56.62,18,3,12.26,Bank Transfer,Yes
CUST02140,58,Male,Basic,23.92,69,2,21.54,Card,No
CUST02141,67,Female,Standard,61.63,62,2,23.48,Card,No
CUST02142,29,Male,Basic,21.66,16,1,14.75,Card,No
CUST02143,25,Female,Basic,34.09,4,2,41.07,Mobile Wallet,No
CUST02144,25,Female,Premium,74.27,21,4,14.19,Mobile Wallet,No
CUST02145,67,Male,Standard,51.75,44,4,18.39,Card,No
CUST02146,45,Male,Basic,15.0,27,1,7.34,Card,No
CUST02147,37,Female,Standard,53.82,34,2,3.87,Mobile Wallet,Yes
CUST02148,64,Female,Basic,28.2,4,3,28.19,Cash,No
CUST02149,24,Female,Standard,61.42,51,1,21.16,Card,No
CUST02150,28,Female,Standard,47.31,2,1,19.69,Card,No
CUST02151,37,Female,Basic,30.31,32,4,34.97,Card,No
CUST02152,33,Female,Standard,31.61,2,2,19.85,Bank Transfer,No
CUST02153,21,Male,Standard,50.13,58,6,37.86,Mobile Wallet,No
CUST02154,23,Male,Premium,84.47,22,1,20.58,Bank Transfer,No
CUST02155,39,Male,Standard,37.44,19,3,27.17,Card,Yes
CUST02156,43,Male,Basic,17.82,20,1,17.73,Card,No
CUST02157,20,Female,Basic,36.2,18,1,18.47,Cash,No
CUST02158,58,Male,Standard,71.48,50,3,27.22,Bank Transfer,No
CUST02159,59,Male,Basic,27.16,14,4,18.76,Bank Transfer,No
CUST02160,31,Female,Standard,57.54,20,3,29.96,Bank Transfer,Yes
CUST02161,28,Male,Standard,59.16,45,1,16.59,Bank Transfer,No
CUST02162,35,Female,Basic,27.85,47,6,28.43,Card,Yes
CUST02163,29,Female,Basic,33.95,57,4,28.71,Mobile Wallet,No
CUST02164,40,Female,Standard,59.44,31,2,7.64,Card,No
CUST02165,29,Female,Basic,30.25,52,4,16.69,Bank Transfer,No
CUST02166,30,Female,Premium,73.4,46,0,10.52,Card,No
CUST02167,42,Male,Standard,46.0,7,2,2.59,Card,No
CUST02168,62,Male,Premium,65.53,49,2,59.03,Card,No
CUST02169,68,Male,Premium,94.8,23,3,18.39,Card,Yes
CUST02170,36,Female,Premium,71.88,41,3,6.17,Bank Transfer,Yes
CUST02171,63,Male,Basic,35.6,4,6,11.68,Cash,Yes
CUST02172,53,Male,Premium,68.85,31,3,6.82,Cash,Yes
CUST02173,62,Male,Basic,41.2,47,6,26.38,Bank Transfer,No
CUST02174,25,Male,Basic,33.98,18,6,28.59,Card,No
CUST02175,46,Female,Standard,39.18,7,3,10.61,Mobile Wallet,No
CUST02176,70,Male,Basic,23.86,38,2,28.49,Mobile Wallet,Yes
CUST02177,49,Female,Basic,35.04,45,3,14.84,Card,No
CUST02178,68,Female,Basic,22.63,28,1,24.77,Mobile Wallet,No
CUST02179,61,Male,Basic,22.43,59,1,24.76,Card,No
CUST02180,35,Female,Standard,24.24,18,4,12.32,Card,No
CUST02181,23,Female,Basic,34.36,9,7,13.18,Cash,No
CUST02182,35,Female,Standard,45.39,16,1,11.62,Cash,No
CUST02183,36,Female,Premium,92.24,62,2,6.03,Card,No
CUST02184,39,Female,Standard,54.17,40,3,27.09,Bank Transfer,No
CUST02185,54,Female,Standard,65.2,58,4,19.99,Card,No
CUST02186,49,Female,Premium,63.97,66,7,29.9,Bank Transfer,No
CUST02187,58,Male,Basic,28.89,69,5,11.62,Mobile Wallet,No
CUST02188,20,Male,Standard,36.85,19,3,14.49,Card,No
CUST02189,45,Female,Premium,69.15,27,2,45.98,Card,No
CUST02190,27,Female,Premium,83.03,30,4,12.71,Mobile Wallet,Yes
CUST02191,68,Male,Standard,58.83,45,4,14.65,Mobile Wallet,No
CUST02192,52,Male,Basic,31.86,31,3,38.92,Card,No
CUST02193,46,Male,Premium,72.93,36,1,44.29,Mobile Wallet,No
CUST02194,32,Male,Basic,24.73,39,4,33.13,Bank Transfer,No
CUST02195,50,Female,Standard,56.4,50,3,20.05,Mobile Wallet,Yes
CUST02196,24,Female,Standard,48.98,38,2,19.76,Card,No
CUST02197,29,Male,Standard,39.49,11,2,15.83,Mobile Wallet,Yes
CUST02198,66,Male,Standard,49.43,16,4,27.23,Card,No
CUST02199,47,Male,Premium,61.35,51,4,18.67,Mobile Wallet,No
CUST02200,38,Male,Standard,53.83,39,4,21.43,Card,No
CUST02201,48,Female,Basic,37.89,23,1,15.96,Card,No
CUST02202,41,Male,Standard,42.82,65,0,11.53,Card,No
CUST02203,37,Male,Standard,29.17,49,0,19.95,Mobile Wallet,No
CUST02204,54,Male,Standard,55.32,61,4,25.4,Card,No
CUST02205,21,Female,Premium,82.05,54,3,8.01,Cash,No
CUST02206,45,Female,Premium,73.87,13,2,11.65,Mobile Wallet,Yes
CUST02207,61,Female,Standard,25.6,72,2,37.42,Card,No
CUST02208,37,Male,Basic,24.04,24,1,5.93,Bank Transfer,No
CUST02209,41,Male,Standard,51.01,49,2,29.77,Card,Yes
CUST02210,67,Male,Premium,82.86,37,2,33.01,Card,Yes
CUST02211,66,Female,Standard,,26,0,16.32,Card,No
CUST02212,68,Female,Premium,66.53,42,3,18.86,Mobile Wallet,No
CUST02213,49,Male,Basic,36.05,3,5,33.8,Mobile Wallet,No
CUST02214,58,Male,Standard,54.55,61,1,25.4,Bank Transfer,No
CUST02215,53,Female,Standard,60.43,43,3,24.86,Bank Transfer,No
CUST02216,70,Male,Standard,38.74,65,2,32.1,Card,No
CUST02217,51,Male,Premium,80.81,18,6,17.8,Bank Transfer,Yes
CUST02218,53,Male,Basic,42.43,67,2,,Card,No
CUST02219,19,Female,Basic,38.38,14,5,30.93,Bank Transfer,No
CUST02220,32,Male,Standard,61.52,64,2,25.46,Bank Transfer,No
CUST02221,51,Male,Basic,27.94,32,3,28.85,Bank Transfer,No
CUST02222,53,Male,Standard,67.6,68,2,9.79,Bank Transfer,No
CUST02223,23,Male,Basic,31.96,60,1,8.75,Card,No
CUST02224,56,Female,Basic,33.03,21,5,23.4,Bank Transfer,No
CUST02225,59,Female,Standard,46.54,27,5,20.02,Card,Yes
CUST02226,68,Female,Standard,57.01,5,4,44.5,Mobile Wallet,No
CUST02227,68,Male,Basic,20.06,67,2,18.16,Card,No
CUST02228,29,Female,Basic,29.16,41,2,16.38,Cash,No
CUST02229,20,Male,Basic,31.63,2,4,60.22,Mobile Wallet,Yes
CUST02230,62,Female,Standard,60.66,43,2,31.51,Card,No
CUST02231,35,Male,Basic,21.27,1,2,41.45,Bank Transfer,No
CUST02232,57,Female,Standard,53.1,23,2,29.98,Card,No
CUST02233,38,Female,Standard,48.65,63,3,6.76,Card,No
CUST02234,32,Female,Standard,44.65,48,2,37.05,Card,No
CUST02235,50,Male,Basic,29.0,25,2,100.0,Card,No
CUST02236,52,Male,Standard,67.2,67,4,27.65,Mobile Wallet,No
CUST02237,43,Male,Premium,71.54,47,1,5.8,Card,No
CUST02238,25,Female,Basic,25.92,56,2,15.01,Mobile Wallet,No
CUST02239,53,Male,Basic,36.75,59,3,39.51,Card,No
CUST02240,65,Male,Standard,49.47,16,3,10.61,Mobile Wallet,Yes
CUST02241,47,Male,Basic,26.46,47,3,40.93,Card,No
CUST02242,40,Male,Standard,44.28,54,4,17.62,Mobile Wallet,No
CUST02243,59,Male,Premium,80.34,47,2,14.59,Cash,No
CUST02244,61,Male,Standard,50.46,52,6,29.38,Bank Transfer,No
CUST02245,31,Female,Standard,63.06,18,2,33.96,Card,No
CUST02246,31,Female,Standard,42.77,46,5,44.66,Cash,No
CUST02247,19,Male,Basic,18.23,26,3,18.44,Bank Transfer,No
CUST02248,54,Female,Basic,29.11,18,2,48.21,Mobile Wallet,No
CUST02249,22,Female,Premium,61.87,49,3,40.9,Card,No
CUST02250,55,Male,Premium,95.78,65,3,14.35,Mobile Wallet,No
CUST02251,62,Male,Standard,56.02,7,5,17.41,Cash,No
CUST02252,58,Female,Premium,98.21,30,2,12.04,Card,Yes
CUST02253,64,Male,Basic,40.04,25,2,19.31,Bank Transfer,Yes
CUST02254,31,Female,Basic,38.55,25,3,35.11,Cash,No
CUST02255,56,Female,Standard,67.4,27,4,15.58,Card,No
CUST02256,42,Female,Basic,29.31,35,3,29.32,Bank Transfer,No
CUST02257,37,Male,Premium,82.81,30,1,30.08,Mobile Wallet,No
CUST02258,19,Female,Premium,57.3,14,3,29.18,Bank Transfer,No
CUST02259,56,Male,Premium,75.36,35,4,24.88,Card,Yes
CUST02260,23,Male,Standard,49.09,34,1,37.08,Card,No
CUST02261,34,Male,Basic,39.8,15,5,13.86,Mobile Wallet,No
CUST02262,42,Male,Basic,35.27,7,3,33.39,Card,Yes
CUST02263,45,Male,Standard,49.26,13,2,26.33,Card,Yes
CUST02264,19,Female,Standard,53.93,40,1,24.78,Mobile Wallet,No
CUST02265,52,Male,Standard,52.71,60,4,18.73,Cash,Yes
CUST02266,54,Male,Premium,87.27,34,3,10.5,Card,Yes
CUST02267,22,Male,Premium,84.61,13,3,29.6,Card,No
CUST02268,18,Male,Basic,41.87,4,2,19.5,Card,No
CUST02269,57,Male,Basic,39.14,13,4,54.27,Card,No
CUST02270,29,Female,Standard,39.66,48,5,52.51,Card,No
CUST02271,53,Male,Basic,35.35,13,0,13.08,Mobile Wallet,No
CUST02272,62,Male,Standard,66.25,33,4,83.63,Cash,No
CUST02273,40,Female,Standard,66.07,23,3,11.38,Cash,No
CUST02274,64,Male,Basic,26.49,67,7,47.31,Mobile Wallet,No
CUST02275,48,Female,Standard,44.14,32,7,35.44,Bank Transfer,No
CUST02276,28,Female,Standard,64.69,55,4,13.87,Mobile Wallet,No
CUST02277,27,Female,Premium,92.5,3,4,22.73,Card,Yes
CUST02278,20,Female,Basic,25.02,12,1,18.04,Mobile Wallet,No
CUST02279,31,Male,Premium,78.53,56,4,17.94,Cash,No
CUST02280,33,Male,Standard,50.24,68,7,30.54,Cash,No
CUST02281,27,Female,Standard,54.87,33,6,26.12,Card,No
CUST02282,46,Female,Basic,36.89,32,5,13.72,Card,No
CUST02283,27,Male,Standard,45.78,17,4,49.39,Mobile Wallet,Yes
CUST02284,29,Female,Standard,52.51,52,5,33.41,Cash,No
CUST02285,47,Female,Standard,37.46,5,5,24.71,Mobile Wallet,No
CUST02286,58,Female,Standard,40.57,21,2,20.16,Card,Yes
CUST02287,18,Male,Standard,52.51,3,5,15.86,Bank Transfer,Yes
CUST02288,22,Female,Premium,64.63,67,4,47.15,Card,No
CUST02289,37,Male,Basic,25.05,37,4,13.9,Mobile Wallet,No
CUST02290,25,Male,Premium,82.2,35,2,12.25,Mobile Wallet,No
CUST02291,60,Male,Basic,30.2,33,7,41.06,Mobile Wallet,Yes
CUST02292,29,Female,Premium,66.7,54,3,16.83,Card,No
CUST02293,18,Female,Premium,68.46,3,3,23.08,Card,No
CUST02294,37,Male,Basic,32.52,48,3,52.84,Mobile Wallet,No
CUST02295,45,Male,Standard,47.15,18,4,13.42,Card,No
CUST02296,60,Male,Standard,61.49,3,3,,Cash,No
CUST02297,54,Female,Basic,21.61,5,6,29.76,Mobile Wallet,No
CUST02298,64,Female,Standard,58.36,9,2,26.66,Card,No
CUST02299,54,Male,Standard,52.22,16,1,10.19,Bank Transfer,No
CUST02300,29,Male,Premium,80.44,50,1,51.64,Cash,No
CUST02301,54,Female,Premium,76.13,57,3,,Mobile Wallet,No
CUST02302,66,Male,Standard,35.92,57,3,29.93,Mobile Wallet,No
CUST02303,66,Female,Standard,47.12,17,3,46.35,Bank Transfer,No
CUST02304,61,Female,Standard,47.42,65,2,26.35,Mobile Wallet,No
CUST02305,45,Male,Standard,54.43,57,3,63.19,Card,No
CUST02306,64,Male,Standard,51.53,63,3,9.89,Bank Transfer,No
CUST02307,32,Female,Standard,63.3,67,2,15.4,Cash,No
CUST02308,23,Female,Premium,69.76,5,4,36.03,Mobile Wallet,No
CUST02309,61,Female,Standard,54.72,22,4,30.03,Card,No
CUST02310,37,Female,Standard,39.86,1,3,16.52,Card,No
CUST02311,67,Female,Standard,51.5,47,2,25.81,Bank Transfer,No
CUST02312,31,Male,Standard,47.85,49,4,28.65,Card,No
CUST02313,19,Female,Standard,29.35,4,4,21.11,Card,No
CUST02314,26,Female,Standard,36.87,22,3,21.56,Cash,No
CUST02315,54,Female,Basic,25.27,55,2,4.84,Card,No
CUST02316,37,Male,Standard,56.53,32,3,37.75,Bank Transfer,No
CUST02317,43,Male,Standard,44.11,66,4,15.1,Mobile Wallet,Yes
CUST02318,46,Female,Standard,44.42,69,5,11.91,Mobile Wallet,No
CUST02319,18,Female,Standard,38.67,71,3,17.62,Bank Transfer,No
CUST02320,52,Male,Standard,59.9,8,2,23.98,Card,No
CUST02321,23,Male,Standard,41.91,36,4,9.77,Mobile Wallet,Yes
CUST02322,54,Male,Premium,88.68,12,4,10.3,Card,No
CUST02323,70,Male,Standard,60.16,28,4,23.44,Mobile Wallet,No
CUST02324,22,Female,Premium,55.3,2,1,23.38,Mobile Wallet,No
CUST02325,50,Male,Standard,48.2,19,0,11.97,Mobile Wallet,No
CUST02326,66,Female,Standard,50.13,49,3,23.5,Bank Transfer,No
CUST02327,68,Female,Standard,54.71,37,2,25.95,Bank Transfer,No
CUST02328,31,Male,Basic,,52,4,49.06,Cash,No
CUST02329,29,Male,Basic,31.74,60,5,18.44,Bank Transfer,No
CUST02330,59,Male,Standard,48.04,42,2,14.08,Card,No
CUST02331,37,Male,Standard,56.87,7,3,14.23,Card,No
CUST02332,70,Female,Standard,64.17,42,2,11.34,Card,No
CUST02333,67,Female,Standard,61.46,57,3,23.12,Card,No
CUST02334,41,Female,Basic,33.84,16,5,50.48,Card,No
CUST02335,60,Male,Basic,17.6,25,4,23.03,Bank Transfer,No
CUST02336,51,Female,Standard,62.92,38,0,5.14,Mobile Wallet,No
CUST02337,42,Male,Basic,25.27,44,4,12.88,Cash,No
CUST02338,67,Female,Standard,32.18,38,6,37.3,Card,No
CUST02339,46,Male,Standard,41.51,45,6,13.21,Mobile Wallet,No
CUST02340,56,Female,Standard,49.08,30,5,16.05,Card,No
CUST02341,48,Female,Basic,36.22,16,4,22.84,Bank Transfer,No
CUST02342,64,Male,Basic,25.66,4,0,17.94,Cash,No
CUST02343,60,Female,Standard,58.32,35,5,42.25,Bank Transfer,No
CUST02344,67,Female,Standard,46.18,61,2,9.84,Mobile Wallet,No
CUST02345,40,Male,Basic,28.32,5,2,15.5,Card,Yes
CUST02346,61,Male,Premium,78.91,41,3,10.64,Bank Transfer,No
CUST02347,55,Male,Basic,29.56,41,3,17.9,Card,No
CUST02348,37,Male,Standard,33.79,28,3,9.86,Card,No
CUST02349,40,Male,Basic,30.97,10,0,24.53,Bank Transfer,No
CUST02350,62,Female,Standard,50.27,52,5,17.9,Bank Transfer,No
CUST02351,69,Male,Standard,53.13,32,2,28.87,Card,Yes
CUST02352,33,Female,Basic,40.84,45,2,31.48,Bank Transfer,No
CUST02353,67,Female,Standard,58.9,16,4,9.49,Card,Yes
CUST02354,59,Male,Standard,37.36,64,0,19.4,Bank Transfer,No
CUST02355,25,Female,Standard,29.62,35,3,13.85,Bank Transfer,No
CUST02356,67,Female,Basic,31.24,17,4,19.82,Cash,No
CUST02357,38,Male,Standard,50.5,42,3,19.38,Card,No
CUST02358,18,Female,Basic,31.23,22,5,6.86,Card,Yes
CUST02359,25,Male,Standard,48.55,50,4,33.24,Cash,No
CUST02360,46,Male,Standard,41.64,21,6,20.09,Mobile Wallet,No
CUST02361,49,Male,Premium,75.76,46,2,24.92,Card,No
CUST02362,55,Female,Standard,29.89,57,4,28.42,Bank Transfer,No
CUST02363,22,Female,Standard,54.23,5,3,13.08,Bank Transfer,Yes
CUST02364,64,Female,Standard,37.15,52,3,11.64,Bank Transfer,Yes
CUST02365,39,Female,Basic,23.93,31,3,28.73,Card,No
CUST02366,64,Male,Basic,32.5,33,5,33.84,Bank Transfer,No
CUST02367,51,Female,Standard,,47,3,38.73,Cash,No
CUST02368,18,Male,Standard,47.73,3,8,31.93,Mobile Wallet,No
CUST02369,43,Female,Basic,40.01,53,6,17.36,Mobile Wallet,No
CUST02370,60,Female,Standard,34.67,56,2,35.3,Card,No
CUST02371,27,Female,Standard,31.45,18,2,14.24,Mobile Wallet,No
CUST02372,47,Female,Standard,37.79,28,6,20.25,Card,Yes
CUST02373,67,Female,Basic,18.13,15,3,47.9,Bank Transfer,No
CUST02374,35,Male,Standard,49.94,50,2,14.01,Card,No
CUST02375,34,Female,Basic,40.26,33,2,79.86,Cash,No
CUST02376,43,Female,Basic,22.89,28,3,40.82,Mobile Wallet,No
CUST02377,25,Female,Standard,44.76,46,2,37.6,Mobile Wallet,No
CUST02378,64,Female,Basic,16.89,72,3,24.76,Card,No
CUST02379,57,Male,Basic,24.49,1,3,6.74,Bank Transfer,No
CUST02380,66,Female,Basic,26.36,71,2,19.45,Bank Transfer,No
CUST02381,29,Male,Standard,42.2,55,5,16.22,Card,No
CUST02382,44,Female,Basic,28.33,58,5,22.34,Mobile Wallet,No
CUST02383,25,Male,Basic,27.87,21,2,18.82,Card,No
CUST02384,42,Male,Standard,58.36,56,5,18.11,Bank Transfer,No
CUST02385,63,Male,Standard,39.39,70,3,45.73,Cash,No
CUST02386,21,Male,Premium,63.15,17,0,16.67,Cash,No
CUST02387,50,Male,Standard,45.56,7,4,33.21,Mobile Wallet,No
CUST02388,18,Female,Standard,55.8,72,5,68.26,Bank Transfer,No
CUST02389,36,Male,Standard,41.33,60,1,41.82,Mobile Wallet,No
CUST02390,48,Female,Basic,35.27,48,3,35.08,Mobile Wallet,No
CUST02391,33,Male,Premium,51.45,10,2,15.68,Bank Transfer,No
CUST02392,31,Male,Standard,52.55,41,4,12.03,Card,No
CUST02393,70,Female,Basic,31.95,19,1,17.82,Card,No
CUST02394,65,Male,Standard,53.04,62,5,18.42,Bank Transfer,No
CUST02395,22,Male,Basic,27.81,66,1,36.56,Bank Transfer,No
CUST02396,58,Male,Premium,72.24,8,6,13.74,Mobile Wallet,No
CUST02397,43,Male,Premium,61.16,30,3,38.72,Mobile Wallet,No
CUST02398,45,Female,Standard,62.53,36,5,6.69,Mobile Wallet,Yes
CUST02399,19,Male,Basic,31.76,50,1,19.84,Bank Transfer,No
CUST02400,67,Male,Basic,17.7,2,2,41.39,Card,Yes
CUST02401,23,Female,Basic,29.15,5,1,37.6,Card,Yes
CUST02402,26,Female,Basic,25.06,46,2,24.53,Mobile Wallet,No
CUST02403,50,Male,Standard,60.53,40,2,20.25,Bank Transfer,No
CUST02404,58,Male,Premium,74.94,57,2,33.03,Cash,No
CUST02405,42,Female,Standard,71.67,11,5,22.27,Cash,No
CUST02406,65,Male,Standard,55.19,72,1,13.65,Mobile Wallet,No
CUST02407,30,Female,Standard,69.29,38,6,19.01,Bank Transfer,Yes
CUST02408,26,Male,Premium,90.52,17,4,9.93,Cash,Yes
CUST02409,70,Female,Basic,32.1,26,2,47.52,Card,Yes
CUST02410,30,Female,Standard,52.58,39,3,39.94,Bank Transfer,No
CUST02411,48,Female,Standard,57.5,67,2,18.42,Mobile Wallet,No
CUST02412,58,Male,Premium,99.71,25,2,27.88,Cash,Yes
CUST02413,28,Male,Premium,72.78,30,3,6.46,Bank Transfer,Yes
CUST02414,21,Male,Standard,59.69,46,4,23.98,Cash,No
CUST02415,51,Male,Basic,26.84,41,1,11.15,Card,No
CUST02416,55,Female,Standard,46.86,50,2,27.35,Mobile Wallet,No
CUST02417,63,Female,Basic,39.97,44,1,58.01,Mobile Wallet,No
CUST02418,21,Female,Standard,55.73,10,2,14.97,Mobile Wallet,No
CUST02419,55,Male,Standard,49.18,2,1,7.08,Bank Transfer,No
CUST02420,36,Male,Standard,40.66,21,7,31.17,Card,Yes
CUST02421,23,Male,Premium,75.39,25,3,17.46,Mobile Wallet,No
CUST02422,51,Female,Standard,39.55,69,4,36.19,Card,No
CUST02423,35,Male,Basic,,22,3,39.16,Mobile Wallet,Yes
CUST02424,30,Male,Basic,28.71,69,2,37.85,Cash,No
CUST02425,58,Female,Premium,80.61,11,1,21.0,Card,No
CUST02426,40,Female,Basic,24.18,44,5,55.13,Card,No
CUST02427,36,Male,Basic,38.52,5,3,13.92,Cash,No
CUST02428,62,Female,Basic,28.51,6,2,43.31,Mobile Wallet,No
CUST02429,28,Male,Standard,41.74,16,5,17.0,Card,No
CUST02430,18,Female,Basic,24.75,46,4,20.51,Card,No
CUST02431,41,Female,Premium,74.71,24,3,33.94,Cash,No
CUST02432,24,Female,Premium,79.02,14,2,18.55,Cash,Yes
CUST02433,42,Male,Premium,54.96,24,2,44.56,Mobile Wallet,No
CUST02434,38,Male,Basic,29.68,23,2,9.59,Mobile Wallet,No
CUST02435,32,Male,Premium,70.81,39,2,47.55,Cash,Yes
CUST02436,18,Female,Premium,99.64,6,5,40.55,Card,No
CUST02437,29,Female,Premium,74.14,21,3,43.27,Cash,No
CUST02438,24,Female,Standard,66.69,46,3,15.89,Card,Yes
CUST02439,32,Female,Standard,44.48,41,2,9.67,Card,No
CUST02440,38,Male,Basic,32.0,59,2,19.03,Cash,No
CUST02441,36,Male,Premium,83.94,69,3,61.78,Bank Transfer,No
CUST02442,46,Male,Basic,25.59,42,2,13.87,Mobile Wallet,No
CUST02443,42,Female,Basic,35.66,59,1,14.08,Card,No
CUST02444,50,Female,Premium,70.09,35,1,8.74,Mobile Wallet,No
CUST02445,66,Male,Standard,52.5,41,5,16.4,Bank Transfer,No
CUST02446,49,Female,Basic,26.97,67,6,14.72,Mobile Wallet,No
CUST02447,66,Male,Premium,94.47,65,1,30.54,Bank Transfer,Yes
CUST02448,52,Female,Premium,94.93,19,6,28.01,Card,Yes
CUST02449,61,Female,Basic,21.81,19,4,27.83,Card,No
CUST02450,55,Male,Premium,93.43,25,0,17.58,Mobile Wallet,No
CUST02451,43,Male,Standard,31.35,39,3,23.96,Cash,No
CUST02452,28,Female,Standard,44.79,33,5,12.59,Card,Yes
CUST02453,52,Male,Basic,30.89,40,4,12.34,Bank Transfer,No
CUST02454,25,Male,Basic,33.39,12,2,,Card,No
CUST02455,63,Female,Basic,36.52,30,4,33.46,Cash,No
CUST02456,31,Female,Basic,37.46,70,4,22.09,Bank Transfer,No
CUST02457,27,Female,Premium,65.46,42,2,20.34,Card,No
CUST02458,19,Male,Standard,56.24,14,3,28.13,Mobile Wallet,No
CUST02459,63,Female,Premium,64.75,5,4,21.73,Bank Transfer,Yes
CUST02460,26,Female,Standard,65.79,36,1,18.64,Cash,No
CUST02461,20,Female,Basic,27.15,59,4,37.86,Cash,No
CUST02462,38,Female,Premium,78.76,57,4,29.89,Bank Transfer,No
CUST02463,43,Female,Premium,86.91,60,2,20.92,Card,No
CUST02464,25,Male,Basic,35.69,63,5,15.3,Cash,No
CUST02465,65,Female,Basic,32.45,49,2,4.97,Bank Transfer,No
CUST02466,19,Female,Standard,60.73,65,2,20.16,Mobile Wallet,No
CUST02467,23,Male,Standard,54.55,52,5,5.37,Bank Transfer,No
CUST02468,45,Female,Premium,87.05,9,2,5.13,Bank Transfer,No
CUST02469,70,Female,Basic,22.37,16,0,,Mobile Wallet,No
CUST02470,46,Male,Basic,22.0,35,2,3.76,Bank Transfer,No
CUST02471,43,Female,Standard,73.26,16,2,18.39,Card,No
CUST02472,42,Male,Standard,41.63,33,6,9.16,Bank Transfer,Yes
CUST02473,29,Female,Basic,28.52,51,2,12.23,Card,Yes
CUST02474,22,Male,Standard,63.89,61,3,25.83,Bank Transfer,No
CUST02475,51,Male,Standard,45.61,59,8,29.51,Mobile Wallet,No
CUST02476,65,Female,Standard,45.4,72,5,27.82,Card,No
CUST02477,54,Male,Basic,34.29,4,3,26.38,Bank Transfer,No
CUST02478,32,Male,Standard,53.47,2,2,47.24,Bank Transfer,No
CUST02479,61,Female,Premium,82.02,71,0,15.9,Card,No
CUST02480,53,Female,Premium,46.13,58,3,12.76,Bank Transfer,No
CUST02481,32,Male,Basic,30.94,62,5,18.82,Mobile Wallet,No
CUST02482,60,Female,Basic,29.53,25,3,14.7,Mobile Wallet,No
CUST02483,65,Male,Premium,90.76,71,2,30.55,Card,No
CUST02484,40,Male,Standard,36.64,25,1,33.64,Bank Transfer,No
CUST02485,23,Female,Standard,28.04,66,6,44.73,Cash,No
CUST02486,63,Female,Standard,52.29,26,6,30.47,Mobile Wallet,No
CUST02487,67,Male,Basic,31.11,55,6,32.42,Mobile Wallet,No
CUST02488,61,Female,Standard,57.64,3,3,9.81,Cash,No
CUST02489,60,Female,Standard,51.27,46,2,48.49,Card,No
CUST02490,62,Male,Standard,70.24,29,1,19.3,Bank Transfer,No
CUST02491,38,Male,Basic,21.43,58,1,,Bank Transfer,No
CUST02492,40,Male,Premium,69.91,11,3,38.57,Bank Transfer,No
CUST02493,60,Male,Standard,47.09,21,4,34.62,Card,No
CUST02494,33,Male,Standard,59.29,43,2,13.5,Card,No
CUST02495,64,Male,Premium,86.62,4,5,22.17,Cash,Yes
CUST02496,70,Female,Standard,31.66,69,5,39.34,Bank Transfer,No
CUST02497,32,Male,Standard,81.93,70,3,26.73,Card,No
CUST02498,42,Female,Premium,93.97,22,2,28.74,Card,No
CUST02499,53,Female,Standard,53.98,6,4,39.79,Card,No
CUST02500,28,Male,Standard,63.29,22,3,25.97,Card,No
CUST02501,68,Female,Premium,63.04,16,1,8.57,Mobile Wallet,Yes
CUST02502,32,Male,Basic,35.59,36,4,25.03,Bank Transfer,Yes
CUST02503,21,Female,Basic,31.47,50,1,32.71,Mobile Wallet,No
CUST02504,38,Male,Premium,75.37,58,0,16.59,Card,No
CUST02505,30,Male,Premium,98.11,71,1,41.25,Card,No
CUST02506,39,Male,Premium,71.98,51,2,17.92,Card,No
CUST02507,36,Male,Basic,28.15,47,4,19.1,Cash,No
CUST02508,51,Female,Basic,20.61,53,3,26.61,Bank Transfer,No
CUST02509,31,Female,Basic,30.81,6,1,14.45,Bank Transfer,No
CUST02510,21,Female,Standard,35.9,25,5,46.7,Card,No
CUST02511,65,Female,Standard,57.71,3,3,26.02,Bank Transfer,No
CUST02512,70,Female,Standard,37.81,13,2,,Bank Transfer,No
CUST02513,69,Male,Basic,31.02,53,2,35.93,Card,No
CUST02514,63,Male,Standard,51.18,67,4,33.22,Bank Transfer,No
CUST02515,44,Male,Standard,60.43,31,5,47.21,Mobile Wallet,Yes
CUST02516,46,Male,Basic,21.88,67,7,31.35,Mobile Wallet,No
CUST02517,64,Male,Premium,64.94,55,6,27.02,Card,No
CUST02518,45,Female,Basic,29.77,66,5,35.71,Card,No
CUST02519,52,Male,Standard,54.28,5,0,43.13,Card,No
CUST02520,25,Male,Premium,64.47,9,3,17.9,Cash,No
CUST02521,33,Female,Standard,43.56,29,3,16.28,Bank Transfer,No
CUST02522,59,Female,Basic,37.1,35,6,22.66,Cash,Yes
CUST02523,53,Male,Basic,32.7,35,2,20.82,Card,No
CUST02524,47,Male,Premium,72.02,50,2,27.07,Cash,No
CUST02525,35,Female,Basic,31.18,30,2,23.07,Bank Transfer,No
CUST02526,19,Male,Standard,54.38,15,5,20.42,Cash,No
CUST02527,66,Male,Premium,69.04,29,5,15.11,Mobile Wallet,No
CUST02528,30,Male,Premium,74.42,25,4,5.34,Mobile Wallet,No
CUST02529,21,Female,Standard,49.42,57,5,20.77,Bank Transfer,No
CUST02530,43,Male,Premium,74.11,51,6,12.12,Card,No
CUST02531,42,Male,Premium,88.16,68,4,4.68,Mobile Wallet,No
CUST02532,47,Female,Standard,32.53,58,3,10.91,Bank Transfer,No
CUST02533,28,Female,Basic,18.85,12,0,17.96,Bank Transfer,No
CUST02534,24,Female,Basic,34.13,69,4,24.79,Card,No
CUST02535,48,Male,Basic,27.12,37,4,12.39,Mobile Wallet,No
CUST02536,61,Female,Premium,79.88,25,1,20.92,Mobile Wallet,Yes
CUST02537,27,Male,Standard,61.79,68,5,13.67,Mobile Wallet,No
CUST02538,56,Female,Premium,79.21,24,2,23.72,Bank Transfer,Yes
CUST02539,30,Male,Standard,38.93,36,2,10.67,Mobile Wallet,No
CUST02540,48,Female,Standard,64.71,2,1,14.72,Cash,Yes
CUST02541,24,Male,Standard,59.32,35,4,34.09,Bank Transfer,No
CUST02542,66,Male,Basic,26.27,8,0,18.7,Mobile Wallet,Yes
CUST02543,59,Female,Premium,69.07,28,4,32.06,Bank Transfer,No
CUST02544,59,Female,Standard,57.06,60,3,36.32,Mobile Wallet,No
CUST02545,53,Male,Standard,53.38,54,5,7.67,Mobile Wallet,No
CUST02546,37,Female,Basic,40.91,44,3,12.85,Cash,No
CUST02547,21,Male,Premium,58.52,10,3,28.38,Mobile Wallet,Yes
CUST02548,24,Female,Premium,69.97,5,2,17.52,Bank Transfer,No
CUST02549,18,Female,Standard,57.93,47,2,30.29,Card,No
CUST02550,61,Male,Standard,38.57,31,2,21.8,Bank Transfer,No
CUST02551,62,Female,Standard,44.47,29,0,13.28,Bank Transfer,No
CUST02552,59,Female,Basic,30.81,3,3,13.48,Card,No
CUST02553,64,Male,Basic,22.54,26,3,14.82,Cash,Yes
CUST02554,30,Male,Standard,50.38,2,3,31.6,Card,Yes
CUST02555,39,Female,Basic,34.13,56,5,26.1,Bank Transfer,Yes
CUST02556,38,Male,Standard,48.0,14,2,7.72,Card,Yes
CUST02557,39,Female,Standard,48.88,15,1,20.71,Mobile Wallet,No
CUST02558,45,Female,Standard,44.33,45,1,18.23,Card,No
CUST02559,26,Male,Basic,28.56,47,1,38.69,Mobile Wallet,No
CUST02560,43,Male,Standard,45.85,20,2,37.63,Mobile Wallet,No
CUST02561,26,Male,Basic,24.63,18,5,24.98,Bank Transfer,No
CUST02562,32,Male,Standard,47.66,61,3,30.56,Card,No
CUST02563,27,Male,Standard,56.97,5,8,9.58,Cash,Yes
CUST02564,41,Male,Premium,72.19,58,2,25.74,Card,Yes
CUST02565,59,Female,Basic,32.44,60,5,28.3,Cash,No
CUST02566,25,Female,Premium,73.68,13,5,6.83,Card,Yes
CUST02567,41,Male,Basic,28.28,40,1,11.53,Card,No
CUST02568,33,Female,Standard,57.46,67,0,39.49,Card,No
CUST02569,66,Female,Standard,46.56,52,6,6.6,Cash,No
CUST02570,43,Female,Standard,51.46,2,3,16.76,Mobile Wallet,Yes
CUST02571,44,Female,Standard,59.21,53,1,11.48,Mobile Wallet,No
CUST02572,54,Male,Standard,41.99,67,3,13.5,Cash,No
CUST02573,21,Female,Basic,30.58,11,5,1.83,Card,No
CUST02574,67,Female,Premium,73.04,11,5,19.23,Bank Transfer,No
CUST02575,41,Male,Basic,22.24,10,3,35.82,Cash,No
CUST02576,36,Male,Basic,26.09,28,1,14.31,Cash,No
CUST02577,53,Male,Basic,22.39,11,1,25.78,Card,No
CUST02578,56,Male,Basic,36.39,7,2,40.61,Cash,No
CUST02579,27,Female,Standard,53.57,29,6,16.29,Bank Transfer,No
CUST02580,42,Male,Standard,49.02,65,4,25.93,Bank Transfer,No
CUST02581,35,Female,Basic,38.82,52,4,50.9,Cash,No
CUST02582,36,Female,Basic,31.49,15,3,22.5,Cash,Yes
CUST02583,53,Male,Standard,47.72,7,3,13.84,Card,Yes
CUST02584,27,Male,Standard,39.82,68,3,26.19,Card,No
CUST02585,50,Male,Premium,78.18,55,1,25.0,Mobile Wallet,No
CUST02586,67,Male,Premium,66.67,3,3,13.61,Cash,No
CUST02587,22,Male,Premium,92.84,20,4,7.41,Mobile Wallet,Yes
CUST02588,64,Male,Standard,38.38,3,3,12.84,Card,No
CUST02589,66,Female,Standard,51.53,29,2,18.36,Mobile Wallet,No
CUST02590,52,Female,Basic,27.59,20,1,22.79,Bank Transfer,No
CUST02591,61,Female,Standard,45.93,10,2,20.18,Mobile Wallet,Yes
CUST02592,51,Female,Basic,27.58,61,4,33.42,Cash,No
CUST02593,50,Male,Premium,84.3,37,3,25.1,Card,No
CUST02594,38,Male,Standard,40.49,51,1,13.71,Card,No
CUST02595,34,Female,Standard,55.16,42,5,20.61,Cash,No
CUST02596,39,Female,Basic,32.51,30,3,37.31,Cash,No
CUST02597,65,Female,Standard,35.3,45,2,52.73,Bank Transfer,No
CUST02598,54,Male,Basic,30.41,24,4,19.67,Mobile Wallet,No
CUST02599,32,Male,Basic,27.79,31,5,14.22,Cash,No
CUST02600,52,Male,Standard,70.87,23,0,29.26,Card,No
CUST02601,45,Female,Basic,29.22,53,4,23.97,Card,No
CUST02602,24,Female,Standard,37.09,42,1,42.46,Mobile Wallet,No
CUST02603,49,Male,Standard,69.43,36,7,43.13,Card,No
CUST02604,28,Male,Premium,74.16,34,2,32.54,Mobile Wallet,No
CUST02605,27,Female,Standard,47.21,26,3,22.64,Cash,Yes
CUST02606,26,Female,Standard,69.42,71,3,14.23,Card,No
CUST02607,31,Male,Premium,71.6,25,2,12.36,Mobile Wallet,No
CUST02608,30,Female,Standard,48.43,3,3,54.47,Card,Yes
CUST02609,42,Male,Standard,33.69,43,5,16.51,Bank Transfer,No
CUST02610,19,Male,Standard,49.61,6,4,6.83,Card,No
CUST02611,52,Female,Premium,70.52,54,3,30.36,Mobile Wallet,No
CUST02612,24,Female,Basic,36.42,52,2,11.92,Card,No
CUST02613,38,Female,Standard,51.58,13,4,15.06,Cash,No
CUST02614,35,Male,Standard,41.81,66,6,27.92,Mobile Wallet,No
CUST02615,20,Female,Basic,31.6,56,2,14.91,Card,No
CUST02616,59,Female,Premium,45.8,47,4,15.35,Cash,No
CUST02617,56,Male,Standard,42.3,65,6,14.12,Card,No
CUST02618,58,Male,Standard,36.08,66,6,19.04,Card,No
CUST02619,66,Female,Standard,50.47,68,1,83.1,Mobile Wallet,No
CUST02620,28,Male,Basic,22.39,13,4,30.09,Card,No
CUST02621,56,Male,Premium,60.79,30,4,6.85,Card,No
CUST02622,41,Male,Premium,57.14,33,2,12.79,Mobile Wallet,No
CUST02623,63,Female,Standard,70.07,38,3,31.82,Card,Yes
CUST02624,36,Female,Premium,75.12,43,2,7.59,Bank Transfer,Yes
CUST02625,21,Male,Basic,38.51,3,1,33.84,Card,No
CUST02626,43,Male,Premium,61.05,43,1,14.87,Cash,No
CUST02627,55,Male,Basic,26.26,71,2,30.31,Mobile Wallet,No
CUST02628,59,Female,Basic,35.39,4,1,12.87,Card,No
CUST02629,49,Male,Basic,45.14,32,1,20.02,Mobile Wallet,No
CUST02630,56,Male,Basic,27.17,1,1,,Bank Transfer,No
CUST02631,62,Female,Basic,28.28,13,1,12.01,Bank Transfer,No
CUST02632,63,Male,Premium,60.24,36,3,14.06,Cash,No
CUST02633,53,Female,Premium,70.38,26,0,22.45,Mobile Wallet,No
CUST02634,57,Female,Basic,36.69,22,4,43.78,Cash,No
CUST02635,54,Female,Basic,29.68,11,2,21.77,,No
CUST02636,50,Male,Premium,70.01,25,5,29.27,Card,Yes
CUST02637,53,Male,Standard,59.96,45,2,65.95,Bank Transfer,No
CUST02638,20,Female,Basic,35.18,36,4,36.53,Mobile Wallet,No
CUST02639,26,Male,Standard,57.78,34,3,,Bank Transfer,No
CUST02640,25,Female,Standard,57.62,34,3,32.72,Bank Transfer,Yes
CUST02641,50,Male,Basic,35.97,32,4,11.16,Card,No
CUST02642,23,Female,Standard,36.61,25,0,9.94,Mobile Wallet,No
CUST02643,58,Female,Standard,63.83,67,1,39.73,Card,No
CUST02644,56,Male,Basic,40.66,59,1,27.89,Cash,No
CUST02645,21,Male,Premium,68.73,57,3,23.62,Bank Transfer,Yes
CUST02646,30,Male,Standard,48.67,29,4,21.57,Card,No
CUST02647,66,Male,Basic,36.62,21,3,22.3,Card,No
CUST02648,19,Female,Basic,34.17,21,1,27.02,Mobile Wallet,No
CUST02649,22,Female,Basic,23.23,71,1,5.67,Mobile Wallet,No
CUST02650,61,Male,Standard,52.44,47,3,8.22,Bank Transfer,No
CUST02651,44,Male,Basic,33.48,32,3,28.2,Bank Transfer,No
CUST02652,49,Female,Standard,43.42,22,2,,Bank Transfer,No
CUST02653,38,Male,Basic,41.66,42,4,24.44,Card,No
CUST02654,25,Male,Standard,61.03,11,1,18.89,Mobile Wallet,Yes
CUST02655,55,Male,Standard,43.85,58,1,14.43,Card,No
CUST02656,25,Male,Standard,38.61,41,4,9.19,Bank Transfer,No
CUST02657,67,Female,Standard,42.77,25,4,17.25,Mobile Wallet,No
CUST02658,20,Female,Premium,89.89,16,3,19.55,Cash,Yes
CUST02659,61,Male,Standard,67.91,66,3,14.71,Card,No
CUST02660,20,Female,Standard,41.69,70,2,37.15,Card,No
CUST02661,39,Male,Standard,62.63,34,3,23.56,Card,No
CUST02662,23,Male,Premium,78.41,46,4,7.65,Bank Transfer,No
CUST02663,19,Male,Basic,30.16,48,6,7.01,Bank Transfer,No
CUST02664,40,Female,Basic,44.13,37,2,25.13,Bank Transfer,No
CUST02665,61,Female,Standard,56.44,22,5,12.41,Card,No
CUST02666,19,Female,Standard,49.3,7,6,61.62,Card,No
CUST02667,55,Female,Standard,34.6,47,1,18.78,Cash,No
CUST02668,34,Female,Basic,34.26,17,1,8.57,Card,No
CUST02669,52,Male,Basic,33.38,3,2,22.38,Cash,Yes
CUST02670,51,Male,Premium,52.8,12,4,17.87,Card,No
CUST02671,40,Female,Basic,31.45,70,1,42.97,Bank Transfer,No
CUST02672,47,Female,Basic,25.44,19,7,23.32,Card,No
CUST02673,69,Female,Standard,60.13,31,2,13.57,Card,Yes
CUST02674,25,Male,Premium,81.3,2,6,11.18,Card,Yes
CUST02675,39,Female,Standard,43.67,18,4,12.9,Bank Transfer,No
CUST02676,61,Male,Premium,54.45,55,5,28.48,Bank Transfer,No
CUST02677,53,Male,Basic,21.52,4,3,35.72,Mobile Wallet,Yes
CUST02678,22,Female,Standard,46.53,22,0,30.7,Cash,No
CUST02679,30,Male,Basic,29.58,34,2,6.72,Card,No
CUST02680,46,Male,Premium,57.97,48,6,52.24,Bank Transfer,No
CUST02681,48,Female,Standard,59.29,70,5,8.21,Card,No
CUST02682,64,Male,Basic,32.06,24,3,9.98,Bank Transfer,No
CUST02683,33,Female,Standard,58.65,45,3,31.0,Cash,No
CUST02684,59,Male,Standard,62.45,10,0,10.44,Cash,No
CUST02685,47,Female,Standard,56.72,46,3,31.54,Card,No
CUST02686,33,Female,Premium,65.25,36,5,30.34,Bank Transfer,Yes
CUST02687,29,Male,Basic,38.27,51,1,12.02,Mobile Wallet,No
CUST02688,34,Female,Basic,24.56,32,3,17.28,Card,No
CUST02689,33,Male,Basic,35.54,32,2,23.09,Card,No
CUST02690,29,Male,Basic,20.24,15,3,45.61,Card,No
CUST02691,25,Female,Basic,30.45,9,2,20.28,Card,No
CUST02692,37,Male,Standard,48.43,58,4,66.49,Card,No
CUST02693,20,Female,Basic,24.95,36,0,33.28,Card,No
CUST02694,33,Male,Premium,98.74,22,1,20.71,Bank Transfer,No
CUST02695,47,Male,Basic,37.2,13,4,18.02,Cash,No
CUST02696,62,Female,Basic,37.48,41,1,19.05,Card,No
CUST02697,40,Male,Basic,32.66,26,8,25.66,Mobile Wallet,No
CUST02698,45,Male,Standard,33.32,61,0,10.09,Card,No
CUST02699,68,Male,Standard,43.94,44,3,33.61,Mobile Wallet,No
CUST02700,57,Male,Premium,80.91,30,2,29.35,Card,Yes
CUST02701,22,Male,Standard,53.56,37,4,15.02,Card,No
CUST02702,37,Male,Premium,89.72,58,5,16.86,Mobile Wallet,No
CUST02703,57,Male,Standard,48.83,35,3,47.41,Bank Transfer,No
CUST02704,61,Male,Basic,28.73,49,6,24.66,Card,Yes
CUST02705,18,Female,Premium,90.1,59,2,17.87,Cash,No
CUST02706,47,Male,Premium,82.1,7,2,28.94,Mobile Wallet,Yes
CUST02707,38,Male,Premium,56.06,35,5,39.11,Mobile Wallet,Yes
CUST02708,37,Female,Basic,21.22,39,1,29.5,Mobile Wallet,No
CUST02709,23,Female,Standard,43.03,6,2,10.67,Cash,Yes
CUST02710,39,Female,Basic,39.94,65,6,38.45,Card,No
CUST02711,35,Male,Basic,36.07,27,1,34.45,Card,No
CUST02712,25,Female,Standard,47.55,11,6,27.42,Card,No
CUST02713,56,Female,Premium,113.02,9,3,33.85,Card,Yes
CUST02714,49,Male,Standard,34.37,10,3,10.84,Card,No
CUST02715,50,Male,Premium,,54,0,35.77,Card,No
CUST02716,70,Female,Basic,24.46,43,1,6.21,Card,No
CUST02717,33,Female,Basic,25.07,50,1,28.88,Bank Transfer,No
CUST02718,29,Male,Standard,54.41,46,3,14.78,Card,No
CUST02719,55,Male,Standard,51.81,63,1,28.13,Mobile Wallet,No
CUST02720,69,Male,Premium,73.47,49,2,12.16,Mobile Wallet,Yes
CUST02721,51,Male,Basic,33.81,31,1,,Cash,No
CUST02722,31,Male,Standard,44.82,63,5,22.51,Card,No
CUST02723,53,Female,Standard,37.32,8,5,49.82,Mobile Wallet,No
CUST02724,50,Male,Basic,47.46,40,9,33.74,Cash,No
CUST02725,40,Male,Premium,75.22,60,1,9.77,,No
CUST02726,67,Male,Standard,37.77,51,1,29.27,Bank Transfer,No
CUST02727,62,Male,Standard,54.97,5,1,33.16,Card,No
CUST02728,19,Male,Premium,68.16,31,0,31.06,Mobile Wallet,No
CUST02729,58,Female,Basic,22.18,7,3,12.54,Bank Transfer,No
CUST02730,38,Male,Premium,70.7,45,1,26.52,Card,Yes
CUST02731,19,Female,Basic,37.77,47,0,6.36,Card,No
CUST02732,44,Male,Basic,34.31,14,3,10.07,Card,No
CUST02733,26,Female,Premium,81.03,25,2,50.55,Mobile Wallet,No
CUST02734,18,Female,Premium,69.43,47,3,52.0,Bank Transfer,Yes
CUST02735,28,Male,Standard,38.1,46,3,13.91,Mobile Wallet,No
CUST02736,20,Male,Standard,42.22,45,5,44.61,Card,No
CUST02737,69,Male,Premium,77.73,31,3,24.71,Mobile Wallet,No
CUST02738,40,Male,Basic,29.16,52,4,26.94,Mobile Wallet,No
CUST02739,43,Male,Basic,27.86,4,1,5.26,Cash,No
CUST02740,21,Female,Standard,61.2,46,3,77.82,Mobile Wallet,No
CUST02741,35,Male,Basic,19.18,29,4,14.18,Card,No
CUST02742,23,Male,Basic,20.67,49,2,24.69,Card,No
CUST02743,52,Female,Premium,87.42,65,3,12.0,Card,No
CUST02744,39,Male,Basic,21.24,1,3,14.64,Mobile Wallet,No
CUST02745,60,Female,Premium,73.3,68,2,21.47,Bank Transfer,No
CUST02746,32,Male,Standard,49.44,59,4,37.92,Cash,No
CUST02747,39,Female,Standard,36.44,37,6,20.92,Card,No
CUST02748,54,Male,Standard,69.21,52,2,9.62,Card,No
CUST02749,69,Female,Standard,50.96,2,2,40.82,Bank Transfer,Yes
CUST02750,59,Female,Basic,30.68,21,3,43.15,Card,No
CUST02751,29,Male,Basic,26.19,29,2,8.84,Mobile Wallet,No
CUST02752,64,Male,Standard,50.8,38,5,29.13,Cash,No
CUST02753,66,Male,Basic,27.95,32,3,13.38,Cash,No
CUST02754,59,Female,Basic,25.14,41,3,14.31,Bank Transfer,No
CUST02755,55,Female,Premium,63.32,22,4,22.55,Mobile Wallet,No
CUST02756,35,Female,Premium,73.66,42,6,15.26,Card,No
CUST02757,62,Male,Standard,53.4,12,2,9.65,Cash,No
CUST02758,52,Male,Basic,29.46,57,4,25.02,Card,No
CUST02759,47,Female,Standard,46.59,8,3,10.01,Cash,Yes
CUST02760,41,Male,Premium,95.59,28,5,40.1,Mobile Wallet,Yes
CUST02761,59,Female,Basic,28.21,57,2,7.65,Card,No
CUST02762,47,Male,Basic,17.03,53,1,17.16,Mobile Wallet,No
CUST02763,31,Male,Premium,93.97,17,4,27.64,Card,No
CUST02764,23,Female,Premium,38.65,21,6,7.75,Mobile Wallet,No
CUST02765,20,Male,Standard,39.96,51,1,19.01,Card,No
CUST02766,33,Male,Basic,38.72,7,2,3.49,Card,No
CUST02767,24,Male,Standard,53.52,61,3,16.36,Cash,No
CUST02768,69,Male,Standard,46.29,54,1,19.86,Mobile Wallet,No
CUST02769,31,Male,Basic,28.44,41,0,32.72,Card,No
CUST02770,26,Female,Basic,32.6,60,1,45.51,Mobile Wallet,No
CUST02771,32,Male,Basic,30.47,44,3,8.79,Card,No
CUST02772,38,Female,Standard,62.6,29,3,10.44,Mobile Wallet,No
CUST02773,52,Male,Standard,53.98,43,2,8.95,Mobile Wallet,No
CUST02774,19,Male,Premium,92.2,37,2,40.75,Cash,No
CUST02775,44,Female,Standard,54.81,61,2,22.24,Mobile Wallet,No
CUST02776,19,Female,Premium,92.55,59,1,9.06,Card,No
CUST02777,52,Male,Premium,75.95,61,2,25.87,Mobile Wallet,No
CUST02778,35,Male,Basic,32.39,72,3,14.41,Bank Transfer,No
CUST02779,31,Female,Basic,22.01,20,2,15.29,Card,No
CUST02780,37,Female,Standard,50.96,44,4,51.08,Card,No
CUST02781,35,Female,Basic,25.69,56,2,5.26,Bank Transfer,No
CUST02782,27,Female,Premium,91.86,48,1,8.68,Card,Yes
CUST02783,42,Male,Basic,30.78,15,4,22.44,Card,No
CUST02784,19,Male,Basic,25.7,56,0,45.4,Bank Transfer,No
CUST02785,42,Male,Standard,51.85,56,3,11.22,Card,No
CUST02786,50,Male,Standard,53.02,46,2,54.1,Mobile Wallet,No
CUST02787,53,Male,Standard,41.6,57,5,18.77,Card,Yes
CUST02788,48,Female,Standard,56.16,45,3,52.08,Bank Transfer,No
CUST02789,31,Female,Basic,38.78,42,6,17.14,Bank Transfer,Yes
CUST02790,18,Female,Basic,24.37,62,3,33.92,Bank Transfer,No
CUST02791,63,Male,Premium,66.17,8,4,21.11,Card,Yes
CUST02792,33,Female,Basic,31.12,14,5,17.96,Mobile Wallet,No
CUST02793,63,Male,Basic,27.09,26,4,22.27,Cash,No
CUST02794,69,Male,Standard,52.92,41,4,35.18,Mobile Wallet,No
CUST02795,20,Male,Basic,36.12,29,6,19.5,Mobile Wallet,No
CUST02796,52,Female,Standard,42.64,63,4,14.5,Mobile Wallet,No
CUST02797,58,Male,Standard,53.59,13,2,52.41,Cash,Yes
CUST02798,23,Male,Standard,51.31,59,2,72.13,Cash,No
CUST02799,42,Female,Standard,48.67,47,4,44.23,Card,No
CUST02800,30,Male,Basic,25.64,21,4,6.28,Card,No
CUST02801,70,Female,Standard,54.66,12,1,26.32,Mobile Wallet,No
CUST02802,51,Male,Basic,43.86,24,3,22.36,Card,No
CUST02803,25,Female,Basic,35.96,21,3,39.57,Bank Transfer,No
CUST02804,38,Male,Standard,46.0,4,3,4.38,Card,No
CUST02805,51,Male,Basic,39.45,25,2,55.09,Card,No
CUST02806,21,Female,Standard,66.88,8,3,24.91,Bank Transfer,Yes
CUST02807,42,Male,Standard,41.41,36,2,18.87,Card,No
CUST02808,32,Female,Premium,77.09,34,5,14.62,Mobile Wallet,Yes
CUST02809,21,Male,Standard,48.21,50,3,36.0,Card,No
CUST02810,62,Female,Basic,41.14,28,4,24.66,Mobile Wallet,Yes
CUST02811,29,Male,Standard,48.64,62,0,34.26,Bank Transfer,No
CUST02812,49,Male,Basic,39.85,44,4,15.61,Card,No
CUST02813,49,Male,Standard,47.36,32,3,34.66,Card,No
CUST02814,45,Female,Basic,38.55,8,1,27.78,Bank Transfer,No
CUST02815,30,Female,Basic,30.36,54,4,22.2,Card,No
CUST02816,48,Female,Standard,68.78,17,2,29.67,Mobile Wallet,No
CUST02817,31,Female,Standard,64.64,12,5,30.06,Bank Transfer,Yes
CUST02818,37,Female,Standard,39.18,67,4,36.96,Bank Transfer,No
CUST02819,35,Male,Standard,48.12,71,0,15.62,Card,No
CUST02820,46,Male,Standard,50.2,26,2,16.22,Card,No
CUST02821,23,Male,Standard,45.56,33,3,24.08,Card,No
CUST02822,49,Male,Standard,60.03,44,2,51.61,Mobile Wallet,No
CUST02823,46,Male,Basic,41.44,32,5,47.1,Mobile Wallet,No
CUST02824,60,Female,Standard,45.2,38,2,47.26,Card,No
CUST02825,19,Male,Standard,50.12,10,3,45.62,Bank Transfer,Yes
CUST02826,40,Female,Basic,37.34,70,1,11.95,Card,No
CUST02827,36,Male,Basic,34.8,1,3,39.54,Mobile Wallet,No
CUST02828,48,Female,Basic,31.08,70,2,17.92,Card,No
CUST02829,68,Female,Standard,54.78,25,4,14.4,Mobile Wallet,No
CUST02830,22,Female,Standard,43.07,52,3,13.47,Card,No
CUST02831,36,Male,Basic,38.64,52,3,15.44,Card,No
CUST02832,51,Male,Standard,42.72,12,3,17.6,Mobile Wallet,No
CUST02833,27,Male,Premium,78.87,46,5,35.71,Card,No
CUST02834,42,Male,Basic,29.24,9,3,17.0,Mobile Wallet,No
CUST02835,19,Female,Basic,34.16,45,0,30.3,Card,No
CUST02836,28,Female,Basic,29.69,36,6,63.53,Cash,No
CUST02837,67,Female,Standard,46.54,9,2,48.54,Card,Yes
CUST02838,48,Female,Standard,62.48,40,1,13.01,Card,No
CUST02839,32,Male,Standard,45.29,34,3,24.18,Mobile Wallet,No
CUST02840,26,Female,Premium,70.07,53,3,10.3,Bank Transfer,No
CUST02841,40,Male,Standard,43.27,45,4,27.07,Card,No
CUST02842,36,Female,Basic,38.59,33,1,54.11,Mobile Wallet,No
CUST02843,26,Female,Standard,60.56,29,2,11.52,Bank Transfer,No
CUST02844,52,Female,Basic,34.74,38,0,24.26,Mobile Wallet,No
CUST02845,38,Male,Standard,46.46,48,1,22.77,Mobile Wallet,No
CUST02846,26,Male,Basic,37.62,59,1,35.49,Bank Transfer,Yes
CUST02847,45,Female,Standard,40.78,62,3,2.14,Bank Transfer,No
CUST02848,63,Female,Basic,24.82,35,0,23.21,Bank Transfer,No
CUST02849,68,Female,Premium,67.49,47,1,18.55,Cash,No
CUST02850,24,Male,Basic,26.95,59,1,23.27,Card,No
CUST02851,33,Male,Standard,41.45,59,3,44.25,Card,No
CUST02852,33,Male,Basic,32.37,2,3,17.87,Card,No
CUST02853,50,Female,Premium,76.76,60,3,36.45,Bank Transfer,No
CUST02854,21,Male,Standard,42.85,6,3,23.76,Cash,Yes
CUST02855,21,Female,Basic,24.71,25,3,38.45,Card,Yes
CUST02856,56,Male,Premium,71.8,53,2,26.28,Card,No
CUST02857,57,Female,Standard,61.28,4,5,26.95,Bank Transfer,No
CUST02858,34,Female,Standard,41.64,72,3,31.91,Card,No
CUST02859,54,Male,Standard,56.7,56,3,6.82,Bank Transfer,No
CUST02860,56,Female,Basic,29.38,2,1,54.84,Card,No
CUST02861,69,Female,Premium,61.74,17,4,42.38,Card,No
CUST02862,46,Female,Basic,30.38,68,6,18.59,Card,No
CUST02863,69,Male,Basic,15.0,48,2,30.08,Card,No
CUST02864,53,Female,Premium,64.72,27,7,20.54,Mobile Wallet,No
CUST02865,55,Male,Standard,37.72,34,1,37.58,Mobile Wallet,No
CUST02866,56,Male,Basic,20.95,41,0,30.95,Cash,Yes
CUST02867,67,Female,Basic,26.42,6,2,34.58,Mobile Wallet,No
CUST02868,54,Male,Standard,57.44,6,2,6.1,Bank Transfer,No
CUST02869,69,Female,Basic,28.54,28,3,6.34,Card,No
CUST02870,52,Male,Premium,70.89,8,4,17.05,Mobile Wallet,No
CUST02871,24,Female,Standard,35.99,1,7,10.34,Bank Transfer,No
CUST02872,44,Male,Basic,27.6,18,1,9.14,Mobile Wallet,No
CUST02873,45,Female,Standard,48.81,47,5,23.53,Card,No
CUST02874,39,Female,Standard,62.05,11,3,44.42,Mobile Wallet,No
CUST02875,31,Female,Standard,52.0,6,3,13.0,Mobile Wallet,Yes
CUST02876,24,Female,Standard,62.15,14,2,30.2,Mobile Wallet,No
CUST02877,54,Male,Premium,82.61,22,2,19.74,Mobile Wallet,No
CUST02878,39,Male,Standard,62.15,31,4,22.94,Mobile Wallet,No
CUST02879,22,Female,Standard,51.57,28,4,12.02,Mobile Wallet,No
CUST02880,19,Male,Basic,28.04,19,2,24.48,Card,No
CUST02881,44,Female,Standard,32.83,1,4,59.94,Bank Transfer,No
CUST02882,38,Female,Standard,61.1,67,1,23.08,Mobile Wallet,No
CUST02883,55,Male,Standard,48.16,72,1,10.97,Bank Transfer,No
CUST02884,32,Male,Basic,35.55,13,4,15.35,Mobile Wallet,Yes
CUST02885,38,Female,Premium,77.57,51,2,15.32,Mobile Wallet,No
CUST02886,27,Male,Basic,38.9,1,2,35.42,Mobile Wallet,No
CUST02887,40,Female,Standard,52.27,29,1,15.89,,No
CUST02888,56,Male,Standard,51.47,13,1,25.1,Bank Transfer,No
CUST02889,22,Male,Standard,68.94,42,3,7.81,Card,No
CUST02890,18,Male,Standard,25.08,29,1,26.83,Cash,No
CUST02891,30,Male,Standard,45.9,16,6,8.46,Card,No
CUST02892,38,Male,Basic,35.27,60,6,7.13,Card,No
CUST02893,43,Female,Standard,41.72,34,2,57.61,Card,No
CUST02894,67,Male,Basic,27.15,40,1,32.96,Card,Yes
CUST02895,62,Male,Standard,36.61,67,3,13.68,Card,No
CUST02896,38,Female,Basic,37.79,55,6,27.89,Mobile Wallet,Yes
CUST02897,70,Female,Premium,92.47,58,3,29.91,Mobile Wallet,Yes
CUST02898,35,Female,Standard,40.86,52,1,41.79,Cash,No
CUST02899,54,Male,Standard,55.12,64,3,34.91,Mobile Wallet,No
CUST02900,62,Male,Standard,44.02,4,2,14.88,Cash,No
CUST02901,49,Female,Premium,74.37,48,3,6.86,Card,Yes
CUST02902,53,Female,Basic,40.35,72,2,26.0,Mobile Wallet,No
CUST02903,34,Female,Standard,40.48,18,4,13.84,Card,No
CUST02904,52,Female,Standard,45.72,10,2,36.75,Card,No
CUST02905,66,Male,Basic,29.32,14,3,19.84,Card,Yes
CUST02906,28,Male,Basic,28.16,51,1,59.03,Mobile Wallet,No
CUST02907,38,Male,Basic,29.02,46,3,21.25,Bank Transfer,No
CUST02908,69,Male,Basic,39.2,66,5,24.17,Bank Transfer,No
CUST02909,70,Male,Standard,62.49,61,3,47.02,Card,No
CUST02910,43,Female,Basic,26.65,2,3,24.53,Mobile Wallet,Yes
CUST02911,21,Male,Standard,43.37,35,8,41.02,Mobile Wallet,No
CUST02912,51,Female,Basic,26.09,34,4,7.16,Card,No
CUST02913,69,Female,Basic,17.48,70,4,14.73,Card,No
CUST02914,65,Female,Premium,85.33,68,3,36.51,Bank Transfer,No
CUST02915,35,Male,Standard,55.96,65,4,19.11,Card,No
CUST02916,57,Female,Basic,28.01,35,5,13.9,Card,No
CUST02917,52,Male,Standard,49.76,48,3,66.75,Mobile Wallet,No
CUST02918,58,Female,Basic,32.71,47,3,41.11,Bank Transfer,No
CUST02919,46,Male,Basic,31.82,11,4,40.07,,No
CUST02920,69,Female,Basic,26.84,62,2,10.74,Card,No
CUST02921,46,Male,Premium,88.76,4,3,75.54,Card,Yes
CUST02922,55,Female,Standard,49.92,33,4,22.35,Cash,No
CUST02923,59,Female,Standard,58.28,34,2,46.03,Mobile Wallet,No
CUST02924,38,Female,Premium,60.59,35,5,16.32,Mobile Wallet,No
CUST02925,59,Female,Premium,55.47,53,4,15.52,Card,No
CUST02926,30,Male,Standard,32.47,28,2,31.63,Cash,No
CUST02927,66,Male,Standard,47.52,23,2,8.5,Card,No
CUST02928,58,Male,Basic,25.22,49,2,5.26,Card,No
CUST02929,34,Female,Basic,28.13,2,5,18.09,Bank Transfer,Yes
CUST02930,26,Female,Standard,61.27,26,2,29.36,Mobile Wallet,No
CUST02931,58,Female,Standard,45.65,17,2,21.3,Mobile Wallet,No
CUST02932,18,Female,Premium,63.82,43,4,22.36,Mobile Wallet,No
CUST02933,19,Female,Standard,44.96,59,4,37.73,Card,No
CUST02934,65,Female,Standard,53.54,66,3,24.03,Bank Transfer,No
CUST02935,46,Male,Standard,58.11,39,4,25.7,Cash,No
CUST02936,50,Male,Basic,25.18,26,3,24.67,Mobile Wallet,No
CUST02937,27,Male,Standard,44.68,22,2,11.58,Bank Transfer,No
CUST02938,67,Male,Standard,52.87,22,1,46.25,Card,No
CUST02939,57,Male,Standard,68.15,58,3,9.13,Mobile Wallet,Yes
CUST02940,38,Male,Standard,53.15,29,2,35.51,Mobile Wallet,No
CUST02941,45,Male,Basic,18.62,10,4,23.86,Mobile Wallet,No
CUST02942,28,Male,Standard,68.92,25,5,22.56,Mobile Wallet,No
CUST02943,51,Female,Standard,41.85,21,3,29.13,Mobile Wallet,No
CUST02944,25,Female,Standard,42.16,61,5,54.22,Bank Transfer,No
CUST02945,39,Female,Standard,60.08,39,4,16.19,Card,No
CUST02946,25,Female,Basic,37.29,66,3,25.85,Card,No
CUST02947,66,Female,Basic,21.83,6,6,37.68,Cash,No
CUST02948,32,Female,Basic,25.36,1,1,25.44,Mobile Wallet,No
CUST02949,34,Female,Standard,54.4,28,6,18.91,Cash,No
CUST02950,40,Male,Standard,64.44,11,2,41.75,Bank Transfer,No
CUST02951,41,Male,Premium,70.96,39,1,19.16,Bank Transfer,Yes
CUST02952,62,Female,Basic,24.44,69,5,15.74,Card,No
CUST02953,36,Male,Basic,28.37,18,3,23.57,Card,No
CUST02954,22,Male,Standard,57.47,20,2,11.42,Card,No
CUST02955,49,Male,Standard,52.06,58,1,63.59,Bank Transfer,No
CUST02956,61,Male,Standard,62.58,50,3,18.46,Card,No
CUST02957,18,Male,Premium,77.19,41,3,34.27,Card,No
CUST02958,40,Female,Premium,74.04,18,0,4.29,Mobile Wallet,No
CUST02959,54,Male,Basic,38.69,34,4,34.92,Card,No
CUST02960,25,Female,Premium,65.48,66,2,9.4,Bank Transfer,No
CUST02961,30,Female,Basic,34.21,65,1,12.42,Card,No
CUST02962,25,Female,Standard,43.06,27,8,21.27,Bank Transfer,No
CUST02963,40,Male,Standard,30.43,30,2,48.46,Card,No
CUST02964,60,Female,Standard,52.25,1,4,17.19,,No
CUST02965,18,Female,Basic,33.57,41,2,18.51,Card,No
CUST02966,62,Female,Basic,32.18,62,2,4.12,Bank Transfer,No
CUST02967,68,Female,Standard,61.56,1,0,31.6,Mobile Wallet,No
CUST02968,41,Male,Basic,25.69,5,2,45.28,,No
CUST02969,52,Female,Basic,38.3,48,2,13.43,Card,No
CUST02970,41,Female,Standard,54.16,5,2,11.82,Mobile Wallet,No
CUST02971,34,Female,Standard,59.5,71,2,8.44,Card,No
CUST02972,22,Female,Standard,49.02,26,3,26.16,Mobile Wallet,No
CUST02973,37,Male,Basic,25.38,49,1,22.5,Bank Transfer,No
CUST02974,38,Female,Premium,72.64,70,0,39.14,Card,No
CUST02975,57,Female,Basic,33.15,61,5,52.76,Card,No
CUST02976,48,Female,Premium,61.68,3,1,22.91,Card,Yes
CUST02977,63,Female,Standard,50.38,39,0,44.59,Card,No
CUST02978,53,Female,Standard,52.51,49,1,7.6,Cash,No
CUST02979,28,Female,Premium,50.75,14,1,20.5,Cash,No
CUST02980,69,Male,Basic,17.43,20,0,43.5,Mobile Wallet,No
CUST02981,32,Female,Basic,21.92,58,7,21.08,Bank Transfer,No
CUST02982,36,Male,Standard,43.38,44,5,20.43,Bank Transfer,No
CUST02983,24,Male,Basic,27.72,9,2,28.37,Card,No
CUST02984,68,Female,Standard,63.5,63,4,14.1,Bank Transfer,Yes
CUST02985,45,Male,Basic,23.25,62,5,28.76,Card,No
CUST02986,68,Female,Premium,67.4,6,2,14.96,Bank Transfer,Yes
CUST02987,60,Male,Standard,51.98,66,2,4.51,Mobile Wallet,No
CUST02988,22,Female,Basic,33.43,43,4,26.4,Cash,No
CUST02989,22,Male,Premium,28.9,64,3,29.58,Card,No
CUST02990,47,Male,Basic,38.94,44,2,32.28,Mobile Wallet,No
CUST02991,49,Female,Basic,25.42,5,4,2.95,Card,Yes
CUST02992,25,Male,Standard,46.66,13,5,26.89,Bank Transfer,No
CUST02993,27,Male,Standard,50.25,15,7,9.98,Bank Transfer,No
CUST02994,55,Male,Standard,55.8,34,2,30.42,Cash,No
CUST02995,64,Male,Standard,39.81,56,3,23.8,Mobile Wallet,No
CUST02996,49,Male,Basic,33.99,30,2,8.35,Card,Yes
CUST02997,65,Female,Premium,83.94,56,4,11.76,Card,No
CUST02998,45,Male,Standard,73.84,25,3,37.93,Card,Yes
CUST02999,34,Male,Basic,35.87,68,4,48.23,Mobile Wallet,No
CUST03000,48,Female,Standard,41.05,47,2,26.96,Cash,No
CUST03001,25,Female,Standard,45.68,28,3,13.79,Card,No
CUST03002,57,Female,Basic,22.37,37,1,17.3,Bank Transfer,No
CUST03003,42,Male,Basic,42.81,36,1,2.96,Bank Transfer,No
CUST03004,26,Male,Basic,30.99,1,2,31.37,Bank Transfer,No
CUST03005,19,Male,Premium,69.31,25,3,26.68,Mobile Wallet,No
CUST03006,32,Male,Standard,52.42,41,3,15.29,Mobile Wallet,No
CUST03007,67,Female,Basic,34.1,55,4,32.62,Card,No
CUST03008,20,Female,Basic,,69,3,21.95,Cash,No
CUST03009,66,Male,Standard,27.22,57,2,27.41,Mobile Wallet,No
CUST03010,53,Male,Standard,46.73,3,2,12.17,Card,Yes
CUST03011,21,Male,Standard,47.09,8,4,33.4,Card,Yes
CUST03012,31,Male,Premium,76.28,48,4,7.16,Card,Yes
CUST03013,58,Female,Standard,63.44,59,3,16.26,Bank Transfer,No
CUST03014,58,Female,Standard,47.55,36,4,42.19,Card,No
CUST03015,42,Male,Standard,53.68,55,3,52.29,Bank Transfer,No
CUST03016,67,Female,Premium,60.79,41,1,16.38,Mobile Wallet,No
CUST03017,27,Male,Basic,27.34,59,2,12.75,Mobile Wallet,No
CUST03018,38,Male,Basic,30.19,34,3,14.02,Bank Transfer,No
CUST03019,53,Female,Standard,33.64,30,3,13.91,Bank Transfer,No
CUST03020,29,Male,Basic,21.24,62,4,10.3,Mobile Wallet,No
CUST03021,44,Female,Basic,32.12,70,2,43.6,Card,No
CUST03022,57,Male,Standard,47.2,55,4,18.74,Bank Transfer,No
CUST03023,19,Female,Basic,29.24,22,1,34.26,Bank Transfer,No
CUST03024,30,Male,Basic,38.46,22,1,12.22,Bank Transfer,No
CUST03025,70,Female,Standard,42.8,13,4,27.36,Bank Transfer,No
CUST03026,49,Male,Standard,41.5,23,2,31.03,Mobile Wallet,No
CUST03027,48,Male,Basic,25.69,18,4,5.09,Bank Transfer,No
CUST03028,33,Female,Premium,86.25,66,1,38.85,Mobile Wallet,No
CUST03029,49,Male,Basic,34.7,14,2,15.51,Mobile Wallet,No
CUST03030,49,Female,Standard,49.77,32,4,33.03,Mobile Wallet,No
CUST03031,51,Female,Basic,37.99,30,5,27.38,Card,No
CUST03032,28,Male,Standard,49.58,19,2,18.28,Cash,No
CUST03033,27,Male,Basic,21.16,69,1,15.65,Card,No
CUST03034,32,Male,Basic,31.4,48,3,12.54,Card,No
CUST03035,34,Male,Basic,23.22,5,1,8.98,Bank Transfer,No
CUST03036,57,Female,Standard,67.97,39,4,12.93,Mobile Wallet,No
CUST03037,35,Male,Standard,48.77,43,1,26.69,Card,No
CUST03038,26,Male,Basic,37.94,19,3,26.6,Bank Transfer,No
CUST03039,42,Male,Premium,92.93,39,3,30.11,Cash,No
CUST03040,57,Female,Basic,26.42,59,2,24.86,Mobile Wallet,No
CUST03041,31,Male,Standard,59.46,52,5,43.58,Card,No
CUST03042,42,Female,Basic,39.77,50,2,34.93,Bank Transfer,No
CUST03043,67,Male,Standard,53.65,10,6,18.77,Card,No
CUST03044,39,Female,Standard,40.84,15,1,17.81,Mobile Wallet,No
CUST03045,69,Male,Standard,48.97,60,3,13.39,Card,No
CUST03046,47,Male,Basic,35.07,35,6,8.08,Cash,No
CUST03047,37,Female,Basic,29.79,35,3,4.77,Cash,No
CUST03048,38,Male,Standard,50.61,1,4,17.67,Mobile Wallet,No
CUST03049,61,Male,Basic,29.16,47,1,7.97,Bank Transfer,No
CUST03050,49,Male,Standard,49.99,63,3,27.11,Card,No
CUST03051,68,Female,Basic,15.61,18,4,25.25,Mobile Wallet,No
CUST03052,63,Male,Basic,37.41,26,2,17.77,Cash,No
CUST03053,66,Female,Basic,23.26,60,4,6.45,Mobile Wallet,No
CUST03054,38,Female,Premium,64.22,18,3,12.52,Bank Transfer,Yes
CUST03055,52,Female,Standard,40.48,63,4,12.05,,Yes
CUST03056,49,Male,Standard,23.85,41,3,45.14,Mobile Wallet,No
CUST03057,47,Female,Basic,33.15,43,2,15.31,Card,No
CUST03058,56,Female,Standard,47.55,38,6,14.58,Cash,No
CUST03059,66,Male,Standard,50.0,27,2,22.6,Bank Transfer,No
CUST03060,29,Female,Standard,70.22,49,4,27.35,Bank Transfer,No
CUST03061,58,Female,Basic,28.59,56,3,36.16,Card,No
CUST03062,64,Male,Premium,80.31,49,3,35.05,Cash,No
CUST03063,35,Male,Standard,49.92,41,2,31.2,Card,Yes
CUST03064,38,Female,Premium,70.31,60,5,15.2,Card,No
CUST03065,30,Male,Basic,32.86,56,1,32.43,Card,Yes
CUST03066,38,Male,Basic,26.95,62,5,27.43,Card,No
CUST03067,25,Male,Basic,30.32,62,2,27.98,Card,No
CUST03068,63,Female,Standard,40.02,42,6,20.02,Bank Transfer,Yes
CUST03069,57,Female,Basic,28.1,28,2,13.49,Card,Yes
CUST03070,63,Male,Premium,79.51,37,1,11.89,Card,Yes
CUST03071,24,Female,Premium,75.45,20,6,40.33,Mobile Wallet,No
CUST03072,40,Male,Standard,44.81,35,1,33.57,Bank Transfer,Yes
CUST03073,61,Male,Standard,44.71,54,4,16.07,Bank Transfer,Yes
CUST03074,49,Male,Standard,56.91,71,4,17.59,Mobile Wallet,No
CUST03075,28,Male,Standard,50.93,6,2,17.31,Cash,No
CUST03076,39,Male,Standard,43.57,19,5,20.18,Bank Transfer,No
CUST03077,39,Female,Standard,61.54,8,5,12.6,Card,No
CUST03078,60,Female,Premium,67.01,48,1,21.52,Mobile Wallet,Yes
CUST03079,42,Female,Basic,30.62,66,4,36.25,Card,No
CUST03080,39,Female,Premium,,16,5,27.52,Card,No
CUST03081,45,Male,Basic,31.22,24,8,11.77,Mobile Wallet,Yes
CUST03082,46,Male,Basic,35.98,25,3,28.76,Cash,No
CUST03083,30,Female,Basic,40.96,13,0,27.78,Mobile Wallet,Yes
CUST03084,35,Female,Basic,25.7,30,1,7.14,Cash,No
CUST03085,19,Male,Premium,85.41,9,4,26.61,Cash,No
CUST03086,46,Male,Premium,75.93,63,1,32.45,Bank Transfer,No
CUST03087,38,Male,Standard,56.16,40,3,13.33,Card,No
CUST03088,32,Female,Premium,84.78,7,1,40.88,Bank Transfer,No
CUST03089,69,Male,Basic,33.94,32,4,6.17,Card,No
CUST03090,44,Male,Basic,43.47,61,1,17.46,Mobile Wallet,No
CUST03091,67,Female,Standard,50.96,60,1,34.05,Card,No
CUST03092,48,Female,Premium,70.96,51,3,15.45,Mobile Wallet,No
CUST03093,32,Female,Basic,26.04,40,2,10.0,Mobile Wallet,No
CUST03094,68,Male,Premium,80.19,11,2,13.72,Card,No
CUST03095,40,Male,Standard,33.94,16,2,11.88,Bank Transfer,Yes
CUST03096,41,Female,Premium,81.22,25,1,7.56,Mobile Wallet,No
CUST03097,61,Male,Standard,49.24,32,3,43.07,Bank Transfer,No
CUST03098,30,Male,Standard,60.11,10,3,23.07,Card,No
CUST03099,39,Male,Standard,61.1,57,3,26.37,Bank Transfer,No
CUST03100,60,Female,Standard,51.1,41,7,12.57,Card,Yes
CUST03101,54,Female,Basic,37.83,65,1,20.63,Mobile Wallet,No
CUST03102,50,Male,Premium,63.33,32,3,30.63,Cash,No
CUST03103,20,Male,Premium,73.61,48,1,11.58,Card,No
CUST03104,36,Male,Basic,27.71,54,7,29.09,Mobile Wallet,No
CUST03105,40,Male,Basic,43.92,41,4,23.22,Bank Transfer,No
CUST03106,46,Female,Standard,44.8,61,3,13.18,Mobile Wallet,No
CUST03107,47,Female,Standard,47.85,7,4,17.4,Mobile Wallet,No
CUST03108,56,Male,Standard,46.96,53,5,15.0,Cash,Yes
CUST03109,61,Male,Basic,26.6,53,6,14.65,Card,No
CUST03110,64,Female,Standard,64.87,26,3,51.06,Cash,No
CUST03111,42,Male,Standard,38.45,61,0,19.99,Cash,No
CUST03112,54,Female,Basic,31.17,35,7,4.65,Mobile Wallet,No
CUST03113,64,Male,Standard,58.25,3,3,31.32,Card,Yes
CUST03114,25,Female,Basic,36.64,69,4,52.07,Cash,No
CUST03115,59,Male,Basic,30.62,64,3,14.8,Mobile Wallet,No
CUST03116,33,Male,Standard,49.13,11,1,46.93,Card,No
CUST03117,25,Female,Premium,64.44,6,1,19.83,Cash,No
CUST03118,18,Female,Basic,26.28,2,7,21.64,Mobile Wallet,No
CUST03119,61,Male,Standard,51.18,65,3,8.07,Bank Transfer,No
CUST03120,22,Male,Basic,33.24,40,3,8.4,Card,No
CUST03121,20,Female,Basic,27.05,15,4,22.36,Mobile Wallet,No
CUST03122,18,Female,Standard,43.35,30,1,45.4,Card,No
CUST03123,21,Male,Standard,51.71,6,3,11.68,Bank Transfer,No
CUST03124,57,Male,Basic,23.66,21,1,15.94,Card,Yes
CUST03125,52,Female,Premium,101.46,57,4,18.0,Bank Transfer,No
CUST03126,49,Female,Basic,27.72,55,4,26.63,Mobile Wallet,No
CUST03127,59,Female,Premium,65.48,63,3,30.38,Mobile Wallet,No
CUST03128,51,Female,Premium,81.78,9,4,8.33,Card,No
CUST03129,60,Female,Standard,54.76,52,4,39.23,Cash,No
CUST03130,42,Male,Basic,31.24,37,3,15.8,Card,No
CUST03131,27,Male,Standard,56.99,70,4,18.33,Cash,No
CUST03132,38,Female,Standard,58.94,9,1,14.92,Mobile Wallet,No
CUST03133,63,Male,Premium,70.87,16,1,13.86,Bank Transfer,No
CUST03134,56,Male,Standard,61.54,32,0,21.8,Bank Transfer,No
CUST03135,44,Female,Standard,46.62,3,2,5.58,Bank Transfer,No
CUST03136,44,Male,Premium,73.23,14,6,25.62,Card,No
CUST03137,19,Male,Premium,72.43,21,4,32.54,Bank Transfer,Yes
CUST03138,58,Male,Standard,49.15,72,3,14.62,Mobile Wallet,No
CUST03139,65,Female,Premium,83.1,47,1,15.48,Card,No
CUST03140,30,Female,Standard,55.84,21,2,22.85,Bank Transfer,No
CUST03141,26,Male,Standard,43.52,42,1,8.94,Card,No
CUST03142,69,Male,Standard,58.65,17,4,74.28,Mobile Wallet,No
CUST03143,53,Male,Standard,26.8,40,3,21.4,Card,No
CUST03144,39,Male,Basic,32.5,58,4,22.27,Mobile Wallet,No
CUST03145,59,Male,Standard,54.94,4,2,20.75,Bank Transfer,No
CUST03146,43,Male,Standard,59.13,42,7,7.37,Cash,No
CUST03147,29,Female,Basic,30.98,57,4,18.31,Cash,No
CUST03148,34,Male,Basic,32.35,36,1,14.13,Card,No
CUST03149,31,Male,Standard,51.74,52,3,27.36,Bank Transfer,No
CUST03150,31,Female,Standard,48.79,22,2,28.56,Mobile Wallet,No
CUST03151,51,Male,Basic,29.9,68,3,15.22,Bank Transfer,No
CUST03152,70,Male,Premium,71.14,10,8,3.41,Bank Transfer,No
CUST03153,37,Male,Premium,88.65,24,2,29.19,Bank Transfer,Yes
CUST03154,28,Male,Standard,56.16,35,3,30.92,Mobile Wallet,No
CUST03155,33,Female,Basic,44.41,20,4,22.36,Card,No
CUST03156,68,Male,Premium,73.98,52,2,26.36,Bank Transfer,No
CUST03157,48,Female,Premium,73.83,14,7,5.77,Mobile Wallet,Yes
CUST03158,23,Male,Basic,28.29,39,3,26.39,Card,No
CUST03159,36,Male,Basic,26.01,34,2,18.73,Cash,Yes
CUST03160,54,Female,Standard,32.46,67,0,31.23,Card,No
CUST03161,21,Male,Standard,53.44,12,4,14.73,Card,No
CUST03162,64,Female,Basic,27.68,42,5,18.17,Card,No
CUST03163,21,Female,Standard,50.28,31,1,23.74,Cash,No
CUST03164,37,Female,Standard,45.85,71,1,23.65,Bank Transfer,No
CUST03165,27,Male,Premium,73.79,9,5,6.29,,Yes
CUST03166,41,Male,Standard,57.57,51,7,15.29,Card,Yes
CUST03167,52,Male,Standard,60.31,37,1,18.65,Mobile Wallet,No
CUST03168,43,Male,Premium,83.97,22,2,64.99,Cash,No
CUST03169,54,Female,Basic,36.29,9,2,28.94,Bank Transfer,Yes
CUST03170,55,Male,Basic,21.41,64,4,32.43,Card,No
CUST03171,38,Male,Standard,55.63,63,3,54.37,Mobile Wallet,No
CUST03172,57,Female,Basic,23.89,12,2,7.98,Bank Transfer,Yes
CUST03173,56,Female,Premium,70.81,27,5,10.64,Mobile Wallet,No
CUST03174,38,Male,Basic,26.91,47,2,19.61,Card,Yes
CUST03175,27,Female,Basic,21.15,28,3,31.41,Mobile Wallet,No
CUST03176,55,Female,Premium,86.73,35,0,28.25,Bank Transfer,No
CUST03177,63,Female,Standard,43.2,38,2,22.1,Mobile Wallet,No
CUST03178,21,Female,Standard,48.19,41,1,21.03,Card,No
CUST03179,62,Female,Basic,36.5,67,1,7.39,Mobile Wallet,Yes
CUST03180,37,Male,Basic,39.18,56,6,,Card,No
CUST03181,34,Male,Premium,81.62,9,2,10.33,Card,No
CUST03182,24,Male,Standard,49.66,3,3,28.23,Bank Transfer,No
CUST03183,21,Male,Standard,47.31,51,2,22.16,Cash,No
CUST03184,46,Male,Basic,30.72,49,6,8.29,Bank Transfer,No
CUST03185,31,Male,Standard,48.2,35,4,22.15,Cash,No
CUST03186,20,Male,Standard,61.52,16,3,18.62,Mobile Wallet,No
CUST03187,41,Female,Premium,78.66,40,3,35.16,Mobile Wallet,No
CUST03188,54,Male,Standard,53.3,69,3,13.3,Mobile Wallet,Yes
CUST03189,33,Male,Standard,55.52,8,1,30.54,Mobile Wallet,Yes
CUST03190,69,Male,Standard,50.53,54,5,23.32,Card,No
CUST03191,21,Female,Standard,60.14,33,4,17.88,Cash,Yes
CUST03192,41,Male,Standard,55.26,51,3,33.3,Cash,No
CUST03193,51,Male,Basic,27.26,2,3,33.04,Card,Yes
CUST03194,47,Female,Basic,31.48,38,3,44.07,Bank Transfer,No
CUST03195,35,Male,Premium,77.07,56,3,8.95,Cash,No
CUST03196,36,Male,Basic,26.24,20,4,29.51,Card,No
CUST03197,48,Female,Basic,27.92,52,4,25.99,Cash,No
CUST03198,36,Male,Standard,36.3,9,4,24.42,Card,No
CUST03199,66,Female,Standard,73.47,65,5,42.1,Bank Transfer,No
CUST03200,63,Male,Standard,53.01,66,1,18.48,Card,No
CUST03201,36,Male,Standard,46.02,19,7,52.79,Cash,No
CUST03202,39,Male,Premium,84.56,16,1,20.08,Cash,No
CUST03203,41,Female,Standard,36.09,69,1,2.7,Cash,No
CUST03204,62,Female,Premium,78.56,20,3,20.28,Card,No
CUST03205,29,Female,Basic,28.79,52,3,17.86,Cash,No
CUST03206,47,Male,Basic,28.61,14,0,23.38,Bank Transfer,No
CUST03207,55,Male,Standard,40.22,35,7,18.4,Bank Transfer,No
CUST03208,70,Female,Basic,24.65,57,3,19.49,Cash,No
CUST03209,48,Female,Basic,38.65,34,3,40.12,Bank Transfer,No
CUST03210,53,Male,Basic,26.49,59,2,7.74,Mobile Wallet,No
CUST03211,36,Male,Standard,52.11,28,1,60.85,Card,No
CUST03212,65,Male,Standard,40.94,43,5,9.93,,No
CUST03213,62,Male,Standard,51.07,35,2,30.06,Card,Yes
CUST03214,53,Female,Basic,29.99,15,1,30.23,Mobile Wallet,No
CUST03215,47,Male,Standard,40.57,3,2,16.14,Bank Transfer,No
CUST03216,66,Male,Basic,27.57,27,1,34.51,Mobile Wallet,Yes
CUST03217,50,Male,Standard,55.46,4,1,16.36,Card,Yes
CUST03218,35,Male,Standard,49.86,22,5,20.55,Mobile Wallet,No
CUST03219,69,Male,Standard,55.11,69,4,27.79,Mobile Wallet,No
CUST03220,66,Male,Premium,70.95,23,2,33.9,Bank Transfer,No
CUST03221,45,Male,Premium,59.25,13,3,22.63,Mobile Wallet,Yes
CUST03222,64,Female,Standard,54.11,60,3,27.99,Cash,No
CUST03223,28,Female,Premium,83.65,27,5,10.35,Card,No
CUST03224,62,Female,Standard,47.16,50,1,51.53,Mobile Wallet,No
CUST03225,50,Male,Premium,81.14,12,6,18.24,Mobile Wallet,Yes
CUST03226,34,Female,Standard,53.15,10,3,12.38,Mobile Wallet,No
CUST03227,23,Male,Standard,50.8,49,4,53.01,Bank Transfer,No
CUST03228,21,Male,Standard,52.66,35,5,17.64,Bank Transfer,Yes
CUST03229,37,Male,Basic,26.88,38,3,31.53,Card,No
CUST03230,65,Male,Standard,66.72,54,2,59.15,Card,No
CUST03231,64,Female,Premium,91.68,20,3,14.78,Card,Yes
CUST03232,44,Male,Standard,38.02,12,5,17.63,Cash,No
CUST03233,32,Male,Basic,25.87,3,3,12.67,Bank Transfer,No
CUST03234,23,Female,Standard,50.23,2,2,44.69,Cash,No
CUST03235,64,Female,Premium,65.4,22,1,27.33,Cash,No
CUST03236,31,Female,Premium,55.61,35,2,11.91,Bank Transfer,Yes
CUST03237,28,Male,Standard,46.79,9,8,38.88,Cash,No
CUST03238,56,Female,Premium,66.38,17,6,4.57,Bank Transfer,Yes
CUST03239,26,Male,Premium,51.76,14,2,8.73,Cash,No
CUST03240,43,Male,Basic,35.13,32,5,21.47,Card,No
CUST03241,33,Female,Premium,81.06,59,0,19.82,Mobile Wallet,No
CUST03242,22,Female,Basic,22.22,58,2,34.27,Card,No
CUST03243,69,Female,Standard,32.77,36,2,12.14,Mobile Wallet,No
CUST03244,27,Male,Standard,45.59,33,4,10.79,Bank Transfer,No
CUST03245,67,Male,Standard,63.08,64,2,18.21,Card,No
CUST03246,20,Male,Standard,54.2,13,5,14.58,Bank Transfer,Yes
CUST03247,30,Male,Standard,59.4,34,2,33.22,Mobile Wallet,Yes
CUST03248,60,Male,Premium,87.08,5,4,42.53,Cash,No
CUST03249,66,Male,Premium,81.89,70,2,29.66,Card,No
CUST03250,47,Female,Standard,57.97,33,2,39.32,Card,No
CUST03251,62,Male,Standard,50.68,5,1,5.85,Bank Transfer,No
CUST03252,23,Female,Basic,21.68,72,4,15.93,Card,No
CUST03253,34,Female,Standard,37.64,18,4,27.19,Cash,No
CUST03254,62,Female,Premium,65.94,18,3,35.37,Mobile Wallet,Yes
CUST03255,68,Female,Basic,34.16,26,2,16.42,Mobile Wallet,Yes
CUST03256,70,Female,Premium,79.0,20,2,7.23,Mobile Wallet,Yes
CUST03257,36,Male,Premium,92.62,4,5,53.07,Card,No
CUST03258,59,Male,Standard,58.55,22,1,9.0,Mobile Wallet,No
CUST03259,52,Male,Standard,55.35,9,3,19.69,Card,No
CUST03260,63,Male,Standard,42.05,59,5,15.9,Cash,No
CUST03261,43,Female,Standard,40.06,33,5,39.29,Mobile Wallet,No
CUST03262,68,Female,Standard,42.79,7,5,12.33,Cash,No
CUST03263,22,Female,Premium,77.56,33,4,26.08,Mobile Wallet,No
CUST03264,46,Male,Standard,46.03,66,1,26.93,Card,No
CUST03265,54,Male,Standard,34.08,72,3,42.13,Card,No
CUST03266,37,Male,Standard,45.13,59,4,21.86,Card,No
CUST03267,66,Male,Basic,28.36,35,5,22.06,Card,No
CUST03268,38,Female,Basic,25.11,32,3,38.51,Mobile Wallet,No
CUST03269,27,Female,Premium,85.12,1,4,20.13,Bank Transfer,Yes
CUST03270,22,Male,Basic,31.31,52,7,18.1,Bank Transfer,Yes
CUST03271,53,Male,Standard,50.2,35,4,20.19,Card,No
CUST03272,23,Female,Standard,75.36,40,5,68.84,Card,No
CUST03273,43,Female,Basic,26.87,44,3,11.57,Mobile Wallet,No
CUST03274,21,Female,Basic,22.82,39,3,8.61,Cash,No
CUST03275,56,Female,Premium,75.82,20,2,21.67,Card,Yes
CUST03276,56,Male,Standard,43.33,3,3,23.42,Mobile Wallet,No
CUST03277,67,Female,Standard,58.62,53,1,40.01,Card,No
CUST03278,52,Female,Premium,71.21,12,4,24.12,Card,No
CUST03279,18,Female,Basic,23.2,8,7,11.02,Card,No
CUST03280,41,Female,Basic,27.15,64,0,13.44,Cash,No
CUST03281,53,Male,Standard,52.6,41,3,24.33,Bank Transfer,No
CUST03282,23,Male,Standard,47.39,11,3,18.67,Mobile Wallet,No
CUST03283,58,Male,Standard,42.44,26,4,16.59,Mobile Wallet,No
CUST03284,63,Male,Premium,45.4,38,4,30.49,Card,No
CUST03285,61,Male,Premium,,5,3,14.24,Cash,Yes
CUST03286,48,Male,Basic,27.24,32,3,,Mobile Wallet,No
CUST03287,37,Female,Basic,32.07,69,4,47.78,Card,No
CUST03288,41,Female,Premium,83.11,15,3,43.55,Card,Yes
CUST03289,42,Female,Basic,22.6,61,2,42.55,Mobile Wallet,No
CUST03290,53,Female,Basic,25.0,52,1,7.64,Mobile Wallet,No
CUST03291,38,Male,Standard,53.17,28,3,15.38,Cash,No
CUST03292,47,Female,Standard,35.12,19,6,15.45,Card,No
CUST03293,41,Male,Standard,51.41,54,5,11.49,Card,No
CUST03294,61,Female,Basic,30.45,15,0,54.34,Cash,No
CUST03295,59,Female,Standard,66.62,13,1,14.35,Bank Transfer,No
CUST03296,47,Female,Standard,50.67,23,4,13.91,Bank Transfer,No
CUST03297,39,Male,Basic,26.51,62,6,23.87,Card,No
CUST03298,45,Female,Basic,28.13,25,1,16.99,Bank Transfer,No
CUST03299,24,Male,Standard,54.72,32,1,20.31,Card,Yes
CUST03300,52,Male,Premium,64.77,21,3,23.16,Card,Yes
CUST03301,45,Female,Premium,100.29,1,5,19.46,Bank Transfer,Yes
CUST03302,31,Male,Basic,25.16,28,3,22.48,Bank Transfer,No
CUST03303,27,Male,Standard,48.59,12,4,28.27,Mobile Wallet,No
CUST03304,33,Female,Standard,44.64,20,3,21.74,Mobile Wallet,Yes
CUST03305,33,Female,Premium,86.64,51,6,24.76,Card,No
CUST03306,48,Female,Standard,51.68,26,1,31.84,Card,No
CUST03307,59,Female,Basic,35.65,43,1,21.03,Cash,No
CUST03308,42,Female,Standard,40.38,50,2,19.13,Cash,No
CUST03309,30,Female,Basic,25.31,28,2,22.77,Card,No
CUST03310,23,Male,Basic,33.66,26,2,25.63,Card,No
CUST03311,61,Female,Standard,,25,2,12.74,Bank Transfer,Yes
CUST03312,26,Female,Premium,80.68,31,1,20.71,Bank Transfer,No
CUST03313,62,Male,Basic,24.27,18,4,46.1,Bank Transfer,No
CUST03314,53,Female,Standard,54.43,40,5,6.5,Cash,No
CUST03315,60,Male,Basic,33.16,67,3,26.77,Bank Transfer,No
CUST03316,37,Female,Premium,74.48,63,1,9.95,Cash,No
CUST03317,35,Female,Standard,47.78,11,4,44.24,Card,No
CUST03318,60,Male,Basic,26.57,27,1,49.23,Cash,No
CUST03319,38,Female,Basic,31.96,37,0,25.16,Cash,No
CUST03320,21,Male,Standard,48.13,12,2,14.65,Card,No
CUST03321,67,Female,Basic,25.03,28,2,10.31,Bank Transfer,No
CUST03322,50,Female,Basic,20.92,6,0,9.69,Bank Transfer,Yes
CUST03323,44,Male,Standard,38.49,70,4,13.96,Card,No
CUST03324,24,Female,Standard,69.76,44,4,20.19,Card,No
CUST03325,23,Female,Standard,71.22,47,3,27.39,Mobile Wallet,No
CUST03326,32,Male,Basic,32.63,36,6,32.08,Card,No
CUST03327,35,Female,Standard,51.52,44,3,37.23,Bank Transfer,No
CUST03328,49,Male,Standard,62.4,69,1,18.34,Card,No
CUST03329,28,Female,Basic,30.53,23,3,11.02,Mobile Wallet,No
CUST03330,37,Male,Standard,59.66,23,3,26.1,Card,No
CUST03331,41,Female,Basic,32.68,35,0,24.08,Bank Transfer,No
CUST03332,32,Male,Premium,61.26,69,5,32.42,Card,No
CUST03333,65,Male,Standard,53.63,61,4,25.1,Card,No
CUST03334,24,Female,Standard,57.51,38,6,52.28,Bank Transfer,No
CUST03335,38,Female,Basic,29.29,52,2,20.67,Bank Transfer,No
CUST03336,59,Male,Basic,34.62,2,7,17.06,Bank Transfer,No
CUST03337,43,Female,Standard,49.49,19,2,22.87,Cash,Yes
CUST03338,61,Male,Standard,67.21,63,1,40.18,Bank Transfer,No
CUST03339,31,Female,Basic,34.23,67,1,24.13,Card,No
CUST03340,54,Female,Basic,45.13,23,6,31.4,Card,No
CUST03341,38,Male,Basic,41.21,26,5,34.97,Card,Yes
CUST03342,35,Male,Standard,49.85,30,3,19.85,Card,No
CUST03343,22,Female,Basic,26.23,19,5,40.84,Bank Transfer,No
CUST03344,20,Female,Standard,50.25,39,8,14.2,Card,No
CUST03345,40,Female,Basic,24.92,28,4,27.09,Mobile Wallet,No
CUST03346,43,Female,Standard,53.84,61,6,43.53,Bank Transfer,No
CUST03347,54,Female,Basic,39.06,48,2,61.89,Cash,No
CUST03348,41,Male,Standard,64.27,13,2,21.19,Card,No
CUST03349,66,Female,Basic,24.1,11,3,,Card,No
CUST03350,36,Female,Basic,30.23,40,4,43.18,Mobile Wallet,No
CUST03351,68,Male,Standard,50.09,51,4,30.22,Bank Transfer,No
CUST03352,42,Male,Standard,55.09,70,5,13.26,Card,No
CUST03353,38,Male,Standard,34.97,30,4,38.32,Card,No
CUST03354,29,Female,Premium,79.07,30,5,48.7,Card,No
CUST03355,58,Male,Premium,55.88,54,1,72.64,Bank Transfer,No
CUST03356,50,Male,Basic,23.11,7,2,54.84,Card,No
CUST03357,67,Male,Premium,80.23,67,3,17.68,Mobile Wallet,No
CUST03358,70,Male,Standard,60.49,10,4,28.25,Card,No
CUST03359,21,Female,Basic,15.0,61,2,11.05,Mobile Wallet,No
CUST03360,59,Female,Premium,81.78,37,2,28.42,Mobile Wallet,No
CUST03361,24,Female,Premium,78.77,15,0,26.99,Cash,No
CUST03362,39,Male,Premium,64.31,50,8,22.35,Card,No
CUST03363,50,Male,Basic,34.07,4,3,19.55,Mobile Wallet,No
CUST03364,34,Male,Basic,34.04,42,5,11.63,Mobile Wallet,No
CUST03365,41,Male,Standard,55.66,68,1,32.97,Bank Transfer,No
CUST03366,51,Male,Standard,46.46,10,4,18.9,Mobile Wallet,No
CUST03367,45,Male,Basic,26.72,22,7,33.31,Card,No
CUST03368,60,Female,Premium,66.99,31,4,10.91,Bank Transfer,No
CUST03369,58,Female,Standard,40.8,28,6,13.95,Cash,Yes
CUST03370,56,Male,Standard,43.78,69,3,26.59,Mobile Wallet,No
CUST03371,39,Female,Standard,64.27,19,5,32.74,Mobile Wallet,No
CUST03372,66,Male,Standard,55.78,47,4,10.75,Card,No
CUST03373,34,Male,Basic,31.27,24,4,17.42,Cash,No
CUST03374,51,Female,Premium,80.66,56,1,24.16,Mobile Wallet,No
CUST03375,23,Male,Standard,48.42,11,4,14.68,Card,No
CUST03376,63,Female,Basic,34.64,54,0,51.66,Card,No
CUST03377,23,Male,Premium,73.92,59,5,25.32,Mobile Wallet,No
CUST03378,51,Male,Premium,73.74,65,2,33.68,Bank Transfer,No
CUST03379,18,Female,Premium,88.04,32,3,30.67,Card,Yes
CUST03380,27,Male,Premium,57.7,18,4,8.4,Bank Transfer,Yes
CUST03381,38,Male,Standard,51.64,4,0,34.24,Mobile Wallet,No
CUST03382,22,Male,Premium,52.2,51,3,10.61,Card,Yes
CUST03383,19,Female,Basic,37.08,47,3,61.43,Card,No
CUST03384,39,Male,Standard,43.41,54,3,41.59,Mobile Wallet,No
CUST03385,65,Male,Standard,45.77,25,1,14.5,Bank Transfer,No
CUST03386,19,Male,Basic,31.27,10,5,7.76,Mobile Wallet,No
CUST03387,27,Female,Standard,52.81,7,9,33.35,Cash,No
CUST03388,51,Female,Standard,55.49,65,2,31.15,Card,No
CUST03389,33,Female,Standard,56.79,19,0,22.94,Card,No
CUST03390,65,Female,Basic,20.26,7,2,10.22,Cash,No
CUST03391,68,Female,Premium,79.65,45,6,16.19,Cash,Yes
CUST03392,56,Male,Basic,25.74,38,1,27.1,Card,No
CUST03393,39,Female,Standard,66.36,7,3,28.79,Bank Transfer,No
CUST03394,29,Female,Premium,75.35,46,1,54.97,Mobile Wallet,No
CUST03395,41,Male,Standard,58.73,67,3,22.92,Bank Transfer,No
CUST03396,64,Female,Standard,54.93,8,1,32.38,Card,No
CUST03397,57,Male,Basic,23.69,3,3,12.9,Bank Transfer,Yes
CUST03398,55,Female,Standard,52.18,12,3,30.62,Card,No
CUST03399,27,Male,Premium,82.33,43,3,11.15,Bank Transfer,Yes
CUST03400,52,Male,Premium,73.73,7,4,39.73,Cash,Yes
CUST03401,68,Female,Standard,52.17,48,4,18.91,Card,No
CUST03402,66,Female,Basic,,45,3,19.54,Card,No
CUST03403,49,Male,Basic,41.54,25,3,6.94,Card,No
CUST03404,24,Male,Basic,31.46,4,1,19.71,Bank Transfer,No
CUST03405,38,Male,Standard,48.36,4,3,42.27,Card,No
CUST03406,37,Male,Basic,29.44,50,2,12.18,Card,No
CUST03407,43,Male,Basic,27.26,58,5,22.32,Card,No
CUST03408,21,Male,Standard,42.13,65,3,40.82,Bank Transfer,No
CUST03409,63,Male,Basic,36.88,67,8,14.48,Bank Transfer,No
CUST03410,69,Female,Standard,44.75,28,3,47.03,Bank Transfer,No
CUST03411,39,Male,Premium,69.11,37,5,20.62,Mobile Wallet,No
CUST03412,32,Female,Standard,53.02,2,3,18.7,Card,Yes
CUST03413,57,Female,Standard,22.68,61,5,9.67,Mobile Wallet,No
CUST03414,38,Male,Standard,69.92,51,3,34.09,Cash,Yes
CUST03415,32,Male,Basic,41.45,31,3,30.22,Card,Yes
CUST03416,39,Female,Basic,35.01,43,2,38.62,Bank Transfer,No
CUST03417,69,Male,Basic,28.77,28,4,29.22,Bank Transfer,Yes
CUST03418,45,Male,Basic,35.45,39,2,5.61,Cash,No
CUST03419,31,Female,Standard,44.11,65,2,21.43,Card,No
CUST03420,44,Female,Premium,69.01,16,1,29.57,Card,Yes
CUST03421,58,Female,Premium,77.49,67,4,17.04,Card,No
CUST03422,57,Male,Basic,20.57,68,8,18.25,Mobile Wallet,No
CUST03423,45,Male,Premium,51.37,36,2,32.45,Cash,No
CUST03424,43,Female,Basic,32.13,30,3,21.66,Card,Yes
CUST03425,66,Male,Premium,82.66,23,2,19.27,Mobile Wallet,No
CUST03426,19,Female,Basic,15.0,63,3,6.02,Card,No
CUST03427,42,Male,Basic,31.28,69,1,9.84,Cash,No
CUST03428,20,Female,Standard,,47,4,37.51,Mobile Wallet,No
CUST03429,25,Male,Premium,69.59,11,6,24.03,Cash,Yes
CUST03430,61,Female,Basic,26.89,19,2,29.21,Card,No
CUST03431,50,Male,Basic,35.28,62,2,30.66,Bank Transfer,No
CUST03432,59,Male,Premium,79.36,72,3,5.45,Bank Transfer,No
CUST03433,69,Female,Premium,92.51,43,3,14.45,Mobile Wallet,Yes
CUST03434,52,Male,Basic,36.25,9,4,37.42,Card,No
CUST03435,23,Male,Standard,45.78,25,9,19.56,Cash,Yes
CUST03436,56,Female,Basic,28.3,31,3,4.46,Card,No
CUST03437,69,Male,Standard,59.4,13,1,5.25,Cash,No
CUST03438,40,Male,Standard,53.07,65,4,7.24,Card,Yes
CUST03439,42,Male,Standard,49.63,30,2,12.5,Mobile Wallet,No
CUST03440,67,Female,Standard,50.23,29,3,32.75,Mobile Wallet,No
CUST03441,60,Female,Standard,42.68,18,5,55.47,Bank Transfer,No
CUST03442,36,Female,Standard,50.97,3,1,,Cash,No
CUST03443,22,Female,Standard,35.3,35,2,3.14,Mobile Wallet,No
CUST03444,68,Female,Standard,48.81,66,5,25.84,Cash,No
CUST03445,28,Male,Standard,66.99,4,3,9.45,Mobile Wallet,No
CUST03446,29,Male,Basic,,41,2,30.97,Card,No
CUST03447,27,Female,Standard,61.21,30,4,36.61,Card,No
CUST03448,25,Male,Standard,56.71,11,1,23.51,Card,No
CUST03449,41,Male,Standard,64.38,33,3,45.58,Cash,No
CUST03450,45,Male,Standard,18.72,38,4,18.05,Bank Transfer,No
CUST03451,58,Male,Basic,20.6,5,2,67.15,Mobile Wallet,No
CUST03452,53,Female,Standard,55.88,59,4,17.32,Card,No
CUST03453,54,Female,Basic,43.19,51,2,17.22,Bank Transfer,No
CUST03454,38,Male,Premium,89.93,65,1,47.1,Card,No
CUST03455,25,Male,Standard,56.96,68,1,16.85,Cash,No
CUST03456,26,Female,Basic,27.63,58,3,31.74,Card,No
CUST03457,64,Male,Standard,40.41,48,1,15.54,Card,No
CUST03458,32,Male,Premium,90.6,58,1,7.04,Card,No
CUST03459,65,Male,Basic,36.31,37,9,12.07,Bank Transfer,No
CUST03460,63,Female,Standard,43.93,7,0,8.0,Cash,No
CUST03461,57,Female,Standard,46.5,60,6,23.19,Cash,No
CUST03462,35,Male,Standard,59.06,59,3,38.43,Mobile Wallet,No
CUST03463,59,Male,Basic,44.44,10,3,12.44,Bank Transfer,No
CUST03464,37,Male,Standard,38.43,33,4,52.43,Cash,No
CUST03465,23,Male,Premium,79.82,51,4,8.63,Bank Transfer,No
CUST03466,29,Male,Premium,86.87,36,3,9.59,Cash,No
CUST03467,19,Male,Standard,50.96,38,4,18.62,Mobile Wallet,No
CUST03468,24,Female,Premium,70.65,55,3,17.75,Mobile Wallet,No
CUST03469,33,Female,Standard,48.75,30,7,8.79,Bank Transfer,No
CUST03470,20,Male,Standard,50.2,26,3,,Bank Transfer,No
CUST03471,62,Female,Standard,36.8,42,2,14.49,Mobile Wallet,No
CUST03472,20,Male,Basic,26.4,47,1,19.42,Card,No
CUST03473,44,Male,Standard,80.13,19,1,16.31,Card,No
CUST03474,67,Female,Standard,63.01,25,3,28.07,Card,No
CUST03475,60,Female,Premium,63.15,18,3,28.6,Card,Yes
CUST03476,57,Male,Standard,53.45,9,5,23.16,Bank Transfer,Yes
CUST03477,55,Male,Standard,39.55,17,5,43.6,Mobile Wallet,No
CUST03478,50,Female,Basic,30.65,4,1,13.02,Bank Transfer,No
CUST03479,45,Female,Basic,27.41,55,6,27.23,Card,No
CUST03480,18,Male,Basic,26.68,54,2,10.77,Mobile Wallet,No
CUST03481,25,Male,Standard,40.61,28,4,17.18,Card,Yes
CUST03482,54,Male,Basic,31.54,40,7,8.45,Bank Transfer,No
CUST03483,49,Female,Standard,51.13,9,2,4.05,Card,No
CUST03484,65,Male,Standard,54.95,36,2,14.93,Mobile Wallet,No
CUST03485,60,Female,Standard,53.58,8,3,10.33,Mobile Wallet,No
CUST03486,54,Male,Premium,54.87,62,3,17.15,Mobile Wallet,No
CUST03487,21,Female,Standard,30.55,49,3,31.51,Bank Transfer,No
CUST03488,47,Female,Basic,20.75,70,5,30.65,Card,Yes
CUST03489,23,Female,Standard,64.15,42,3,21.22,Card,No
CUST03490,63,Female,Basic,38.07,2,3,15.27,Mobile Wallet,Yes
CUST03491,36,Male,Basic,35.31,31,1,35.22,Mobile Wallet,No
CUST03492,49,Female,Basic,27.66,19,2,22.82,Card,No
CUST03493,26,Female,Basic,25.34,65,4,14.2,Card,No
CUST03494,29,Female,Basic,19.54,60,6,24.37,Mobile Wallet,No
CUST03495,28,Male,Basic,36.4,62,4,,Card,No
CUST03496,63,Male,Basic,36.08,60,1,9.06,Bank Transfer,No
CUST03497,33,Male,Standard,55.84,16,4,19.13,Card,Yes
CUST03498,18,Male,Premium,84.28,7,1,32.07,Card,No
CUST03499,62,Male,Premium,66.4,68,5,7.79,Card,No
CUST03500,70,Male,Basic,29.16,12,0,20.19,Mobile Wallet,No
CUST03501,38,Female,Standard,,5,3,31.9,Card,Yes
CUST03502,47,Female,Premium,89.15,47,1,22.66,Bank Transfer,No
CUST03503,30,Female,Basic,20.54,11,4,55.78,Bank Transfer,No
CUST03504,51,Male,Premium,64.58,34,4,8.62,Mobile Wallet,No
CUST03505,21,Female,Standard,37.83,51,4,19.53,Card,No
CUST03506,45,Female,Premium,69.96,5,2,33.56,Cash,No
CUST03507,55,Male,Premium,79.98,48,4,16.13,Mobile Wallet,No
CUST03508,48,Female,Standard,35.75,31,3,16.91,Card,No
CUST03509,44,Male,Standard,41.5,40,1,52.68,Cash,No
CUST03510,22,Female,Basic,22.4,7,4,5.23,Card,Yes
CUST03511,42,Male,Basic,30.56,40,4,30.5,Cash,No
CUST03512,20,Male,Standard,60.8,69,0,20.97,Card,No
CUST03513,50,Male,Basic,39.32,14,2,28.14,Card,No
CUST03514,21,Female,Basic,20.75,10,2,45.89,Bank Transfer,No
CUST03515,42,Female,Basic,42.72,49,4,32.43,Cash,No
CUST03516,37,Male,Premium,97.85,17,3,18.51,Card,No
CUST03517,51,Male,Basic,20.01,51,5,6.97,Bank Transfer,No
CUST03518,43,Female,Basic,34.08,62,7,24.96,Bank Transfer,No
CUST03519,22,Female,Standard,37.44,30,2,14.91,Mobile Wallet,No
CUST03520,52,Male,Standard,55.54,55,4,21.84,Bank Transfer,No
CUST03521,45,Female,Basic,30.7,34,4,48.77,Card,No
CUST03522,46,Female,Premium,49.94,69,3,6.85,Card,No
CUST03523,26,Female,Standard,24.07,33,1,21.01,Bank Transfer,No
CUST03524,69,Male,Standard,42.58,5,1,18.84,Mobile Wallet,No
CUST03525,55,Male,Basic,18.74,42,3,40.47,Bank Transfer,No
CUST03526,67,Female,Standard,52.88,3,1,26.18,Mobile Wallet,No
CUST03527,23,Male,Premium,68.17,63,2,9.4,Bank Transfer,No
CUST03528,36,Female,Basic,40.92,38,5,26.46,Mobile Wallet,Yes
CUST03529,61,Female,Standard,45.94,13,5,17.47,Bank Transfer,No
CUST03530,28,Male,Basic,15.0,8,1,18.48,Bank Transfer,No
CUST03531,19,Male,Premium,84.58,61,4,43.16,Bank Transfer,No
CUST03532,64,Male,Basic,21.23,30,1,29.31,Cash,No
CUST03533,61,Female,Premium,87.02,50,1,13.22,Bank Transfer,No
CUST03534,61,Female,Basic,35.6,69,5,8.95,Mobile Wallet,No
CUST03535,26,Male,Standard,39.04,38,0,46.43,Mobile Wallet,No
CUST03536,38,Male,Standard,50.46,59,2,8.47,Bank Transfer,No
CUST03537,41,Male,Basic,32.96,2,2,17.66,Card,No
CUST03538,51,Female,Standard,51.24,57,4,28.9,Bank Transfer,No
CUST03539,39,Female,Basic,31.97,7,5,11.38,Cash,Yes
CUST03540,20,Female,Basic,29.14,10,3,9.35,Bank Transfer,No
CUST03541,29,Male,Premium,77.46,29,3,24.39,Bank Transfer,Yes
CUST03542,45,Male,Basic,34.87,34,1,12.09,Card,No
CUST03543,47,Female,Standard,45.97,72,2,43.43,Card,No
CUST03544,43,Male,Basic,20.0,45,4,12.12,Mobile Wallet,Yes
CUST03545,65,Male,Basic,36.61,71,4,51.29,Mobile Wallet,No
CUST03546,38,Male,Standard,22.96,58,4,5.88,Card,No
CUST03547,45,Male,Standard,47.68,33,1,27.84,Card,No
CUST03548,43,Female,Basic,25.68,51,5,22.0,Mobile Wallet,No
CUST03549,50,Male,Standard,46.59,64,1,17.87,Mobile Wallet,No
CUST03550,38,Female,Basic,28.59,38,2,18.82,Bank Transfer,No
CUST03551,52,Female,Premium,45.13,12,4,18.07,Mobile Wallet,No
CUST03552,69,Male,Basic,29.36,63,4,46.35,Mobile Wallet,No
CUST03553,51,Female,Basic,27.63,65,4,28.61,Mobile Wallet,No
CUST03554,58,Female,Standard,40.86,60,3,29.38,Bank Transfer,No
CUST03555,68,Male,Basic,43.27,20,2,16.59,Bank Transfer,No
CUST03556,64,Female,Basic,33.92,66,4,28.27,Cash,No
CUST03557,35,Female,Standard,42.82,18,4,7.24,Mobile Wallet,No
CUST03558,28,Female,Premium,80.21,42,5,33.76,Card,No
CUST03559,40,Female,Premium,,6,2,17.48,Card,No
CUST03560,65,Female,Standard,46.54,66,3,13.03,Bank Transfer,No
CUST03561,39,Female,Standard,55.55,69,2,7.47,Mobile Wallet,No
CUST03562,34,Female,Standard,52.94,22,0,21.77,Bank Transfer,No
CUST03563,22,Female,Standard,59.52,22,2,4.46,Bank Transfer,No
CUST03564,61,Male,Basic,32.32,65,3,7.68,Mobile Wallet,No
CUST03565,28,Male,Premium,49.75,49,2,9.78,Cash,Yes
CUST03566,47,Male,Basic,21.09,12,5,30.84,Mobile Wallet,Yes
CUST03567,32,Female,Basic,16.4,63,5,27.59,,No
CUST03568,44,Female,Premium,91.46,13,3,31.35,Bank Transfer,No
CUST03569,52,Female,Standard,48.79,62,1,35.44,Bank Transfer,No
CUST03570,50,Male,Basic,36.64,59,1,18.83,Mobile Wallet,No
CUST03571,37,Male,Basic,24.42,11,4,11.8,Bank Transfer,Yes
CUST03572,33,Male,Standard,52.47,1,4,28.76,Mobile Wallet,No
CUST03573,51,Female,Standard,53.16,68,2,53.86,Card,No
CUST03574,19,Male,Standard,48.01,9,6,8.94,Card,No
CUST03575,52,Male,Basic,38.51,3,3,24.64,Bank Transfer,No
CUST03576,57,Female,Premium,87.85,72,2,13.39,Card,No
CUST03577,45,Male,Basic,51.8,9,2,17.85,Cash,No
CUST03578,64,Female,Standard,51.71,69,3,44.37,Mobile Wallet,No
CUST03579,56,Male,Standard,54.81,22,1,11.52,Card,Yes
CUST03580,23,Female,Basic,20.24,69,6,18.57,Bank Transfer,Yes
CUST03581,26,Female,Basic,32.86,23,4,13.88,Cash,No
CUST03582,37,Female,Premium,63.4,5,2,25.71,Bank Transfer,Yes
CUST03583,18,Female,Premium,87.41,39,7,44.12,Cash,No
CUST03584,25,Female,Basic,20.24,3,4,9.38,Bank Transfer,Yes
CUST03585,40,Male,Premium,79.35,26,3,23.28,Bank Transfer,No
CUST03586,20,Female,Basic,15.0,8,2,6.61,Card,No
CUST03587,21,Female,Standard,40.17,52,2,17.33,Bank Transfer,No
CUST03588,42,Female,Basic,31.96,69,4,26.88,Cash,No
CUST03589,64,Female,Premium,81.71,6,4,9.17,Mobile Wallet,Yes
CUST03590,55,Male,Basic,17.94,27,5,38.9,Mobile Wallet,Yes
CUST03591,32,Female,Standard,65.67,22,0,11.44,Bank Transfer,No
CUST03592,38,Male,Standard,57.66,56,3,8.75,Cash,No
CUST03593,52,Female,Basic,26.35,43,3,15.07,Card,No
CUST03594,70,Female,Standard,54.23,27,3,11.96,Bank Transfer,No
CUST03595,70,Male,Basic,26.92,45,2,21.03,Card,No
CUST03596,63,Male,Standard,53.54,46,0,45.82,Bank Transfer,No
CUST03597,69,Male,Basic,24.54,33,1,10.27,Cash,No
CUST03598,31,Female,Standard,51.92,28,1,8.61,Mobile Wallet,No
CUST03599,53,Male,Premium,54.04,51,3,29.38,Mobile Wallet,Yes
CUST03600,29,Female,Basic,26.83,64,3,17.0,Card,No
CUST03601,34,Male,Basic,31.07,35,2,45.1,Mobile Wallet,No
CUST03602,56,Male,Standard,40.79,36,3,8.5,Bank Transfer,No
CUST03603,26,Female,Standard,28.61,6,2,15.56,Mobile Wallet,No
CUST03604,52,Male,Premium,78.1,58,2,14.83,Bank Transfer,No
CUST03605,30,Male,Basic,22.67,23,2,3.97,Card,No
CUST03606,32,Female,Standard,49.79,14,6,13.71,Card,No
CUST03607,35,Female,Premium,73.28,56,1,20.62,Card,No
CUST03608,68,Female,Premium,76.94,25,1,13.94,Card,No
CUST03609,50,Male,Standard,44.29,20,0,12.32,Cash,No
CUST03610,23,Male,Basic,15.0,71,3,36.1,Cash,No
CUST03611,44,Male,Basic,30.02,18,3,16.73,Bank Transfer,No
CUST03612,40,Male,Basic,30.54,17,1,18.85,Bank Transfer,No
CUST03613,44,Male,Premium,77.22,14,6,70.3,Mobile Wallet,No
CUST03614,51,Female,Basic,39.96,26,4,12.59,Card,No
CUST03615,63,Male,Standard,64.46,32,3,31.82,Card,Yes
CUST03616,55,Female,Standard,45.74,59,3,36.15,Card,No
CUST03617,31,Male,Standard,45.49,71,4,6.27,Bank Transfer,No
CUST03618,53,Female,Standard,51.87,57,4,24.18,Mobile Wallet,No
CUST03619,70,Male,Standard,35.9,12,5,37.23,Cash,No
CUST03620,25,Male,Standard,59.5,3,1,18.61,Card,Yes
CUST03621,52,Female,Basic,27.68,32,2,9.42,Bank Transfer,No
CUST03622,36,Male,Standard,38.42,15,6,17.54,Card,Yes
CUST03623,47,Female,Premium,88.02,9,6,3.19,Card,Yes
CUST03624,31,Male,Premium,81.11,49,0,38.01,Card,No
CUST03625,37,Male,Standard,41.24,44,1,26.46,Bank Transfer,No
CUST03626,66,Female,Standard,50.73,28,4,28.78,Bank Transfer,Yes
CUST03627,42,Male,Standard,60.52,45,4,29.84,Cash,No
CUST03628,57,Female,Standard,45.89,13,4,41.83,Mobile Wallet,Yes
CUST03629,41,Male,Premium,82.15,47,3,9.57,,No
CUST03630,31,Male,Standard,27.54,21,3,26.59,Cash,No
CUST03631,43,Male,Basic,15.0,50,0,13.14,Card,No
CUST03632,55,Male,Premium,76.86,47,5,4.46,Bank Transfer,No
CUST03633,40,Male,Standard,36.93,5,2,22.11,Cash,No
CUST03634,39,Male,Standard,43.01,7,3,9.44,Card,No
CUST03635,65,Male,Premium,55.08,38,3,15.5,Bank Transfer,No
CUST03636,36,Female,Basic,29.28,37,3,,Card,No
CUST03637,63,Male,Standard,41.82,32,1,49.34,Cash,No
CUST03638,68,Male,Standard,51.38,56,4,24.03,Card,No
CUST03639,20,Male,Basic,37.17,43,0,22.42,Mobile Wallet,No
CUST03640,59,Female,Standard,65.62,67,3,14.99,Card,No
CUST03641,36,Female,Basic,27.8,27,1,39.68,Mobile Wallet,No
CUST03642,26,Male,Basic,28.38,51,3,13.05,Card,No
CUST03643,45,Male,Standard,42.13,48,1,15.78,Mobile Wallet,No
CUST03644,37,Male,Standard,66.01,72,4,49.49,Mobile Wallet,No
CUST03645,62,Female,Basic,21.41,53,4,7.49,Bank Transfer,Yes
CUST03646,24,Male,Premium,49.1,48,3,9.34,Mobile Wallet,No
CUST03647,31,Female,Standard,48.26,10,5,,Card,No
CUST03648,26,Male,Basic,30.77,9,0,47.89,Card,No
CUST03649,36,Female,Basic,34.11,46,2,42.34,Bank Transfer,Yes
CUST03650,64,Female,Premium,70.84,10,3,15.63,Mobile Wallet,Yes
CUST03651,69,Male,Standard,55.38,36,7,37.08,Card,No
CUST03652,31,Male,Basic,35.06,10,4,16.89,Card,Yes
CUST03653,55,Male,Basic,36.4,27,2,21.45,Card,Yes
CUST03654,70,Male,Standard,50.01,19,2,60.3,Bank Transfer,No
CUST03655,53,Male,Basic,37.49,11,5,25.8,Card,No
CUST03656,57,Male,Standard,34.4,32,2,49.21,Bank Transfer,Yes
CUST03657,34,Male,Premium,69.26,20,3,37.79,Bank Transfer,No
CUST03658,47,Female,Basic,25.45,46,3,12.35,Bank Transfer,No
CUST03659,26,Male,Premium,58.84,60,3,15.86,Bank Transfer,No
CUST03660,50,Male,Premium,58.17,68,9,34.46,Bank Transfer,No
CUST03661,69,Female,Premium,67.78,17,5,12.58,Card,Yes
CUST03662,42,Male,Premium,86.64,65,4,25.94,Card,Yes
CUST03663,31,Male,Premium,76.41,57,2,10.67,Card,No
CUST03664,28,Male,Standard,60.84,19,1,22.33,Bank Transfer,No
CUST03665,70,Male,Standard,43.95,5,3,19.63,Bank Transfer,No
CUST03666,52,Female,Standard,50.03,55,5,40.68,Mobile Wallet,No
CUST03667,58,Female,Premium,62.56,4,0,20.54,Cash,Yes
CUST03668,31,Male,Basic,37.79,52,3,22.97,Mobile Wallet,No
CUST03669,47,Male,Basic,36.81,19,4,55.45,Card,Yes
CUST03670,58,Female,Basic,38.38,31,5,18.2,Card,No
CUST03671,21,Male,Premium,91.27,3,3,16.31,Card,Yes
CUST03672,21,Female,Standard,41.37,67,2,7.51,Mobile Wallet,No
CUST03673,45,Female,Standard,43.7,29,3,14.08,Bank Transfer,No
CUST03674,25,Female,Basic,25.73,53,3,47.82,Mobile Wallet,No
CUST03675,19,Male,Standard,43.57,8,1,23.16,Mobile Wallet,No
CUST03676,58,Male,Basic,29.96,5,2,37.39,Mobile Wallet,No
CUST03677,63,Male,Standard,51.88,64,2,28.11,Card,No
CUST03678,39,Female,Standard,56.52,27,4,33.35,Bank Transfer,No
CUST03679,58,Male,Premium,67.4,33,2,20.13,Bank Transfer,No
CUST03680,33,Male,Standard,50.19,58,3,25.21,Bank Transfer,No
CUST03681,46,Female,Standard,57.52,62,3,12.09,Mobile Wallet,No
CUST03682,66,Male,Standard,51.01,26,1,38.3,Mobile Wallet,No
CUST03683,65,Male,Standard,37.9,14,4,41.0,Card,Yes
CUST03684,47,Male,Basic,34.34,32,4,27.07,Card,No
CUST03685,29,Female,Standard,50.0,41,2,26.8,Cash,No
CUST03686,52,Male,Premium,78.16,14,2,4.67,Bank Transfer,Yes
CUST03687,28,Female,Standard,,48,5,34.71,Mobile Wallet,No
CUST03688,63,Female,Standard,29.81,48,1,28.25,Cash,No
CUST03689,67,Female,Premium,106.42,38,1,16.12,Card,Yes
CUST03690,38,Male,Premium,75.09,7,4,30.78,Bank Transfer,No
CUST03691,38,Male,Standard,64.37,33,2,13.65,Mobile Wallet,No
CUST03692,22,Male,Standard,59.94,24,2,25.26,Mobile Wallet,Yes
CUST03693,65,Female,Premium,82.37,26,2,43.66,Bank Transfer,No
CUST03694,37,Female,Premium,73.47,50,2,15.1,Card,No
CUST03695,54,Male,Premium,64.87,42,0,28.68,Card,No
CUST03696,20,Female,Standard,47.68,13,3,21.02,Card,Yes
CUST03697,61,Male,Standard,61.49,31,8,8.47,Bank Transfer,Yes
CUST03698,50,Male,Basic,28.8,23,3,19.37,Cash,No
CUST03699,70,Male,Standard,48.92,37,1,41.6,Card,No
CUST03700,26,Male,Premium,57.88,59,3,20.02,Cash,No
CUST03701,26,Male,Premium,70.71,58,4,21.6,Card,Yes
CUST03702,21,Male,Standard,36.64,16,2,18.86,Cash,No
CUST03703,52,Male,Standard,40.3,39,3,25.16,Bank Transfer,Yes
CUST03704,34,Female,Basic,24.68,72,3,16.11,Mobile Wallet,No
CUST03705,51,Male,Standard,72.34,9,4,23.8,Mobile Wallet,Yes
CUST03706,41,Female,Standard,61.98,64,6,18.48,Bank Transfer,No
CUST03707,49,Female,Standard,57.83,22,5,8.8,Bank Transfer,No
CUST03708,18,Male,Basic,21.66,54,6,5.81,Cash,No
CUST03709,25,Female,Standard,52.89,22,3,15.08,Card,No
CUST03710,62,Female,Basic,30.15,14,1,32.92,Bank Transfer,No
CUST03711,40,Female,Premium,75.83,66,2,14.95,Bank Transfer,No
CUST03712,64,Male,Standard,47.32,50,4,25.68,Bank Transfer,No
CUST03713,57,Male,Premium,78.77,5,2,16.13,Mobile Wallet,No
CUST03714,29,Male,Basic,30.96,17,2,23.01,Card,Yes
CUST03715,29,Male,Basic,37.34,1,0,7.77,Card,No
CUST03716,63,Male,Standard,46.77,14,2,35.82,Card,No
CUST03717,64,Female,Standard,49.02,55,3,23.76,Cash,No
CUST03718,32,Female,Standard,48.27,17,3,22.63,Mobile Wallet,Yes
CUST03719,58,Male,Basic,24.21,9,3,24.22,Mobile Wallet,No
CUST03720,36,Female,Basic,24.73,12,1,24.01,Bank Transfer,No
CUST03721,43,Female,Standard,67.65,66,0,24.27,Cash,No
CUST03722,69,Female,Basic,27.56,15,3,20.23,Cash,Yes
CUST03723,46,Female,Basic,27.76,34,3,1.67,Bank Transfer,Yes
CUST03724,39,Male,Standard,52.14,37,2,31.73,Cash,No
CUST03725,57,Male,Basic,15.0,53,1,39.48,Bank Transfer,No
CUST03726,38,Male,Basic,17.27,41,1,36.06,Cash,No
CUST03727,68,Female,Basic,34.06,4,5,,Bank Transfer,Yes
CUST03728,55,Female,Premium,61.77,8,4,15.92,Card,No
CUST03729,37,Male,Standard,54.41,71,3,26.15,Mobile Wallet,No
CUST03730,46,Male,Premium,83.59,17,3,45.25,Card,Yes
CUST03731,68,Female,Basic,28.08,22,6,28.11,Card,No
CUST03732,21,Male,Standard,55.9,8,6,14.18,Mobile Wallet,No
CUST03733,24,Male,Basic,30.92,22,4,15.04,Mobile Wallet,No
CUST03734,45,Female,Standard,46.3,40,2,59.08,Card,No
CUST03735,45,Female,Premium,66.55,22,0,42.76,Mobile Wallet,No
CUST03736,21,Male,Premium,65.05,5,4,17.16,Card,No
CUST03737,39,Female,Standard,45.44,9,8,23.89,Card,No
CUST03738,29,Male,Premium,81.03,60,1,31.9,Card,No
CUST03739,62,Female,Basic,24.07,20,2,13.39,Card,No
CUST03740,20,Female,Standard,43.48,34,1,47.95,Card,No
CUST03741,39,Male,Standard,53.68,36,0,3.8,Mobile Wallet,No
CUST03742,61,Female,Premium,73.31,71,7,4.38,Card,Yes
CUST03743,19,Male,Basic,17.93,38,1,44.62,Cash,No
CUST03744,41,Female,Premium,90.97,67,3,65.17,Bank Transfer,No
CUST03745,51,Male,Standard,,32,2,23.83,Mobile Wallet,No
CUST03746,44,Female,Standard,40.86,46,4,60.81,Mobile Wallet,No
CUST03747,58,Female,Basic,27.88,25,5,25.25,Bank Transfer,No
CUST03748,18,Male,Standard,49.85,64,2,11.54,Card,No
CUST03749,25,Female,Standard,39.51,33,2,15.4,Card,No
CUST03750,40,Male,Standard,50.59,47,4,25.34,Mobile Wallet,No
CUST03751,55,Female,Premium,75.87,69,2,21.67,Bank Transfer,No
CUST03752,23,Female,Standard,70.23,29,1,25.98,Bank Transfer,No
CUST03753,39,Male,Standard,41.75,59,1,27.72,Cash,No
CUST03754,42,Female,Premium,93.28,31,2,44.18,Card,No
CUST03755,35,Female,Standard,54.73,26,4,8.09,Mobile Wallet,No
CUST03756,34,Male,Standard,60.33,63,4,18.51,Bank Transfer,No
CUST03757,29,Female,Basic,35.73,58,1,8.75,Card,No
CUST03758,23,Male,Standard,31.17,49,2,26.94,Card,No
CUST03759,43,Male,Standard,48.93,65,1,11.15,Card,No
CUST03760,44,Male,Premium,88.89,59,6,30.05,Card,No
CUST03761,25,Female,Basic,26.55,62,3,13.23,Mobile Wallet,No
CUST03762,36,Female,Basic,38.48,68,1,41.15,Bank Transfer,No
CUST03763,59,Male,Standard,69.75,47,1,13.23,Bank Transfer,No
CUST03764,18,Female,Basic,33.54,22,0,13.31,Mobile Wallet,No
CUST03765,46,Male,Standard,59.25,64,3,21.67,Mobile Wallet,No
CUST03766,62,Female,Standard,40.19,46,3,22.77,Card,No
CUST03767,66,Male,Standard,,59,1,37.22,Card,No
CUST03768,52,Male,Premium,83.52,32,2,21.88,Card,Yes
CUST03769,57,Female,Standard,54.88,37,0,23.79,Mobile Wallet,No
CUST03770,31,Male,Standard,43.57,67,1,20.25,Bank Transfer,No
CUST03771,52,Male,Basic,29.4,52,5,14.1,Card,No
CUST03772,65,Female,Standard,51.69,43,2,28.44,Mobile Wallet,No
CUST03773,62,Male,Premium,94.32,34,3,14.11,Card,No
CUST03774,37,Male,Basic,36.53,61,1,35.3,Mobile Wallet,No
CUST03775,66,Female,Standard,52.67,71,6,13.56,Mobile Wallet,No
CUST03776,30,Male,Basic,26.54,67,3,24.09,Card,No
CUST03777,55,Male,Basic,27.7,45,3,11.64,Cash,No
CUST03778,66,Male,Basic,38.09,41,4,34.31,Mobile Wallet,No
CUST03779,63,Male,Basic,30.22,52,3,15.13,Mobile Wallet,No
CUST03780,66,Male,Premium,82.95,66,6,20.92,Card,No
CUST03781,25,Male,Standard,73.81,12,3,16.86,Card,No
CUST03782,60,Male,Basic,26.35,15,1,11.44,Card,No
CUST03783,37,Male,Standard,42.07,16,3,9.53,Bank Transfer,No
CUST03784,50,Female,Basic,32.78,3,3,6.1,Card,No
CUST03785,43,Male,Standard,51.86,27,2,2.28,Bank Transfer,No
CUST03786,56,Male,Basic,27.35,23,2,37.09,Mobile Wallet,No
CUST03787,38,Female,Basic,27.94,64,3,27.4,Card,No
CUST03788,70,Male,Premium,93.34,33,1,19.96,Bank Transfer,Yes
CUST03789,66,Male,Basic,29.57,48,2,17.03,Mobile Wallet,No
CUST03790,59,Male,Premium,67.18,55,2,22.42,Bank Transfer,No
CUST03791,60,Male,Standard,53.56,27,1,22.1,Card,No
CUST03792,58,Male,Basic,22.58,47,3,12.35,Mobile Wallet,No
CUST03793,26,Male,Standard,48.98,31,0,17.61,Bank Transfer,No
CUST03794,41,Female,Standard,37.4,35,1,34.45,Card,No
CUST03795,54,Female,Basic,19.03,36,2,5.97,Card,No
CUST03796,66,Female,Basic,33.36,24,1,18.97,Bank Transfer,No
CUST03797,58,Female,Basic,35.23,17,7,9.48,Bank Transfer,Yes
CUST03798,34,Female,Premium,86.1,45,5,10.38,Bank Transfer,No
CUST03799,41,Male,Standard,46.4,62,1,14.86,Bank Transfer,No
CUST03800,38,Male,Basic,20.61,1,2,24.86,Bank Transfer,No
CUST03801,68,Male,Premium,71.48,20,3,20.14,Mobile Wallet,No
CUST03802,56,Male,Basic,30.75,70,5,4.95,Mobile Wallet,No
CUST03803,58,Male,Basic,36.44,69,4,8.03,Card,No
CUST03804,56,Female,Basic,38.45,64,6,49.46,Cash,No
CUST03805,30,Female,Standard,65.0,70,3,28.54,Bank Transfer,No
CUST03806,28,Male,Basic,17.57,50,0,27.42,Card,No
CUST03807,63,Male,Standard,48.24,53,2,17.75,Card,No
CUST03808,36,Male,Premium,81.41,38,4,15.79,Card,No
CUST03809,28,Female,Basic,31.15,52,4,25.23,Bank Transfer,No
CUST03810,30,Female,Basic,35.63,61,0,35.54,Card,No
CUST03811,63,Male,Standard,59.66,25,6,70.0,Bank Transfer,Yes
CUST03812,62,Female,Standard,50.04,29,3,58.49,Card,No
CUST03813,18,Male,Premium,70.33,35,7,48.02,Card,No
CUST03814,57,Female,Standard,40.4,47,2,8.7,Bank Transfer,No
CUST03815,61,Female,Basic,26.2,57,4,34.56,Cash,Yes
CUST03816,36,Male,Basic,30.73,32,5,10.25,Card,No
CUST03817,29,Female,Basic,33.66,46,7,36.58,Mobile Wallet,No
CUST03818,25,Female,Standard,23.47,36,2,32.12,Card,No
CUST03819,25,Male,Basic,34.67,71,4,19.25,Bank Transfer,No
CUST03820,70,Female,Basic,33.06,10,2,7.03,Cash,No
CUST03821,62,Male,Standard,47.66,46,4,37.71,Bank Transfer,No
CUST03822,29,Female,Basic,45.74,26,2,26.21,Cash,No
CUST03823,65,Male,Standard,46.35,48,2,21.68,Bank Transfer,No
CUST03824,50,Male,Basic,35.14,48,4,25.06,,No
CUST03825,62,Female,Premium,56.36,13,2,6.03,Card,Yes
CUST03826,43,Female,Basic,27.1,30,4,52.2,Bank Transfer,Yes
CUST03827,56,Male,Premium,80.14,70,3,42.61,Card,No
CUST03828,45,Female,Basic,33.74,66,3,50.11,Mobile Wallet,No
CUST03829,22,Female,Standard,62.58,7,2,13.39,Card,No
CUST03830,25,Female,Basic,19.86,56,3,48.57,Card,No
CUST03831,42,Male,Standard,34.65,30,6,44.69,Bank Transfer,Yes
CUST03832,44,Male,Basic,22.93,55,1,8.97,Card,No
CUST03833,63,Male,Standard,41.02,33,3,11.61,Bank Transfer,No
CUST03834,40,Female,Standard,60.45,42,2,24.2,Mobile Wallet,No
CUST03835,47,Female,Standard,43.87,6,2,18.8,Mobile Wallet,No
CUST03836,62,Male,Standard,63.93,8,1,3.25,Bank Transfer,No
CUST03837,64,Male,Basic,40.76,70,3,24.89,Cash,No
CUST03838,40,Female,Basic,24.46,40,4,14.98,Cash,No
CUST03839,66,Female,Standard,50.97,56,3,10.33,Bank Transfer,No
CUST03840,64,Female,Basic,34.34,17,6,16.63,Bank Transfer,No
CUST03841,37,Female,Basic,40.5,7,2,9.14,Cash,No
CUST03842,35,Male,Basic,23.4,40,2,9.2,Bank Transfer,No
CUST03843,35,Female,Basic,27.53,58,1,16.27,Mobile Wallet,No
CUST03844,19,Female,Standard,57.73,62,2,13.19,Mobile Wallet,No
CUST03845,21,Male,Standard,49.08,54,4,15.16,Cash,No
CUST03846,47,Male,Premium,68.97,9,1,10.35,Bank Transfer,No
CUST03847,50,Female,Standard,60.01,51,1,45.96,Cash,No
CUST03848,53,Male,Premium,90.95,10,2,9.52,Mobile Wallet,Yes
CUST03849,35,Female,Standard,62.2,49,2,48.71,Card,No
CUST03850,54,Female,Premium,82.75,30,5,21.28,Card,Yes
CUST03851,36,Male,Premium,87.47,9,0,21.37,Bank Transfer,No
CUST03852,64,Male,Standard,45.75,46,4,35.38,Mobile Wallet,No
CUST03853,45,Female,Standard,57.81,26,4,21.54,Card,No
CUST03854,57,Male,Basic,24.62,64,7,8.51,Bank Transfer,No
CUST03855,37,Female,Basic,25.81,34,5,9.06,Card,No
CUST03856,66,Female,Premium,77.94,27,2,19.81,Card,No
CUST03857,50,Female,Premium,85.94,27,0,26.98,Mobile Wallet,No
CUST03858,29,Male,Standard,56.83,41,1,24.96,Cash,No
CUST03859,68,Female,Premium,69.05,18,4,27.73,Cash,Yes
CUST03860,32,Female,Premium,73.73,50,1,24.49,Bank Transfer,No
CUST03861,58,Female,Standard,65.28,43,4,21.02,Cash,No
CUST03862,56,Male,Standard,31.09,41,1,10.61,Mobile Wallet,No
CUST03863,19,Female,Standard,47.91,18,1,38.44,Bank Transfer,No
CUST03864,46,Female,Standard,64.17,61,4,38.13,Bank Transfer,No
CUST03865,58,Female,Basic,19.76,72,0,44.92,Card,No
CUST03866,27,Male,Standard,41.95,53,6,22.12,Mobile Wallet,No
CUST03867,19,Female,Standard,57.9,53,1,20.12,Card,Yes
CUST03868,68,Female,Standard,51.37,13,1,9.6,Bank Transfer,No
CUST03869,28,Male,Premium,91.82,26,3,50.89,Card,Yes
CUST03870,30,Male,Basic,36.39,56,0,26.31,Bank Transfer,No
CUST03871,27,Female,Basic,16.92,61,3,28.77,Mobile Wallet,No
CUST03872,31,Female,Premium,89.02,50,4,31.47,Mobile Wallet,Yes
CUST03873,35,Female,Standard,71.42,21,1,34.52,Mobile Wallet,No
CUST03874,68,Male,Basic,34.44,8,4,22.98,Mobile Wallet,No
CUST03875,26,Male,Standard,50.55,70,5,16.52,Card,No
CUST03876,56,Female,Standard,57.52,64,6,35.24,Bank Transfer,No
CUST03877,45,Male,Premium,85.74,50,3,7.01,Card,Yes
CUST03878,20,Female,Standard,42.9,2,2,21.03,Card,No
CUST03879,37,Female,Basic,15.72,72,6,36.79,Card,No
CUST03880,23,Male,Standard,40.49,70,5,25.8,Card,No
CUST03881,44,Female,Premium,70.95,6,3,5.55,Cash,No
CUST03882,70,Male,Standard,50.56,22,8,31.6,Bank Transfer,Yes
CUST03883,19,Male,Premium,52.44,46,5,34.79,Card,No
CUST03884,46,Female,Basic,34.95,61,6,89.84,Card,No
CUST03885,55,Male,Premium,73.9,35,3,20.37,Card,No
CUST03886,20,Female,Standard,67.3,62,3,9.86,Mobile Wallet,No
CUST03887,33,Male,Standard,40.18,69,5,19.24,Card,No
CUST03888,47,Female,Basic,37.81,57,5,21.61,Card,No
CUST03889,57,Female,Premium,63.96,25,0,23.42,Bank Transfer,Yes
CUST03890,19,Female,Standard,48.96,25,3,41.34,Mobile Wallet,No
CUST03891,34,Male,Premium,88.29,33,2,44.2,Cash,No
CUST03892,58,Female,Standard,47.15,8,2,42.74,Cash,No
CUST03893,29,Male,Basic,30.24,13,2,3.54,Mobile Wallet,No
CUST03894,52,Male,Basic,22.27,61,3,30.38,Mobile Wallet,No
CUST03895,60,Male,Standard,59.07,8,4,21.04,Card,Yes
CUST03896,18,Male,Standard,55.88,27,3,29.34,Card,No
CUST03897,62,Male,Standard,55.09,54,5,62.58,Card,No
CUST03898,32,Female,Standard,42.66,3,4,19.32,Bank Transfer,No
CUST03899,43,Male,Premium,73.15,33,5,39.12,Bank Transfer,Yes
CUST03900,54,Female,Basic,21.43,28,4,48.15,Mobile Wallet,No
CUST03901,38,Female,Basic,28.42,52,3,44.93,Mobile Wallet,No
CUST03902,66,Male,Premium,77.42,29,3,16.62,Mobile Wallet,No
CUST03903,48,Female,Standard,57.52,61,3,25.7,Cash,No
CUST03904,42,Female,Standard,65.21,61,7,23.15,Bank Transfer,No
CUST03905,40,Male,Standard,50.21,22,4,18.76,Bank Transfer,No
CUST03906,41,Female,Standard,52.74,72,4,17.48,Card,No
CUST03907,55,Male,Basic,21.77,57,2,49.97,Mobile Wallet,No
CUST03908,45,Male,Standard,67.31,45,4,45.81,Mobile Wallet,No
CUST03909,38,Male,Premium,76.11,30,2,14.59,Card,No
CUST03910,60,Female,Standard,40.0,14,3,31.01,Bank Transfer,No
CUST03911,35,Female,Basic,37.52,48,2,34.78,Cash,No
CUST03912,53,Female,Standard,48.84,18,4,10.29,Card,No
CUST03913,52,Female,Standard,53.12,32,1,23.43,Bank Transfer,No
CUST03914,62,Male,Basic,38.25,38,4,28.73,Bank Transfer,No
CUST03915,26,Male,Premium,80.19,53,6,17.82,Bank Transfer,No
CUST03916,70,Female,Basic,36.06,15,6,56.57,Card,No
CUST03917,55,Male,Premium,68.81,37,6,13.22,Cash,No
CUST03918,47,Female,Standard,45.01,49,3,10.38,Card,No
CUST03919,61,Male,Standard,26.57,33,3,21.53,Mobile Wallet,No
CUST03920,51,Male,Standard,53.11,13,4,21.84,Card,Yes
CUST03921,49,Male,Basic,27.41,71,2,14.57,Card,No
CUST03922,20,Male,Standard,49.61,64,3,17.67,Cash,No
CUST03923,20,Male,Premium,70.98,19,1,22.15,Mobile Wallet,No
CUST03924,45,Female,Standard,32.11,56,3,12.88,Card,No
CUST03925,61,Female,Standard,49.5,37,3,56.14,Mobile Wallet,No
CUST03926,32,Male,Premium,85.44,58,1,44.61,Cash,No
CUST03927,58,Female,Basic,33.57,9,3,17.19,Card,No
CUST03928,40,Male,Basic,39.79,4,1,62.62,Card,No
CUST03929,57,Male,Basic,28.87,71,4,2.73,Card,No
CUST03930,28,Male,Standard,69.71,13,4,18.29,Mobile Wallet,Yes
CUST03931,65,Male,Premium,72.7,63,2,35.16,Mobile Wallet,No
CUST03932,49,Female,Standard,42.78,63,5,35.21,Mobile Wallet,Yes
CUST03933,53,Male,Premium,65.88,61,2,18.6,Card,No
CUST03934,50,Female,Standard,68.58,36,4,11.99,Card,No
CUST03935,41,Male,Standard,38.81,8,4,28.87,Bank Transfer,No
CUST03936,56,Male,Basic,35.53,27,4,23.07,Bank Transfer,No
CUST03937,51,Female,Premium,79.38,26,3,28.96,Mobile Wallet,No
CUST03938,45,Male,Basic,,45,3,25.61,Bank Transfer,No
CUST03939,54,Male,Standard,65.03,42,0,13.73,Mobile Wallet,No
CUST03940,24,Female,Basic,28.18,14,3,17.96,Card,No
CUST03941,21,Female,Basic,18.16,72,3,27.56,Card,No
CUST03942,54,Female,Standard,48.14,52,3,48.72,Card,No
CUST03943,18,Male,Basic,20.98,69,2,7.08,Card,No
CUST03944,18,Male,Premium,75.36,53,1,24.73,Mobile Wallet,No
CUST03945,64,Female,Standard,60.97,51,1,32.6,Card,No
CUST03946,37,Female,Standard,50.48,2,2,9.26,Card,Yes
CUST03947,36,Male,Standard,45.65,48,3,29.91,Bank Transfer,No
CUST03948,46,Male,Standard,49.19,49,0,21.64,Card,No
CUST03949,27,Female,Premium,54.24,59,3,35.29,Mobile Wallet,No
CUST03950,35,Female,Basic,32.33,67,5,34.21,Card,No
CUST03951,45,Female,Basic,32.97,9,1,8.12,Bank Transfer,No
CUST03952,52,Female,Basic,27.86,2,5,21.91,Mobile Wallet,No
CUST03953,60,Male,Premium,83.06,43,2,10.79,Bank Transfer,Yes
CUST03954,64,Male,Premium,81.06,14,1,23.52,Card,No
CUST03955,48,Male,Basic,31.11,40,6,16.09,Mobile Wallet,No
CUST03956,44,Male,Standard,60.05,55,2,13.44,Card,No
CUST03957,28,Female,Basic,31.84,59,2,22.13,Mobile Wallet,No
CUST03958,66,Male,Basic,29.69,47,1,16.02,Bank Transfer,No
CUST03959,66,Female,Standard,64.36,34,5,2.63,Mobile Wallet,Yes
CUST03960,55,Male,Basic,31.8,36,3,24.64,Card,No
CUST03961,22,Male,Standard,49.75,33,3,26.65,Cash,No
CUST03962,25,Male,Standard,42.0,63,5,27.11,Cash,No
CUST03963,51,Female,Standard,74.18,18,1,10.55,Card,No
CUST03964,65,Male,Standard,49.72,22,1,20.96,Bank Transfer,No
CUST03965,69,Female,Standard,38.99,5,3,15.82,Mobile Wallet,No
CUST03966,29,Female,Standard,41.32,32,5,12.11,Bank Transfer,No
CUST03967,55,Male,Basic,29.68,49,4,44.98,Card,No
CUST03968,18,Female,Standard,47.86,36,0,22.83,Mobile Wallet,Yes
CUST03969,48,Male,Basic,34.94,14,6,8.41,Card,No
CUST03970,21,Female,Basic,32.75,64,2,16.84,Bank Transfer,No
CUST03971,66,Male,Standard,62.74,32,3,7.1,Card,No
CUST03972,62,Female,Premium,77.54,9,3,15.5,Bank Transfer,No
CUST03973,67,Female,Basic,36.96,48,4,23.2,Mobile Wallet,No
CUST03974,22,Male,Basic,36.79,52,2,10.84,Mobile Wallet,No
CUST03975,47,Male,Basic,21.61,9,3,15.74,Mobile Wallet,No
CUST03976,41,Male,Standard,58.32,32,3,38.31,Bank Transfer,No
CUST03977,20,Male,Standard,49.13,10,2,10.98,Cash,Yes
CUST03978,28,Female,Basic,26.8,69,5,21.32,Cash,No
CUST03979,62,Female,Premium,60.16,11,3,21.93,Card,Yes
CUST03980,21,Female,Standard,44.35,58,7,19.79,Cash,No
CUST03981,43,Female,Standard,65.56,28,6,16.02,Bank Transfer,Yes
CUST03982,44,Male,Standard,43.03,34,4,27.46,Bank Transfer,No
CUST03983,63,Female,Standard,50.27,53,2,63.32,Card,No
CUST03984,60,Male,Standard,56.17,40,0,32.06,Card,No
CUST03985,44,Female,Standard,56.75,64,2,20.73,Bank Transfer,No
CUST03986,59,Male,Basic,23.3,10,3,23.63,Card,No
CUST03987,68,Male,Standard,60.96,26,2,16.45,Cash,Yes
CUST03988,67,Male,Standard,71.43,43,0,31.02,Mobile Wallet,No
CUST03989,23,Male,Basic,22.63,71,0,8.66,Card,No
CUST03990,32,Male,Basic,36.64,44,1,28.12,Cash,No
CUST03991,70,Female,Basic,22.7,71,0,45.44,Card,No
CUST03992,47,Male,Premium,79.17,57,3,40.58,Mobile Wallet,No
CUST03993,59,Female,Basic,31.09,48,4,19.57,Cash,Yes
CUST03994,54,Female,Premium,94.37,62,2,29.68,Bank Transfer,No
CUST03995,54,Male,Standard,38.51,61,4,28.64,Bank Transfer,No
CUST03996,59,Female,Premium,78.39,67,2,51.6,Card,No
CUST03997,54,Female,Standard,49.74,45,6,7.86,Card,No
CUST03998,52,Female,Premium,57.51,61,7,8.32,Card,Yes
CUST03999,40,Male,Basic,25.64,71,3,12.84,Card,No
CUST04000,23,Male,Standard,48.55,2,7,8.01,Mobile Wallet,No
CUST04001,21,Male,Basic,42.57,47,3,13.57,Mobile Wallet,No
CUST04002,35,Male,Standard,46.06,67,2,21.74,Card,No
CUST04003,26,Female,Standard,63.33,29,1,10.34,Cash,No
CUST04004,66,Female,Standard,49.79,63,4,48.04,Bank Transfer,No
CUST04005,46,Female,Standard,26.23,25,2,27.38,Card,No
CUST04006,30,Female,Basic,,4,5,61.84,Mobile Wallet,Yes
CUST04007,64,Female,Standard,48.95,47,3,34.07,Mobile Wallet,No
CUST04008,69,Female,Standard,53.7,69,3,32.9,Mobile Wallet,No
CUST04009,34,Male,Basic,40.77,63,6,23.77,Card,No
CUST04010,62,Female,Premium,85.04,6,5,54.08,Card,Yes
CUST04011,49,Female,Premium,85.32,18,1,52.56,Card,No
CUST04012,65,Female,Premium,66.66,36,2,7.56,Cash,No
CUST04013,39,Male,Premium,78.92,57,1,54.86,Bank Transfer,No
CUST04014,21,Female,Basic,45.5,30,3,19.38,Mobile Wallet,No
CUST04015,22,Female,Premium,84.01,14,3,,Card,Yes
CUST04016,54,Male,Standard,48.48,39,2,36.45,Mobile Wallet,No
CUST04017,58,Female,Basic,28.65,2,2,37.2,Mobile Wallet,No
CUST04018,66,Male,Premium,70.97,34,6,27.91,Mobile Wallet,No
CUST04019,30,Male,Basic,22.38,58,7,28.53,Bank Transfer,No
CUST04020,51,Female,Standard,51.12,35,2,22.99,Bank Transfer,No
CUST04021,62,Female,Basic,28.57,34,3,12.64,Mobile Wallet,No
CUST04022,39,Male,Standard,44.41,8,5,17.97,Cash,No
CUST04023,70,Female,Standard,47.77,43,2,24.64,Mobile Wallet,No
CUST04024,40,Female,Standard,75.61,63,1,34.61,Mobile Wallet,No
CUST04025,68,Male,Basic,29.68,62,4,25.92,Mobile Wallet,No
CUST04026,20,Male,Standard,42.77,20,5,16.88,Bank Transfer,No
CUST04027,59,Female,Standard,68.03,52,5,28.94,Mobile Wallet,Yes
CUST04028,51,Male,Basic,36.73,46,4,36.68,Card,Yes
CUST04029,49,Female,Premium,78.62,4,1,15.33,Mobile Wallet,Yes
CUST04030,62,Female,Standard,50.19,62,3,13.36,Card,No
CUST04031,68,Female,Premium,84.44,10,3,36.37,Bank Transfer,No
CUST04032,66,Female,Basic,40.54,40,4,18.68,Bank Transfer,No
CUST04033,38,Male,Basic,33.46,5,1,16.63,Bank Transfer,No
CUST04034,63,Female,Basic,48.48,18,1,30.16,Card,Yes
CUST04035,61,Male,Standard,47.43,61,2,24.11,,No
CUST04036,38,Female,Basic,,57,5,27.25,Card,No
CUST04037,61,Female,Standard,60.17,63,1,20.47,Bank Transfer,No
CUST04038,28,Male,Standard,39.72,5,3,13.75,Cash,No
CUST04039,56,Female,Basic,35.89,21,8,15.31,Card,No
CUST04040,21,Male,Standard,48.48,19,4,13.32,Cash,No
CUST04041,68,Male,Premium,82.74,23,3,37.58,Bank Transfer,Yes
CUST04042,18,Female,Basic,45.34,69,2,56.52,Card,No
CUST04043,45,Female,Standard,49.27,33,2,15.26,Bank Transfer,No
CUST04044,41,Female,Standard,61.8,4,2,17.88,Mobile Wallet,No
CUST04045,52,Female,Standard,51.46,35,3,33.62,Card,No
CUST04046,30,Male,Premium,77.69,59,6,7.2,Bank Transfer,No
CUST04047,64,Female,Premium,75.92,42,1,25.66,Cash,No
CUST04048,51,Female,Standard,53.91,49,2,22.04,Cash,Yes
CUST04049,28,Female,Standard,59.14,41,5,12.7,,No
CUST04050,53,Female,Standard,37.33,49,1,54.72,Cash,No
CUST04051,68,Female,Standard,46.19,71,3,11.43,Bank Transfer,No
CUST04052,34,Male,Basic,40.88,46,4,8.71,Bank Transfer,No
CUST04053,52,Female,Premium,78.0,64,3,8.5,Bank Transfer,Yes
CUST04054,35,Male,Standard,41.4,50,2,13.58,Bank Transfer,No
CUST04055,57,Female,Basic,27.17,43,3,34.03,Mobile Wallet,No
CUST04056,39,Female,Basic,20.63,27,4,10.72,Bank Transfer,Yes
CUST04057,41,Female,Premium,78.21,34,3,17.11,Bank Transfer,Yes
CUST04058,36,Male,Basic,22.49,63,2,10.49,Cash,No
CUST04059,54,Female,Standard,40.06,67,0,47.87,Card,No
CUST04060,56,Male,Basic,23.72,27,4,5.89,Mobile Wallet,No
CUST04061,38,Male,Basic,29.54,7,0,25.49,Mobile Wallet,No
CUST04062,25,Female,Basic,,23,2,13.4,Card,Yes
CUST04063,45,Male,Standard,42.23,66,3,14.36,Card,No
CUST04064,22,Female,Basic,37.51,2,4,23.47,Cash,No
CUST04065,34,Female,Standard,33.7,36,5,48.29,Mobile Wallet,No
CUST04066,54,Male,Standard,51.5,58,2,22.95,Mobile Wallet,No
CUST04067,53,Female,Standard,66.62,11,1,12.02,Card,Yes
CUST04068,36,Female,Standard,50.79,7,0,8.75,Card,No
CUST04069,44,Male,Standard,41.68,66,5,7.86,Cash,No
CUST04070,70,Male,Standard,37.2,31,1,19.0,Bank Transfer,No
CUST04071,51,Male,Standard,53.61,46,3,34.91,Card,Yes
CUST04072,28,Male,Standard,67.36,70,4,21.19,Mobile Wallet,No
CUST04073,62,Male,Premium,68.63,53,2,7.14,Mobile Wallet,No
CUST04074,64,Male,Standard,46.65,68,0,,Bank Transfer,No
CUST04075,29,Female,Basic,21.22,46,3,46.58,Bank Transfer,No
CUST04076,38,Male,Standard,35.23,37,1,28.3,Bank Transfer,No
CUST04077,28,Male,Basic,40.63,27,3,29.0,Card,No
CUST04078,56,Female,Basic,34.13,25,2,25.5,Mobile Wallet,No
CUST04079,45,Female,Standard,59.15,12,4,16.23,Bank Transfer,No
CUST04080,22,Male,Standard,56.27,60,3,18.43,Card,No
CUST04081,34,Male,Standard,47.84,17,7,19.53,Card,No
CUST04082,37,Female,Premium,74.38,50,3,7.58,Bank Transfer,No
CUST04083,58,Male,Standard,51.73,9,3,22.03,Card,No
CUST04084,63,Male,Basic,25.0,29,8,30.02,Cash,Yes
CUST04085,29,Female,Premium,73.72,25,2,24.65,Card,No
CUST04086,23,Male,Standard,47.45,15,4,23.25,Mobile Wallet,No
CUST04087,34,Female,Premium,68.39,9,6,7.53,Cash,Yes
CUST04088,68,Male,Premium,74.83,13,6,12.95,Mobile Wallet,Yes
CUST04089,36,Female,Premium,74.01,47,6,9.53,Cash,No
CUST04090,43,Female,Basic,30.18,44,2,8.08,Mobile Wallet,No
CUST04091,65,Female,Basic,38.78,3,5,8.94,Bank Transfer,Yes
CUST04092,61,Male,Standard,48.07,18,6,37.15,Bank Transfer,Yes
CUST04093,61,Female,Standard,37.42,10,5,17.66,Bank Transfer,No
CUST04094,69,Male,Standard,38.08,36,3,4.66,Cash,No
CUST04095,49,Female,Basic,28.0,57,3,40.36,Card,No
CUST04096,23,Female,Basic,27.01,3,5,25.54,Card,No
CUST04097,53,Female,Standard,43.05,20,3,25.41,Mobile Wallet,No
CUST04098,55,Male,Basic,27.93,18,1,26.74,Card,No
CUST04099,28,Male,Basic,39.76,49,3,41.11,Bank Transfer,No
CUST04100,50,Female,Basic,28.97,37,1,48.29,Bank Transfer,No
CUST04101,41,Male,Basic,37.92,20,2,20.31,Card,No
CUST04102,40,Male,Standard,39.61,64,2,59.59,Cash,No
CUST04103,32,Male,Standard,62.75,22,2,13.55,Bank Transfer,No
CUST04104,44,Female,Basic,30.06,21,3,45.28,Card,No
CUST04105,28,Male,Basic,40.82,35,2,29.92,Card,No
CUST04106,68,Female,Standard,44.71,1,2,15.29,Bank Transfer,No
CUST04107,67,Female,Basic,38.42,12,3,21.42,Mobile Wallet,No
CUST04108,34,Female,Premium,87.13,13,0,17.83,Mobile Wallet,Yes
CUST04109,68,Male,Standard,36.68,8,1,10.79,Bank Transfer,Yes
CUST04110,70,Female,Premium,88.49,31,5,52.66,Card,No
CUST04111,31,Male,Standard,60.63,5,6,36.27,Mobile Wallet,No
CUST04112,44,Male,Standard,42.33,44,3,38.43,Mobile Wallet,No
CUST04113,35,Female,Standard,39.24,51,1,25.61,Card,No
CUST04114,45,Female,Basic,22.77,25,2,18.07,Card,No
CUST04115,68,Female,Basic,32.76,45,2,,Cash,No
CUST04116,64,Male,Basic,41.86,13,8,20.32,Card,Yes
CUST04117,64,Male,Standard,55.71,35,1,10.79,Card,No
CUST04118,21,Female,Basic,33.88,32,4,40.24,Card,No
CUST04119,24,Female,Basic,23.98,72,2,75.45,Card,No
CUST04120,62,Male,Standard,51.38,22,1,37.22,Mobile Wallet,No
CUST04121,52,Male,Premium,,6,4,9.19,Mobile Wallet,Yes
CUST04122,65,Female,Basic,17.52,49,5,25.7,Mobile Wallet,No
CUST04123,26,Male,Standard,67.28,11,2,14.01,Mobile Wallet,No
CUST04124,25,Male,Basic,28.25,71,3,15.66,Card,No
CUST04125,69,Male,Premium,51.21,15,6,22.99,Bank Transfer,No
CUST04126,62,Male,Basic,24.28,68,4,6.83,Bank Transfer,No
CUST04127,34,Male,Premium,91.45,40,3,26.48,Card,No
CUST04128,34,Male,Basic,22.3,34,3,3.56,Bank Transfer,Yes
CUST04129,66,Female,Premium,72.92,30,4,7.87,Card,No
CUST04130,50,Male,Basic,33.62,19,2,10.1,Mobile Wallet,No
CUST04131,49,Female,Basic,24.7,62,5,17.88,Card,No
CUST04132,25,Female,Basic,33.0,62,5,25.0,Card,No
CUST04133,36,Male,Basic,30.77,38,5,39.69,Card,Yes
CUST04134,55,Female,Premium,81.82,30,4,48.33,Bank Transfer,Yes
CUST04135,20,Female,Standard,45.05,32,10,14.08,Card,No
CUST04136,22,Female,Standard,58.58,25,3,20.8,Card,No
CUST04137,30,Male,Premium,63.74,12,4,28.96,Cash,Yes
CUST04138,64,Female,Standard,46.91,9,3,23.96,Mobile Wallet,No
CUST04139,63,Male,Premium,66.53,37,3,20.58,Card,No
CUST04140,48,Female,Basic,28.87,17,7,37.64,Card,No
CUST04141,33,Female,Premium,63.27,35,2,10.4,Cash,No
CUST04142,67,Female,Basic,23.91,60,3,20.26,Card,No
CUST04143,49,Female,Standard,58.84,4,2,24.93,Card,No
CUST04144,39,Male,Standard,47.81,41,2,27.7,Card,No
CUST04145,46,Female,Standard,45.81,68,3,19.94,Mobile Wallet,No
CUST04146,39,Female,Standard,53.87,3,4,12.57,Bank Transfer,Yes
CUST04147,60,Male,Standard,50.86,9,2,24.17,Bank Transfer,No
CUST04148,20,Male,Premium,73.97,11,3,23.62,Mobile Wallet,Yes
CUST04149,27,Male,Premium,60.21,61,4,14.22,Mobile Wallet,No
CUST04150,59,Female,Premium,61.71,21,2,34.26,Card,Yes
CUST04151,38,Male,Premium,74.94,25,2,16.84,Mobile Wallet,Yes
CUST04152,33,Male,Standard,45.87,62,5,43.4,Mobile Wallet,No
CUST04153,29,Male,Premium,61.78,24,3,40.31,Mobile Wallet,Yes
CUST04154,19,Male,Premium,90.6,69,4,4.69,Mobile Wallet,No
CUST04155,58,Male,Standard,38.46,41,4,22.67,Card,No
CUST04156,41,Male,Standard,48.8,57,3,13.65,Card,No
CUST04157,52,Female,Premium,90.45,66,1,26.31,Bank Transfer,No
CUST04158,47,Male,Standard,55.65,9,4,52.73,Card,No
CUST04159,47,Female,Standard,53.7,8,2,57.62,Card,No
CUST04160,64,Male,Basic,30.86,58,2,5.3,Mobile Wallet,No
CUST04161,52,Male,Premium,70.57,71,1,12.55,Card,No
CUST04162,36,Male,Premium,66.18,38,1,61.78,Mobile Wallet,No
CUST04163,67,Female,Standard,31.95,20,0,11.66,Card,No
CUST04164,25,Male,Basic,33.53,47,3,53.68,Bank Transfer,No
CUST04165,43,Male,Basic,33.57,28,4,42.43,Card,No
CUST04166,66,Male,Standard,40.25,60,3,35.84,Mobile Wallet,No
CUST04167,57,Male,Basic,30.33,22,4,22.07,Bank Transfer,No
CUST04168,24,Female,Standard,52.43,51,2,21.01,Bank Transfer,No
CUST04169,47,Female,Premium,55.76,24,2,14.53,Mobile Wallet,No
CUST04170,24,Female,Standard,48.82,61,3,8.44,Card,No
CUST04171,20,Female,Standard,52.15,2,2,18.7,Card,No
CUST04172,18,Female,Premium,79.12,55,4,12.29,Mobile Wallet,No
CUST04173,53,Male,Standard,66.76,4,1,22.61,Mobile Wallet,No
CUST04174,42,Male,Basic,24.85,58,1,25.79,Card,No
CUST04175,54,Male,Standard,52.48,13,4,28.56,Bank Transfer,No
CUST04176,18,Female,Standard,55.74,27,1,11.91,Cash,No
CUST04177,32,Male,Premium,59.46,30,6,23.17,Mobile Wallet,No
CUST04178,54,Female,Premium,96.6,62,3,20.49,Card,No
CUST04179,30,Male,Basic,39.96,65,2,31.61,Mobile Wallet,No
CUST04180,57,Female,Basic,28.24,11,1,31.25,Card,No
CUST04181,25,Male,Basic,34.14,49,2,14.8,Bank Transfer,No
CUST04182,22,Male,Standard,69.15,17,2,14.22,Card,Yes
CUST04183,26,Male,Standard,46.9,15,1,57.16,Card,No
CUST04184,18,Male,Standard,42.0,27,2,11.62,Bank Transfer,No
CUST04185,53,Female,Standard,54.85,10,3,28.71,Card,No
CUST04186,52,Male,Premium,80.39,28,5,61.76,Mobile Wallet,Yes
CUST04187,19,Male,Premium,47.24,2,0,14.59,Cash,No
CUST04188,57,Male,Basic,25.96,35,2,23.03,Mobile Wallet,No
CUST04189,40,Female,Standard,49.67,15,1,14.12,Card,No
CUST04190,26,Male,Standard,49.4,59,5,10.33,Card,No
CUST04191,51,Male,Basic,34.55,33,4,34.56,Card,No
CUST04192,63,Male,Standard,53.7,55,5,33.1,Mobile Wallet,No
CUST04193,31,Male,Basic,21.15,52,4,22.28,Card,No
CUST04194,21,Male,Basic,42.22,19,3,9.51,Card,No
CUST04195,47,Female,Standard,31.56,39,2,9.75,Cash,No
CUST04196,48,Female,Standard,45.93,60,4,21.64,Mobile Wallet,No
CUST04197,55,Female,Standard,55.32,10,7,29.03,Bank Transfer,No
CUST04198,28,Male,Standard,35.04,72,4,29.03,Card,No
CUST04199,52,Female,Basic,18.0,66,4,21.61,Mobile Wallet,No
CUST04200,25,Male,Standard,42.75,56,3,21.76,Bank Transfer,No
CUST04201,20,Male,Standard,41.91,7,3,19.35,Mobile Wallet,No
CUST04202,31,Male,Standard,66.4,40,2,12.4,Card,No
CUST04203,30,Male,Premium,78.12,19,5,29.99,Card,No
CUST04204,62,Female,Basic,23.11,70,2,4.51,Card,No
CUST04205,49,Female,Standard,46.84,11,9,19.1,Card,Yes
CUST04206,51,Female,Standard,54.51,52,7,19.13,Mobile Wallet,No
CUST04207,62,Male,Premium,61.57,12,7,24.57,Card,No
CUST04208,36,Female,Premium,64.5,62,5,21.23,Mobile Wallet,No
CUST04209,55,Female,Basic,23.14,23,5,43.51,Cash,No
CUST04210,33,Male,Standard,60.39,40,5,25.84,Mobile Wallet,No
CUST04211,19,Female,Basic,24.56,70,1,42.15,Bank Transfer,No
CUST04212,57,Male,Premium,50.52,50,3,37.95,Card,No
CUST04213,34,Female,Basic,22.87,64,3,12.76,Mobile Wallet,No
CUST04214,51,Female,Premium,60.12,19,2,6.16,Card,No
CUST04215,59,Female,Basic,21.0,18,2,17.96,Mobile Wallet,Yes
CUST04216,33,Male,Standard,49.35,27,3,51.31,Cash,Yes
CUST04217,55,Female,Premium,61.81,44,4,10.77,Card,No
CUST04218,19,Female,Premium,77.2,58,3,4.72,Card,No
CUST04219,19,Female,Basic,29.08,62,1,43.74,Bank Transfer,No
CUST04220,43,Female,Standard,40.96,50,5,12.86,Card,No
CUST04221,30,Male,Basic,36.7,53,2,15.67,Card,No
CUST04222,64,Male,Standard,38.62,61,2,35.13,Bank Transfer,No
CUST04223,48,Female,Basic,26.98,50,4,52.33,Card,No
CUST04224,51,Female,Basic,22.35,54,2,30.16,Mobile Wallet,No
CUST04225,56,Female,Standard,43.81,42,3,18.05,Cash,No
CUST04226,20,Male,Basic,23.69,59,1,25.13,Mobile Wallet,No
CUST04227,25,Female,Standard,37.73,8,1,28.78,Mobile Wallet,Yes
CUST04228,40,Female,Basic,41.21,14,1,37.99,Card,No
CUST04229,31,Male,Basic,28.58,13,3,19.37,Card,No
CUST04230,44,Male,Standard,,71,3,15.5,Card,No
CUST04231,46,Male,Basic,36.62,44,3,7.81,Bank Transfer,No
CUST04232,56,Female,Standard,39.94,43,2,32.0,Bank Transfer,No
CUST04233,70,Male,Standard,43.62,18,5,27.24,Bank Transfer,No
CUST04234,56,Male,Standard,57.87,36,2,33.13,Card,No
CUST04235,18,Female,Standard,57.18,31,6,29.45,Mobile Wallet,Yes
CUST04236,34,Male,Standard,39.93,4,5,14.99,Card,No
CUST04237,58,Female,Basic,31.44,39,5,57.43,Card,No
CUST04238,47,Female,Premium,92.83,55,2,35.07,Mobile Wallet,No
CUST04239,70,Male,Premium,71.92,19,1,12.9,Card,No
CUST04240,30,Female,Basic,33.2,68,3,9.04,Cash,No
CUST04241,38,Male,Standard,53.82,65,4,29.18,Card,No
CUST04242,36,Male,Basic,40.8,40,5,32.73,Bank Transfer,No
CUST04243,70,Male,Basic,38.57,30,2,7.01,Mobile Wallet,No
CUST04244,36,Female,Basic,21.61,28,0,28.63,Card,No
CUST04245,42,Male,Standard,43.01,49,0,28.73,Cash,No
CUST04246,39,Female,Basic,37.54,41,2,31.45,Mobile Wallet,No
CUST04247,48,Female,Premium,75.88,49,4,10.24,Mobile Wallet,No
CUST04248,34,Female,Standard,45.3,29,3,1.99,Card,No
CUST04249,40,Male,Basic,37.88,1,3,50.78,Bank Transfer,No
CUST04250,49,Female,Standard,53.43,31,2,12.44,Card,No
CUST04251,27,Female,Basic,40.52,27,3,28.94,Bank Transfer,No
CUST04252,27,Male,Standard,37.26,35,4,74.11,Card,Yes
CUST04253,53,Male,Standard,40.16,8,1,1.62,Mobile Wallet,No
CUST04254,25,Female,Basic,,40,4,9.19,Card,No
CUST04255,69,Female,Basic,32.34,58,1,12.88,Mobile Wallet,No
CUST04256,37,Male,Basic,23.58,72,4,46.97,Bank Transfer,No
CUST04257,49,Female,Basic,21.62,6,2,23.77,Bank Transfer,No
CUST04258,67,Female,Basic,23.59,15,7,14.46,Bank Transfer,No
CUST04259,31,Female,Premium,85.75,21,5,17.52,Card,Yes
CUST04260,67,Female,Basic,30.49,37,4,22.69,Mobile Wallet,No
CUST04261,45,Male,Basic,24.67,70,3,14.82,Mobile Wallet,No
CUST04262,63,Female,Premium,77.88,54,7,7.57,Mobile Wallet,No
CUST04263,69,Male,Standard,41.03,29,4,29.5,Bank Transfer,No
CUST04264,70,Female,Standard,39.68,58,1,25.42,Bank Transfer,No
CUST04265,41,Male,Basic,27.1,19,3,8.82,Mobile Wallet,No
CUST04266,32,Female,Standard,52.36,34,2,45.84,Bank Transfer,No
CUST04267,39,Male,Basic,30.01,58,1,12.83,Mobile Wallet,Yes
CUST04268,47,Female,Standard,60.22,71,4,13.56,Card,No
CUST04269,21,Male,Premium,83.2,13,3,29.58,Bank Transfer,Yes
CUST04270,30,Female,Standard,45.84,4,7,53.9,Cash,Yes
CUST04271,40,Female,Basic,23.12,11,4,80.38,Card,No
CUST04272,25,Male,Standard,55.74,50,2,6.47,Mobile Wallet,No
CUST04273,35,Male,Standard,48.61,21,2,16.25,Bank Transfer,No
CUST04274,29,Male,Standard,53.71,60,1,37.16,Mobile Wallet,No
CUST04275,48,Male,Standard,37.33,21,3,25.26,Mobile Wallet,No
CUST04276,31,Male,Standard,68.06,43,5,23.59,Cash,No
CUST04277,51,Female,Standard,37.85,45,1,11.86,Bank Transfer,No
CUST04278,35,Male,Premium,70.54,42,2,42.06,Bank Transfer,Yes
CUST04279,51,Male,Premium,74.49,26,3,17.02,Mobile Wallet,No
CUST04280,28,Female,Basic,31.97,31,2,18.27,Card,No
CUST04281,58,Male,Standard,49.49,49,2,22.57,Mobile Wallet,No
CUST04282,29,Male,Basic,32.46,68,5,13.26,Card,No
CUST04283,66,Male,Standard,56.2,3,0,17.52,Bank Transfer,Yes
CUST04284,32,Female,Basic,35.14,39,1,8.96,Card,Yes
CUST04285,48,Male,Standard,65.42,48,0,40.19,Mobile Wallet,No
CUST04286,66,Female,Standard,42.56,21,0,26.25,Cash,No
CUST04287,46,Female,Basic,32.28,18,2,14.71,Mobile Wallet,Yes
CUST04288,43,Male,Premium,86.82,35,2,44.16,Card,No
CUST04289,35,Female,Standard,46.06,32,4,37.26,Mobile Wallet,No
CUST04290,49,Male,Standard,39.79,55,5,6.62,Card,No
CUST04291,39,Male,Standard,51.6,11,1,8.99,Card,Yes
CUST04292,55,Male,Premium,53.67,58,3,21.68,Card,No
CUST04293,34,Male,Basic,38.17,38,1,20.91,Card,No
CUST04294,40,Male,Standard,57.64,46,0,9.38,Cash,No
CUST04295,41,Female,Standard,58.84,20,4,11.38,Cash,No
CUST04296,67,Female,Premium,65.8,26,5,32.23,Bank Transfer,No
CUST04297,25,Female,Standard,39.75,11,6,5.49,Card,Yes
CUST04298,58,Female,Standard,52.41,66,4,14.0,Bank Transfer,No
CUST04299,23,Male,Premium,80.19,37,3,19.3,Mobile Wallet,Yes
CUST04300,22,Male,Premium,66.92,6,1,11.98,Card,No
CUST04301,61,Female,Standard,34.46,54,3,20.74,Cash,Yes
CUST04302,46,Male,Basic,24.47,47,4,28.31,Card,No
CUST04303,45,Female,Standard,62.95,47,4,17.93,Mobile Wallet,No
CUST04304,28,Female,Standard,34.58,26,1,51.16,Bank Transfer,No
CUST04305,18,Female,Standard,43.72,25,3,45.53,Cash,Yes
CUST04306,60,Female,Basic,46.16,36,1,27.68,Card,No
CUST04307,36,Male,Basic,41.46,21,2,26.55,Cash,No
CUST04308,26,Male,Standard,50.19,58,0,29.19,Card,No
CUST04309,44,Female,Basic,15.93,43,5,27.05,Cash,No
CUST04310,51,Female,Basic,32.07,23,5,25.79,Bank Transfer,No
CUST04311,61,Female,Standard,70.1,65,3,14.4,Card,No
CUST04312,21,Female,Standard,38.67,59,5,29.69,Bank Transfer,No
CUST04313,53,Female,Standard,47.95,61,1,16.82,Card,No
CUST04314,35,Male,Basic,40.8,72,4,23.1,Card,No
CUST04315,32,Female,Basic,21.23,64,7,7.85,Card,No
CUST04316,68,Female,Standard,66.41,33,2,7.32,Cash,No
CUST04317,30,Male,Standard,54.74,48,2,15.16,Card,No
CUST04318,36,Male,Standard,57.72,39,4,15.24,Mobile Wallet,No
CUST04319,66,Male,Basic,27.19,12,2,35.12,,No
CUST04320,23,Male,Standard,42.82,11,5,13.34,Card,No
CUST04321,65,Male,Premium,64.75,48,4,7.04,Bank Transfer,No
CUST04322,29,Male,Basic,23.91,8,2,35.65,Mobile Wallet,No
CUST04323,68,Male,Standard,45.53,51,3,40.85,Card,No
CUST04324,54,Male,Standard,48.19,8,5,23.99,Card,No
CUST04325,34,Male,Basic,19.69,68,2,38.65,Bank Transfer,No
CUST04326,40,Female,Basic,23.99,71,5,40.62,Bank Transfer,No
CUST04327,43,Male,Standard,51.32,36,3,7.55,Card,No
CUST04328,46,Female,Basic,37.87,30,2,26.52,Bank Transfer,No
CUST04329,50,Female,Basic,39.76,12,3,19.43,Card,No
CUST04330,44,Female,Basic,37.9,29,2,34.61,Mobile Wallet,No
CUST04331,42,Female,Basic,24.23,3,1,11.88,Mobile Wallet,No
CUST04332,27,Female,Standard,65.22,62,2,50.83,Cash,No
CUST04333,64,Female,Basic,26.83,11,3,28.1,Card,No
CUST04334,40,Female,Basic,31.49,59,4,43.94,Cash,No
CUST04335,38,Female,Standard,64.48,72,2,21.9,Bank Transfer,No
CUST04336,38,Male,Standard,33.95,72,0,41.9,Mobile Wallet,No
CUST04337,60,Female,Standard,54.71,42,2,10.88,Bank Transfer,Yes
CUST04338,30,Female,Basic,41.02,6,2,19.27,Mobile Wallet,No
CUST04339,54,Female,Standard,51.87,55,2,10.17,Mobile Wallet,No
CUST04340,50,Female,Basic,32.38,6,4,30.4,Card,No
CUST04341,41,Male,Basic,22.55,21,0,26.48,Cash,No
CUST04342,61,Female,Standard,25.27,44,6,28.32,Bank Transfer,No
CUST04343,28,Male,Premium,58.45,48,5,17.24,Cash,Yes
CUST04344,34,Male,Standard,50.32,36,3,60.53,Bank Transfer,No
CUST04345,21,Female,Basic,26.32,45,3,14.1,Card,No
CUST04346,64,Female,Premium,56.12,3,1,16.23,Bank Transfer,No
CUST04347,42,Male,Basic,28.49,59,4,28.26,Cash,No
CUST04348,47,Female,Premium,69.7,12,2,32.02,Card,No
CUST04349,26,Female,Standard,41.61,19,2,30.97,Mobile Wallet,No
CUST04350,38,Male,Standard,45.45,23,1,17.53,Card,No
CUST04351,37,Male,Standard,39.7,5,2,21.4,Bank Transfer,No
CUST04352,36,Female,Premium,43.21,51,7,22.76,Card,Yes
CUST04353,36,Female,Premium,107.34,19,3,23.8,Card,Yes
CUST04354,29,Female,Standard,35.46,12,1,15.49,Bank Transfer,No
CUST04355,54,Male,Standard,50.95,57,0,35.09,Bank Transfer,No
CUST04356,59,Female,Standard,61.14,37,1,68.32,Mobile Wallet,No
CUST04357,34,Male,Standard,60.58,34,3,34.21,Mobile Wallet,No
CUST04358,54,Male,Premium,67.7,63,4,6.34,Cash,Yes
CUST04359,65,Female,Basic,33.29,4,4,54.15,Cash,Yes
CUST04360,56,Male,Basic,33.14,54,2,16.41,Mobile Wallet,No
CUST04361,45,Female,Premium,80.56,54,0,14.78,Mobile Wallet,No
CUST04362,58,Female,Premium,87.42,6,3,34.51,Card,No
CUST04363,52,Male,Basic,30.76,7,4,10.17,Card,Yes
CUST04364,64,Female,Basic,34.14,34,0,21.31,Card,No
CUST04365,65,Male,Premium,66.29,68,1,12.67,Cash,No
CUST04366,35,Male,Standard,62.72,15,2,7.58,Mobile Wallet,Yes
CUST04367,31,Female,Standard,56.81,13,2,21.38,Mobile Wallet,No
CUST04368,52,Female,Basic,36.95,37,0,30.21,Mobile Wallet,No
CUST04369,61,Female,Premium,70.37,38,4,29.84,Mobile Wallet,No
CUST04370,58,Female,Basic,24.79,31,2,11.28,Card,No
CUST04371,24,Male,Basic,30.92,66,3,17.5,Card,No
CUST04372,58,Male,Basic,37.28,60,6,12.35,Card,No
CUST04373,30,Male,Premium,62.76,13,1,9.89,Cash,No
CUST04374,35,Female,Standard,62.42,21,2,16.24,Cash,No
CUST04375,54,Male,Standard,54.29,44,1,11.09,Mobile Wallet,No
CUST04376,30,Male,Standard,30.9,28,1,13.57,Card,No
CUST04377,53,Female,Premium,72.86,57,5,49.03,Bank Transfer,No
CUST04378,48,Female,Standard,71.76,1,7,15.37,Mobile Wallet,Yes
CUST04379,19,Female,Standard,48.46,10,0,16.03,Card,No
CUST04380,33,Male,Premium,79.82,8,2,20.0,Bank Transfer,Yes
CUST04381,26,Female,Standard,57.02,63,2,2.58,Card,No
CUST04382,26,Male,Standard,50.47,67,1,11.91,Mobile Wallet,No
CUST04383,55,Male,Premium,68.6,67,4,46.16,Card,No
CUST04384,28,Male,Standard,43.92,27,2,17.14,Mobile Wallet,No
CUST04385,39,Male,Standard,37.64,18,2,28.97,Mobile Wallet,No
CUST04386,50,Male,Basic,26.88,35,6,6.09,Card,No
CUST04387,53,Female,Standard,52.08,44,3,25.71,Mobile Wallet,No
CUST04388,62,Male,Standard,54.46,8,4,17.07,Card,Yes
CUST04389,40,Female,Basic,27.81,46,3,36.39,,No
CUST04390,62,Male,Premium,87.16,43,1,40.76,Cash,No
CUST04391,62,Male,Basic,27.74,46,3,39.5,Mobile Wallet,No
CUST04392,51,Female,Standard,58.29,40,4,31.61,Bank Transfer,Yes
CUST04393,26,Male,Standard,43.18,56,2,18.3,Mobile Wallet,No
CUST04394,41,Male,Standard,48.18,27,6,5.8,Bank Transfer,Yes
CUST04395,25,Female,Basic,23.98,20,5,43.84,Mobile Wallet,No
CUST04396,24,Female,Standard,47.19,57,6,11.3,Bank Transfer,No
CUST04397,53,Male,Basic,20.39,12,1,43.43,Mobile Wallet,No
CUST04398,35,Male,Basic,34.34,23,4,29.37,Bank Transfer,No
CUST04399,20,Male,Basic,35.03,12,1,22.8,Card,No
CUST04400,45,Female,Basic,40.54,44,1,21.61,Bank Transfer,No
CUST04401,23,Male,Basic,35.93,39,6,29.32,Bank Transfer,No
CUST04402,61,Female,Standard,47.36,42,3,55.52,Cash,No
CUST04403,61,Female,Premium,82.5,48,8,11.89,Cash,Yes
CUST04404,38,Male,Standard,40.59,67,5,9.96,Card,No
CUST04405,45,Female,Standard,62.29,35,3,41.09,Card,No
CUST04406,57,Male,Standard,35.7,37,8,9.29,Bank Transfer,No
CUST04407,18,Male,Standard,58.54,40,5,27.72,Card,No
CUST04408,53,Female,Standard,36.36,16,2,11.66,Cash,Yes
CUST04409,38,Female,Standard,65.11,48,1,46.01,Cash,No
CUST04410,60,Female,Basic,32.77,18,3,38.78,Card,Yes
CUST04411,52,Female,Basic,35.82,18,3,70.44,Mobile Wallet,No
CUST04412,30,Female,Standard,59.44,14,2,8.85,Bank Transfer,No
CUST04413,66,Female,Standard,60.87,42,1,11.9,Mobile Wallet,No
CUST04414,27,Male,Premium,87.67,2,2,11.47,Card,Yes
CUST04415,70,Male,Basic,32.61,53,3,22.03,Mobile Wallet,No
CUST04416,61,Male,Basic,37.56,60,3,25.28,Card,No
CUST04417,64,Female,Standard,64.17,35,3,37.23,Bank Transfer,Yes
CUST04418,70,Female,Premium,81.26,64,6,23.78,Card,No
CUST04419,27,Female,Standard,51.2,33,4,39.01,Card,No
CUST04420,63,Male,Standard,58.62,41,2,30.75,Card,Yes
CUST04421,30,Male,Basic,21.38,63,3,24.71,Mobile Wallet,No
CUST04422,54,Female,Standard,61.0,4,5,9.69,Mobile Wallet,No
CUST04423,55,Female,Standard,58.92,21,2,5.91,Card,No
CUST04424,41,Female,Premium,80.5,4,3,13.59,Card,Yes
CUST04425,19,Female,Basic,43.96,56,3,3.91,Mobile Wallet,No
CUST04426,39,Male,Standard,55.98,4,4,34.14,Cash,No
CUST04427,34,Male,Standard,54.67,4,2,11.11,Card,No
CUST04428,53,Male,Basic,30.85,3,2,43.31,Card,Yes
CUST04429,31,Female,Standard,49.29,55,2,29.49,Bank Transfer,No
CUST04430,27,Male,Standard,54.65,69,7,16.61,Card,No
CUST04431,52,Female,Basic,34.58,32,4,26.6,Cash,No
CUST04432,42,Female,Premium,77.33,58,3,30.37,Card,No
CUST04433,20,Female,Basic,42.54,67,5,20.74,Bank Transfer,No
CUST04434,64,Male,Premium,83.93,34,5,14.78,Bank Transfer,No
CUST04435,55,Male,Premium,67.17,63,4,34.95,Cash,No
CUST04436,34,Female,Standard,65.41,10,1,33.44,Mobile Wallet,No
CUST04437,29,Male,Basic,38.32,32,4,19.05,Bank Transfer,No
CUST04438,69,Female,Premium,61.15,5,3,13.01,Bank Transfer,No
CUST04439,41,Female,Standard,55.2,29,2,18.59,Mobile Wallet,No
CUST04440,46,Female,Basic,33.17,7,7,28.14,Cash,No
CUST04441,60,Male,Standard,41.23,15,8,48.58,Card,No
CUST04442,42,Male,Basic,33.61,2,2,25.6,Card,No
CUST04443,53,Female,Premium,75.31,10,1,29.22,Mobile Wallet,No
CUST04444,43,Male,Premium,62.42,11,7,23.24,Card,No
CUST04445,55,Male,Premium,46.84,53,4,21.87,Mobile Wallet,No
CUST04446,18,Male,Standard,38.34,56,3,33.49,Bank Transfer,No
CUST04447,37,Male,Standard,69.64,40,4,48.46,Bank Transfer,No
CUST04448,45,Female,Basic,30.25,58,3,23.94,Mobile Wallet,No
CUST04449,33,Male,Basic,45.06,68,5,18.99,Bank Transfer,No
CUST04450,64,Female,Basic,36.2,27,2,25.04,Mobile Wallet,No
CUST04451,34,Female,Standard,54.39,3,1,9.53,Cash,Yes
CUST04452,57,Male,Premium,62.69,39,2,16.51,Mobile Wallet,No
CUST04453,45,Female,Premium,60.1,22,3,17.35,Card,No
CUST04454,29,Female,Basic,33.66,61,5,25.3,Card,No
CUST04455,44,Male,Standard,56.35,38,4,8.31,Cash,No
CUST04456,70,Female,Standard,38.79,16,1,25.81,Bank Transfer,No
CUST04457,59,Female,Standard,34.92,69,0,53.7,Mobile Wallet,No
CUST04458,64,Male,Standard,64.64,17,4,25.01,Card,No
CUST04459,47,Male,Standard,46.95,61,4,13.98,Mobile Wallet,No
CUST04460,58,Male,Premium,83.06,44,3,24.85,Cash,No
CUST04461,51,Male,Standard,54.71,44,1,42.71,Card,No
CUST04462,54,Male,Standard,49.72,41,1,10.8,Mobile Wallet,No
CUST04463,23,Female,Basic,43.29,55,5,38.98,Mobile Wallet,No
CUST04464,24,Female,Basic,19.93,3,4,11.61,Bank Transfer,No
CUST04465,49,Male,Standard,57.18,13,5,19.63,Bank Transfer,Yes
CUST04466,49,Male,Standard,40.36,51,3,88.77,Bank Transfer,No
CUST04467,70,Female,Premium,81.71,54,4,14.62,Cash,Yes
CUST04468,42,Male,Standard,66.68,18,5,19.63,Cash,Yes
CUST04469,50,Male,Standard,47.03,40,3,40.05,Bank Transfer,No
CUST04470,24,Female,Standard,62.32,10,4,16.69,Mobile Wallet,Yes
CUST04471,69,Female,Basic,21.94,41,0,50.04,Card,No
CUST04472,29,Female,Standard,51.84,44,1,32.27,Card,No
CUST04473,33,Male,Standard,62.46,8,1,46.59,Cash,Yes
CUST04474,33,Female,Basic,29.71,36,8,42.43,Cash,No
CUST04475,60,Male,Basic,41.01,56,2,21.43,Bank Transfer,No
CUST04476,70,Female,Standard,49.46,14,3,29.75,Card,Yes
CUST04477,53,Male,Basic,27.51,29,4,20.09,Card,No
CUST04478,30,Male,Premium,77.92,7,3,11.98,Bank Transfer,Yes
CUST04479,24,Male,Standard,65.85,42,6,16.07,Card,Yes
CUST04480,53,Female,Basic,30.31,30,1,23.13,Mobile Wallet,No
CUST04481,64,Female,Basic,35.87,47,3,44.44,Bank Transfer,No
CUST04482,68,Female,Premium,74.15,34,3,7.54,Bank Transfer,No
CUST04483,26,Male,Standard,39.79,62,3,10.17,Cash,No
CUST04484,49,Female,Standard,41.18,16,3,5.5,Card,No
CUST04485,28,Female,Basic,22.08,29,3,25.5,Mobile Wallet,No
CUST04486,25,Male,Premium,72.69,15,3,14.41,Bank Transfer,No
CUST04487,50,Male,Standard,49.39,51,3,21.12,Card,No
CUST04488,40,Female,Standard,54.2,56,5,20.12,Mobile Wallet,No
CUST04489,42,Female,Premium,87.73,42,3,26.12,Mobile Wallet,No
CUST04490,25,Female,Basic,42.7,20,2,43.63,Card,No
CUST04491,62,Male,Standard,41.32,47,1,12.73,Cash,No
CUST04492,39,Female,Basic,32.83,64,3,10.54,Cash,No
CUST04493,21,Male,Standard,44.88,2,2,16.16,Card,No
CUST04494,57,Male,Basic,15.46,32,2,17.79,Bank Transfer,No
CUST04495,20,Female,Premium,70.73,54,2,37.16,Bank Transfer,No
CUST04496,46,Female,Standard,61.01,42,3,24.47,Cash,No
CUST04497,58,Male,Standard,53.29,30,0,23.36,Bank Transfer,No
CUST04498,46,Male,Premium,82.82,9,5,15.49,Cash,Yes
CUST04499,51,Female,Premium,76.97,19,1,12.0,Card,No
CUST04500,51,Female,Standard,54.79,6,4,31.49,Card,No
CUST04501,45,Female,Standard,63.99,72,6,18.6,Card,No
CUST04502,30,Male,Basic,37.48,58,1,40.03,Bank Transfer,No
CUST04503,32,Male,Basic,34.1,1,1,61.26,Bank Transfer,No
CUST04504,40,Female,Standard,76.99,13,1,31.08,Mobile Wallet,No
CUST04505,61,Male,Basic,32.01,6,5,54.35,Card,No
CUST04506,43,Male,Standard,33.62,29,3,28.43,Card,No
CUST04507,21,Female,Basic,39.5,66,3,19.68,Bank Transfer,No
CUST04508,43,Male,Standard,44.12,31,1,17.99,Bank Transfer,No
CUST04509,57,Female,Standard,46.47,72,1,9.42,Cash,No
CUST04510,26,Female,Basic,23.84,41,5,30.24,Bank Transfer,No
CUST04511,22,Male,Basic,33.68,39,4,4.51,Cash,No
CUST04512,49,Male,Standard,32.38,57,5,36.07,Cash,No
CUST04513,37,Female,Standard,32.71,28,5,13.14,Cash,No
CUST04514,67,Male,Standard,51.41,31,7,21.17,Mobile Wallet,No
CUST04515,28,Female,Premium,57.37,13,6,12.97,Card,Yes
CUST04516,32,Male,Basic,22.51,71,3,5.65,Cash,No
CUST04517,49,Male,Basic,32.69,51,4,19.73,Card,No
CUST04518,45,Male,Basic,42.22,65,2,13.01,Cash,No
CUST04519,39,Female,Standard,61.86,45,2,55.01,Card,No
CUST04520,58,Male,Standard,42.07,53,4,12.97,Card,No
CUST04521,34,Female,Basic,33.79,57,3,23.02,Bank Transfer,No
CUST04522,43,Female,Standard,52.33,26,2,9.2,Bank Transfer,No
CUST04523,61,Female,Standard,67.82,16,3,26.44,Mobile Wallet,Yes
CUST04524,24,Male,Premium,81.78,12,4,41.79,Card,No
CUST04525,59,Female,Standard,41.01,16,4,11.73,Bank Transfer,No
CUST04526,43,Female,Standard,55.87,54,3,18.73,Bank Transfer,No
CUST04527,42,Male,Standard,41.8,52,2,27.96,Cash,No
CUST04528,27,Female,Premium,61.33,71,3,10.78,Card,No
CUST04529,62,Female,Premium,68.84,24,1,23.78,Mobile Wallet,No
CUST04530,36,Male,Standard,49.61,58,4,7.81,Mobile Wallet,No
CUST04531,28,Female,Standard,51.69,39,2,14.79,Mobile Wallet,Yes
CUST04532,30,Male,Standard,44.49,69,3,46.27,Cash,No
CUST04533,70,Female,Standard,51.06,1,3,15.84,Cash,No
CUST04534,25,Female,Standard,54.59,71,2,48.92,Mobile Wallet,No
CUST04535,57,Male,Basic,28.97,61,4,17.87,Bank Transfer,No
CUST04536,21,Female,Premium,56.8,48,2,12.39,Card,No
CUST04537,64,Female,Standard,,62,1,29.27,Mobile Wallet,No
CUST04538,48,Female,Premium,65.42,4,4,36.47,Cash,Yes
CUST04539,45,Male,Standard,49.66,69,2,25.26,Card,No
CUST04540,28,Male,Standard,60.17,69,5,32.79,Bank Transfer,Yes
CUST04541,60,Male,Basic,29.05,52,5,8.62,Bank Transfer,No
CUST04542,18,Male,Standard,59.22,46,2,10.88,Card,No
CUST04543,66,Male,Standard,60.1,17,5,8.17,Bank Transfer,No
CUST04544,64,Female,Standard,51.84,30,4,31.94,Card,No
CUST04545,69,Male,Premium,75.01,49,1,24.81,Card,No
CUST04546,55,Male,Basic,43.96,51,3,30.59,Card,No
CUST04547,41,Male,Standard,48.79,33,4,11.96,Card,Yes
CUST04548,64,Female,Basic,35.41,58,5,22.22,Card,No
CUST04549,48,Female,Premium,73.27,39,3,50.07,Mobile Wallet,No
CUST04550,58,Male,Basic,44.99,71,4,42.34,Mobile Wallet,No
CUST04551,63,Female,Standard,31.5,37,6,22.13,Bank Transfer,No
CUST04552,67,Female,Basic,25.12,71,1,8.98,Bank Transfer,No
CUST04553,43,Female,Standard,55.1,15,2,60.43,Mobile Wallet,Yes
CUST04554,66,Female,Premium,73.09,61,2,13.67,Mobile Wallet,No
CUST04555,67,Male,Basic,38.16,10,3,19.14,Bank Transfer,No
CUST04556,22,Male,Standard,49.04,20,2,31.4,Bank Transfer,No
CUST04557,37,Female,Basic,40.44,9,8,45.44,Cash,Yes
CUST04558,69,Female,Standard,71.05,70,2,13.38,Card,No
CUST04559,58,Female,Standard,40.41,20,3,23.34,Cash,No
CUST04560,28,Female,Standard,39.79,64,2,16.58,Card,No
CUST04561,50,Male,Standard,62.71,7,6,24.38,Bank Transfer,Yes
CUST04562,67,Female,Standard,48.17,64,5,23.5,Card,No
CUST04563,55,Male,Basic,35.39,48,7,20.82,Cash,Yes
CUST04564,44,Female,Standard,47.34,47,2,27.24,Mobile Wallet,No
CUST04565,51,Male,Basic,31.51,64,2,44.86,Cash,No
CUST04566,32,Female,Standard,47.22,67,1,4.3,Cash,No
CUST04567,49,Male,Premium,76.9,45,2,20.6,Card,No
CUST04568,38,Male,Basic,38.88,17,7,15.45,Bank Transfer,Yes
CUST04569,63,Male,Basic,24.56,51,1,15.51,Mobile Wallet,No
CUST04570,22,Female,Basic,20.18,43,4,27.42,Mobile Wallet,No
CUST04571,23,Male,Premium,73.26,66,3,5.26,Mobile Wallet,No
CUST04572,55,Female,Premium,65.65,13,2,23.9,Cash,No
CUST04573,39,Male,Standard,56.59,27,2,13.14,Bank Transfer,No
CUST04574,35,Male,Standard,65.84,47,2,26.18,Mobile Wallet,No
CUST04575,31,Female,Basic,35.33,40,1,7.81,Card,No
CUST04576,27,Male,Standard,56.05,69,3,44.05,Mobile Wallet,No
CUST04577,63,Female,Standard,64.0,32,4,4.91,Mobile Wallet,No
CUST04578,30,Female,Standard,38.57,45,2,7.16,Card,No
CUST04579,48,Female,Premium,74.06,37,2,44.87,Mobile Wallet,No
CUST04580,47,Female,Standard,45.47,15,4,13.07,Mobile Wallet,No
CUST04581,20,Male,Basic,33.36,9,2,8.47,Mobile Wallet,No
CUST04582,47,Male,Standard,41.79,55,3,22.7,Mobile Wallet,No
CUST04583,23,Female,Standard,54.26,9,5,24.08,Card,No
CUST04584,46,Male,Premium,78.52,64,3,25.55,Bank Transfer,No
CUST04585,25,Male,Standard,40.75,41,2,22.62,Mobile Wallet,No
CUST04586,61,Female,Standard,64.2,15,1,24.61,Mobile Wallet,No
CUST04587,62,Male,Standard,50.51,36,2,38.89,,No
CUST04588,60,Female,Standard,34.33,36,5,41.02,Card,No
CUST04589,61,Male,Standard,43.15,65,1,5.15,Mobile Wallet,No
CUST04590,50,Male,Premium,59.39,28,3,24.62,Card,No
CUST04591,34,Female,Basic,32.58,33,8,42.65,Bank Transfer,Yes
CUST04592,65,Male,Basic,27.06,65,2,14.27,Card,No
CUST04593,28,Male,Premium,61.37,54,6,13.97,Bank Transfer,No
CUST04594,30,Female,Basic,30.92,6,4,30.04,Card,No
CUST04595,67,Male,Basic,33.1,48,3,20.0,Bank Transfer,No
CUST04596,28,Female,Standard,46.44,69,6,13.77,Cash,No
CUST04597,48,Male,Basic,17.31,28,2,39.38,Card,No
CUST04598,45,Female,Premium,64.33,16,6,27.56,Card,No
CUST04599,61,Female,Standard,48.6,26,3,34.42,Card,No
CUST04600,23,Female,Standard,56.42,50,1,52.61,Card,No
CUST04601,58,Female,Basic,36.42,54,1,8.35,Bank Transfer,No
CUST04602,33,Female,Basic,36.26,13,5,38.59,Card,No
CUST04603,21,Male,Standard,59.06,65,1,8.9,Cash,No
CUST04604,52,Male,Standard,55.63,35,3,51.05,Card,No
CUST04605,65,Female,Standard,49.03,29,2,21.12,Mobile Wallet,No
CUST04606,43,Male,Basic,41.05,31,3,46.71,Mobile Wallet,No
CUST04607,29,Female,Standard,61.57,12,4,12.32,Cash,No
CUST04608,28,Male,Basic,28.91,69,2,11.88,Mobile Wallet,No
CUST04609,54,Male,Standard,21.07,32,3,33.33,Cash,No
CUST04610,42,Female,Standard,29.7,10,3,15.55,Cash,No
CUST04611,35,Female,Basic,39.77,5,7,29.86,Card,Yes
CUST04612,36,Male,Standard,55.93,27,1,14.56,Mobile Wallet,No
CUST04613,40,Male,Basic,35.71,39,4,20.83,Mobile Wallet,No
CUST04614,55,Female,Standard,64.86,21,2,5.29,,No
CUST04615,35,Male,Standard,64.28,16,5,31.61,Card,No
CUST04616,43,Male,Basic,31.14,29,2,20.93,Mobile Wallet,No
CUST04617,23,Female,Premium,66.12,71,3,34.3,Mobile Wallet,No
CUST04618,21,Male,Standard,41.15,14,0,27.4,Bank Transfer,No
CUST04619,61,Female,Premium,87.5,41,2,15.75,Card,Yes
CUST04620,68,Female,Basic,19.47,41,4,46.0,Mobile Wallet,No
CUST04621,46,Female,Premium,,44,3,8.35,Card,No
CUST04622,51,Male,Basic,30.77,16,3,9.8,Mobile Wallet,No
CUST04623,34,Male,Standard,46.53,24,4,13.92,Mobile Wallet,No
CUST04624,60,Female,Premium,66.84,21,1,2.87,Card,No
CUST04625,60,Female,Basic,40.38,59,1,17.85,Card,No
CUST04626,70,Male,Basic,30.91,39,3,25.74,Mobile Wallet,No
CUST04627,33,Male,Standard,51.26,71,2,29.3,Card,No
CUST04628,19,Male,Standard,51.82,7,4,8.86,Bank Transfer,Yes
CUST04629,51,Female,Standard,53.14,28,3,18.99,Cash,Yes
CUST04630,25,Female,Basic,24.73,51,2,67.57,Cash,No
CUST04631,30,Male,Standard,43.99,35,1,46.69,Bank Transfer,No
CUST04632,59,Male,Basic,28.11,58,1,18.22,Card,No
CUST04633,25,Male,Premium,75.96,10,3,31.03,Card,No
CUST04634,47,Female,Standard,42.7,38,5,34.12,Bank Transfer,No
CUST04635,49,Female,Standard,48.03,32,2,36.67,Cash,No
CUST04636,53,Male,Basic,39.75,62,5,13.06,Cash,Yes
CUST04637,64,Male,Premium,88.03,50,3,8.82,Card,No
CUST04638,47,Female,Standard,52.02,41,2,16.37,Card,No
CUST04639,18,Female,Premium,91.72,47,1,,Card,No
CUST04640,60,Male,Basic,24.81,2,2,16.28,Cash,No
CUST04641,56,Male,Standard,51.72,42,3,40.4,Card,No
CUST04642,34,Male,Standard,52.72,4,6,16.33,Card,No
CUST04643,37,Female,Basic,31.5,1,4,18.56,Bank Transfer,No
CUST04644,41,Male,Standard,37.43,22,5,7.38,Bank Transfer,No
CUST04645,67,Female,Basic,27.11,11,4,11.47,Bank Transfer,Yes
CUST04646,39,Female,Standard,50.61,11,4,23.04,Mobile Wallet,No
CUST04647,46,Male,Standard,50.95,14,1,47.75,Bank Transfer,Yes
CUST04648,39,Male,Standard,40.7,59,2,26.12,Card,No
CUST04649,61,Female,Standard,35.52,18,3,19.31,Card,No
CUST04650,26,Male,Standard,54.79,61,7,41.81,Bank Transfer,No
CUST04651,54,Female,Basic,28.82,24,4,29.71,Cash,No
CUST04652,27,Male,Standard,30.59,27,3,14.85,Bank Transfer,No
CUST04653,53,Male,Premium,79.37,35,0,23.29,Card,No
CUST04654,54,Male,Basic,26.24,68,1,11.2,Card,No
CUST04655,45,Male,Basic,29.23,22,4,54.27,Mobile Wallet,No
CUST04656,45,Female,Standard,41.05,11,2,25.57,Bank Transfer,No
CUST04657,59,Female,Standard,51.67,71,0,10.76,Card,No
CUST04658,60,Female,Standard,47.94,58,7,6.58,Cash,No
CUST04659,38,Male,Standard,66.46,4,4,14.44,Cash,Yes
CUST04660,41,Female,Basic,25.53,66,2,10.87,Cash,No
CUST04661,59,Female,Premium,89.51,65,1,44.16,Card,No
CUST04662,57,Female,Standard,38.06,18,0,26.28,Mobile Wallet,No
CUST04663,19,Male,Basic,29.58,59,3,4.82,Card,No
CUST04664,25,Female,Basic,34.1,23,1,30.84,Card,No
CUST04665,65,Male,Standard,61.54,4,2,10.98,Bank Transfer,No
CUST04666,44,Male,Standard,57.68,53,6,8.94,Mobile Wallet,No
CUST04667,39,Female,Standard,34.76,40,1,3.5,Mobile Wallet,No
CUST04668,54,Male,Premium,61.96,40,5,22.39,Mobile Wallet,No
CUST04669,44,Female,Basic,35.35,51,2,23.36,Cash,No
CUST04670,46,Female,Premium,81.58,9,3,72.96,Cash,No
CUST04671,20,Female,Standard,38.69,23,3,7.51,Mobile Wallet,Yes
CUST04672,61,Female,Standard,40.61,13,4,31.54,Card,No
CUST04673,30,Female,Premium,59.44,1,0,28.37,Card,No
CUST04674,62,Male,Standard,50.0,10,1,28.08,Mobile Wallet,Yes
CUST04675,27,Female,Basic,30.06,27,2,2.52,Mobile Wallet,No
CUST04676,53,Male,Premium,56.44,19,1,23.81,Bank Transfer,No
CUST04677,26,Female,Standard,47.34,22,2,31.82,Mobile Wallet,No
CUST04678,44,Female,Standard,48.87,11,2,28.06,Bank Transfer,No
CUST04679,51,Female,Premium,91.62,16,0,24.22,Card,No
CUST04680,68,Male,Standard,47.67,29,2,18.13,Card,No
CUST04681,18,Male,Standard,31.65,30,0,7.26,Bank Transfer,No
CUST04682,49,Male,Standard,40.43,11,3,23.97,Bank Transfer,Yes
CUST04683,42,Male,Standard,55.38,57,4,17.0,Mobile Wallet,No
CUST04684,46,Female,Basic,35.94,65,3,18.85,Bank Transfer,No
CUST04685,24,Female,Standard,44.99,6,4,16.13,Bank Transfer,No
CUST04686,66,Male,Basic,35.47,35,2,22.4,Mobile Wallet,No
CUST04687,20,Male,Standard,60.75,59,5,19.88,Card,No
CUST04688,37,Male,Premium,86.03,14,3,31.45,Card,Yes
CUST04689,37,Female,Basic,27.29,43,7,11.22,Mobile Wallet,No
CUST04690,70,Male,Basic,25.94,46,2,22.07,Bank Transfer,No
CUST04691,47,Male,Basic,30.8,22,2,28.7,Card,No
CUST04692,52,Female,Standard,49.65,60,5,14.16,Bank Transfer,No
CUST04693,52,Male,Premium,55.61,2,3,25.92,Mobile Wallet,Yes
CUST04694,66,Female,Standard,58.02,69,3,20.86,Mobile Wallet,No
CUST04695,56,Female,Basic,35.31,15,2,13.85,Card,No
CUST04696,44,Female,Standard,48.43,50,1,16.5,Card,No
CUST04697,43,Female,Standard,49.97,56,1,56.57,Mobile Wallet,No
CUST04698,31,Female,Standard,46.15,63,4,56.39,Card,No
CUST04699,34,Male,Standard,36.4,35,6,8.46,Mobile Wallet,Yes
CUST04700,35,Male,Basic,33.41,26,2,14.19,Bank Transfer,No
CUST04701,62,Female,Standard,59.21,27,2,14.36,Mobile Wallet,No
CUST04702,69,Female,Basic,32.02,19,6,31.79,Card,Yes
CUST04703,46,Male,Basic,27.21,37,4,19.39,Cash,No
CUST04704,37,Male,Premium,80.37,36,7,18.55,Mobile Wallet,No
CUST04705,70,Female,Standard,47.69,40,2,12.97,Bank Transfer,No
CUST04706,44,Male,Basic,32.31,63,0,28.23,Card,No
CUST04707,35,Male,Premium,71.97,39,5,33.33,Card,No
CUST04708,21,Female,Standard,37.59,12,3,25.12,Card,Yes
CUST04709,18,Male,Basic,30.0,44,3,17.92,Card,No
CUST04710,67,Male,Standard,82.93,48,2,15.27,Mobile Wallet,No
CUST04711,18,Male,Premium,94.96,33,2,38.06,Cash,No
CUST04712,43,Male,Standard,39.58,32,4,16.62,Cash,No
CUST04713,62,Female,Basic,32.87,22,6,18.41,Cash,No
CUST04714,37,Male,Standard,46.11,6,3,25.19,Cash,No
CUST04715,69,Female,Standard,46.42,30,4,38.5,Card,No
CUST04716,40,Male,Premium,50.24,17,8,8.94,Bank Transfer,No
CUST04717,27,Female,Basic,35.62,2,3,38.12,Bank Transfer,Yes
CUST04718,28,Female,Standard,37.31,55,4,6.79,Card,No
CUST04719,58,Male,Basic,29.82,12,0,12.64,Cash,No
CUST04720,58,Female,Standard,45.91,12,5,15.09,Bank Transfer,No
CUST04721,22,Female,Premium,57.25,51,3,17.66,Card,No
CUST04722,18,Female,Basic,34.16,48,3,23.93,Cash,No
CUST04723,34,Female,Basic,28.51,39,1,19.62,Card,No
CUST04724,39,Female,Standard,61.32,70,4,8.76,Bank Transfer,Yes
CUST04725,51,Male,Standard,56.38,1,4,29.96,Card,No
CUST04726,62,Female,Basic,29.36,16,6,20.73,Card,No
CUST04727,58,Female,Standard,44.56,46,2,19.62,Card,No
CUST04728,46,Male,Premium,76.81,63,2,33.58,Card,No
CUST04729,21,Male,Standard,64.86,59,1,33.7,Card,No
CUST04730,22,Female,Standard,37.41,47,2,17.4,Bank Transfer,No
CUST04731,28,Male,Standard,51.24,16,0,22.85,Bank Transfer,Yes
CUST04732,68,Male,Premium,94.55,46,3,17.49,Mobile Wallet,Yes
CUST04733,38,Male,Basic,23.3,39,2,22.58,Mobile Wallet,No
CUST04734,52,Male,Basic,30.05,50,0,24.31,Mobile Wallet,No
CUST04735,29,Male,Standard,55.91,49,4,12.76,Card,No
CUST04736,43,Male,Standard,35.45,26,2,24.73,Bank Transfer,No
CUST04737,68,Female,Premium,56.37,33,2,7.79,Card,No
CUST04738,36,Female,Basic,34.93,20,3,29.08,Bank Transfer,No
CUST04739,62,Male,Premium,94.59,72,1,51.57,Card,No
CUST04740,24,Male,Premium,74.86,41,1,36.29,Card,No
CUST04741,64,Female,Standard,60.05,11,6,14.12,Mobile Wallet,No
CUST04742,24,Male,Standard,54.43,55,2,6.83,Bank Transfer,No
CUST04743,43,Female,Basic,33.41,47,0,10.88,Cash,No
CUST04744,57,Male,Basic,35.89,50,6,9.2,Card,No
CUST04745,22,Female,Premium,73.54,23,2,12.57,Bank Transfer,No
CUST04746,38,Female,Standard,50.52,61,4,2.85,Mobile Wallet,Yes
CUST04747,31,Male,Basic,30.11,7,1,17.34,Mobile Wallet,No
CUST04748,21,Male,Standard,23.4,15,3,20.49,Card,No
CUST04749,40,Male,Premium,66.23,9,5,28.23,Mobile Wallet,No
CUST04750,59,Male,Standard,48.34,37,2,31.17,Bank Transfer,No
CUST04751,37,Female,Basic,31.06,59,4,20.3,Card,No
CUST04752,32,Male,Standard,45.07,28,1,14.55,Bank Transfer,No
CUST04753,67,Female,Standard,54.4,6,2,24.58,Cash,Yes
CUST04754,69,Male,Basic,28.41,10,5,10.08,Card,No
CUST04755,62,Female,Basic,36.2,15,4,13.21,Cash,No
CUST04756,46,Male,Standard,45.6,4,1,12.64,Mobile Wallet,No
CUST04757,25,Male,Standard,55.03,58,1,53.17,Bank Transfer,No
CUST04758,58,Female,Basic,32.4,15,1,14.66,Mobile Wallet,Yes
CUST04759,65,Male,Basic,25.88,37,2,23.05,Card,No
CUST04760,36,Male,Basic,38.86,2,5,15.77,Card,No
CUST04761,65,Male,Basic,38.1,47,3,20.72,Cash,No
CUST04762,56,Male,Basic,38.47,28,3,48.02,Bank Transfer,No
CUST04763,63,Male,Standard,58.03,69,0,24.42,Bank Transfer,No
CUST04764,45,Female,Standard,42.54,71,2,20.03,Cash,No
CUST04765,63,Male,Standard,,68,1,25.96,Bank Transfer,No
CUST04766,44,Female,Standard,65.69,19,1,20.71,Mobile Wallet,No
CUST04767,21,Male,Basic,26.45,8,1,11.93,Mobile Wallet,No
CUST04768,32,Male,Standard,40.94,31,3,45.84,Card,No
CUST04769,52,Female,Basic,27.55,14,3,42.99,Card,No
CUST04770,54,Female,Basic,27.97,29,1,14.51,Card,No
CUST04771,18,Female,Basic,28.81,9,6,27.07,Mobile Wallet,Yes
CUST04772,20,Female,Premium,61.58,70,4,18.27,Cash,No
CUST04773,64,Female,Basic,24.92,60,2,16.14,Bank Transfer,No
CUST04774,41,Male,Premium,90.19,45,2,8.93,Cash,No
CUST04775,44,Female,Standard,31.37,54,7,20.82,Cash,No
CUST04776,57,Female,Standard,44.89,45,4,7.88,Card,No
CUST04777,53,Male,Standard,68.9,3,0,3.05,Mobile Wallet,Yes
CUST04778,51,Male,Basic,28.66,36,3,42.42,Bank Transfer,No
CUST04779,46,Female,Basic,25.16,11,1,17.13,Card,No
CUST04780,41,Female,Premium,64.42,6,5,,Mobile Wallet,Yes
CUST04781,41,Female,Standard,28.72,41,2,49.8,Bank Transfer,No
CUST04782,59,Male,Basic,22.34,72,4,8.05,Card,No
CUST04783,21,Female,Basic,32.23,41,4,2.59,Cash,No
CUST04784,20,Male,Premium,65.34,62,5,11.31,Cash,No
CUST04785,51,Male,Premium,73.67,9,1,23.39,Cash,Yes
CUST04786,66,Male,Standard,50.06,10,4,26.02,Bank Transfer,No
CUST04787,40,Male,Basic,33.5,41,2,23.45,Card,No
CUST04788,70,Female,Premium,74.74,27,5,9.37,Mobile Wallet,No
CUST04789,69,Male,Basic,21.52,53,3,17.65,Bank Transfer,Yes
CUST04790,40,Male,Standard,60.61,4,3,34.74,Bank Transfer,No
CUST04791,62,Female,Standard,49.67,10,3,20.32,Card,No
CUST04792,22,Male,Standard,50.27,49,1,32.83,Bank Transfer,No
CUST04793,48,Female,Standard,54.18,19,1,5.37,Bank Transfer,Yes
CUST04794,70,Male,Premium,62.72,50,5,8.97,Mobile Wallet,No
CUST04795,58,Female,Standard,60.55,48,1,16.04,Card,No
CUST04796,23,Male,Standard,56.66,23,1,,Cash,Yes
CUST04797,54,Male,Basic,24.68,9,2,42.12,Cash,No
CUST04798,27,Female,Basic,22.78,66,5,24.95,Mobile Wallet,No
CUST04799,57,Male,Basic,30.36,19,3,10.72,Mobile Wallet,No
CUST04800,24,Male,Standard,51.79,72,4,9.3,Card,No
CUST04801,56,Female,Standard,48.01,51,3,27.36,Mobile Wallet,No
CUST04802,55,Male,Basic,26.05,11,1,29.51,Card,No
CUST04803,38,Male,Basic,27.16,3,6,28.34,,Yes
CUST04804,37,Female,Basic,20.55,61,0,26.33,Mobile Wallet,No
CUST04805,20,Female,Standard,51.13,17,6,11.15,Card,Yes
CUST04806,68,Female,Standard,45.34,30,2,7.82,Card,No
CUST04807,39,Female,Standard,49.77,8,3,17.58,Card,No
CUST04808,64,Female,Standard,71.42,41,2,24.44,Bank Transfer,Yes
CUST04809,21,Male,Standard,53.62,26,2,2.22,Mobile Wallet,Yes
CUST04810,45,Female,Standard,65.12,5,3,9.04,Mobile Wallet,No
CUST04811,29,Male,Basic,36.24,69,3,12.97,Bank Transfer,No
CUST04812,55,Female,Standard,57.72,24,0,15.08,Bank Transfer,Yes
CUST04813,68,Male,Standard,41.89,69,0,35.55,Mobile Wallet,No
CUST04814,53,Male,Basic,35.61,36,1,36.56,Mobile Wallet,No
CUST04815,64,Female,Premium,71.38,17,2,17.76,Cash,No
CUST04816,58,Male,Standard,39.34,70,4,34.25,Card,No
CUST04817,22,Male,Standard,50.56,71,4,15.29,Bank Transfer,No
CUST04818,30,Female,Standard,65.46,46,3,20.81,Mobile Wallet,No
CUST04819,40,Female,Basic,43.41,70,4,15.88,Card,No
CUST04820,67,Female,Basic,25.8,32,1,43.38,Card,No
CUST04821,47,Female,Standard,61.46,60,2,29.39,Card,No
CUST04822,54,Male,Basic,34.92,42,3,14.87,Mobile Wallet,No
CUST04823,42,Male,Basic,29.87,40,1,21.03,Card,Yes
CUST04824,65,Male,Premium,88.38,27,5,9.24,Card,Yes
CUST04825,44,Male,Standard,61.21,5,1,33.47,Mobile Wallet,No
CUST04826,68,Male,Basic,28.93,61,4,19.9,Mobile Wallet,No
CUST04827,31,Male,Basic,20.8,61,2,48.19,Mobile Wallet,Yes
CUST04828,65,Female,Standard,41.09,52,2,11.2,Bank Transfer,No
CUST04829,64,Male,Basic,27.55,66,2,69.34,Mobile Wallet,No
CUST04830,53,Male,Basic,15.0,7,0,39.9,Card,No
CUST04831,56,Male,Standard,51.73,38,2,17.91,Mobile Wallet,No
CUST04832,33,Female,Basic,36.22,51,1,7.76,Card,No
CUST04833,39,Female,Standard,43.55,1,3,39.48,Card,No
CUST04834,38,Female,Standard,62.74,49,1,25.79,Cash,No
CUST04835,38,Female,Basic,28.07,72,3,15.44,Cash,No
CUST04836,25,Male,Basic,31.55,20,2,5.53,Bank Transfer,No
CUST04837,66,Male,Standard,54.52,42,3,16.76,Card,No
CUST04838,33,Male,Standard,54.47,16,4,37.15,Mobile Wallet,No
CUST04839,48,Female,Basic,15.0,33,1,24.54,Mobile Wallet,No
CUST04840,59,Male,Basic,37.76,16,5,25.56,Card,Yes
CUST04841,27,Male,Premium,90.72,16,3,19.28,Mobile Wallet,Yes
CUST04842,49,Male,Basic,28.56,48,2,4.3,Card,No
CUST04843,51,Female,Premium,85.08,55,5,21.07,Mobile Wallet,No
CUST04844,26,Female,Basic,29.05,28,6,6.26,Card,No
CUST04845,34,Female,Basic,26.13,23,2,23.52,Card,No
CUST04846,28,Male,Standard,61.1,30,2,32.03,Mobile Wallet,No
CUST04847,49,Male,Basic,33.83,61,4,13.47,Card,No
CUST04848,27,Male,Basic,31.57,26,3,24.22,Mobile Wallet,No
CUST04849,39,Male,Basic,36.99,11,3,9.35,Card,Yes
CUST04850,34,Female,Premium,75.49,20,4,32.06,Mobile Wallet,No
CUST04851,21,Male,Standard,65.42,44,4,12.69,Bank Transfer,No
CUST04852,65,Female,Standard,35.59,18,1,24.19,Card,No
CUST04853,69,Male,Standard,53.97,34,7,26.82,Bank Transfer,No
CUST04854,64,Female,Standard,48.69,4,1,35.97,Cash,No
CUST04855,42,Male,Standard,54.79,14,1,20.33,Bank Transfer,No
CUST04856,38,Male,Basic,32.05,13,4,54.09,Mobile Wallet,No
CUST04857,54,Female,Basic,28.6,41,2,27.6,Mobile Wallet,No
CUST04858,55,Female,Basic,40.41,57,3,7.25,Card,No
CUST04859,66,Male,Basic,37.86,22,1,20.81,Card,No
CUST04860,18,Male,Basic,29.85,10,4,33.71,Bank Transfer,No
CUST04861,42,Male,Basic,,69,3,35.24,Cash,No
CUST04862,68,Female,Premium,85.31,68,2,7.66,Mobile Wallet,Yes
CUST04863,53,Male,Premium,81.01,50,5,16.76,Mobile Wallet,Yes
CUST04864,34,Female,Basic,29.58,16,2,34.22,Card,No
CUST04865,58,Male,Basic,18.41,11,6,38.62,Mobile Wallet,Yes
CUST04866,41,Male,Basic,29.95,68,4,8.47,Card,No
CUST04867,19,Male,Basic,35.62,67,4,11.95,Mobile Wallet,No
CUST04868,57,Male,Basic,26.06,20,3,21.45,Bank Transfer,No
CUST04869,32,Female,Premium,101.26,65,3,28.99,Card,No
CUST04870,49,Female,Basic,32.15,33,2,24.12,Mobile Wallet,No
CUST04871,56,Male,Basic,33.39,10,2,41.03,Card,No
CUST04872,23,Male,Basic,28.6,67,1,43.26,Card,No
CUST04873,18,Male,Premium,76.83,55,1,19.12,Bank Transfer,No
CUST04874,64,Female,Premium,50.75,32,3,31.46,Card,No
CUST04875,40,Male,Standard,70.09,45,4,19.11,Mobile Wallet,Yes
CUST04876,56,Female,Standard,50.06,59,4,24.41,Bank Transfer,No
CUST04877,34,Female,Basic,39.09,31,3,12.91,Bank Transfer,No
CUST04878,51,Female,Basic,38.54,52,4,27.92,Bank Transfer,No
CUST04879,58,Female,Standard,,10,3,20.91,Mobile Wallet,No
CUST04880,46,Male,Standard,48.26,6,7,24.6,Bank Transfer,No
CUST04881,26,Male,Basic,26.31,1,5,59.18,Mobile Wallet,No
CUST04882,30,Female,Basic,35.45,46,3,,Card,No
CUST04883,23,Male,Standard,27.98,30,4,47.74,Mobile Wallet,No
CUST04884,23,Male,Basic,40.92,63,2,20.82,Card,No
CUST04885,37,Male,Standard,44.71,63,4,16.96,Mobile Wallet,No
CUST04886,69,Female,Standard,38.95,1,2,22.69,Mobile Wallet,No
CUST04887,70,Male,Basic,21.57,20,4,10.44,Card,No
CUST04888,20,Male,Standard,50.98,29,5,8.4,Card,No
CUST04889,34,Male,Premium,72.81,34,1,4.93,Mobile Wallet,No
CUST04890,66,Male,Basic,28.8,66,2,8.28,Mobile Wallet,No
CUST04891,29,Male,Basic,28.66,66,3,5.96,Mobile Wallet,No
CUST04892,65,Male,Basic,23.73,2,2,12.1,Mobile Wallet,No
CUST04893,64,Male,Standard,50.69,72,3,26.99,Card,No
CUST04894,62,Male,Premium,77.56,54,4,15.31,Mobile Wallet,No
CUST04895,18,Male,Standard,56.87,18,2,8.29,Mobile Wallet,No
CUST04896,34,Male,Basic,30.91,30,5,11.39,Card,No
CUST04897,20,Female,Premium,73.33,8,5,9.79,Card,No
CUST04898,43,Male,Standard,33.68,42,4,37.63,Mobile Wallet,No
CUST04899,32,Female,Standard,49.91,29,4,31.57,Card,No
CUST04900,53,Male,Basic,22.36,51,2,6.73,Cash,No
CUST04901,49,Female,Basic,38.74,24,2,26.78,Cash,No
CUST04902,49,Female,Standard,74.3,10,4,22.07,Cash,Yes
CUST04903,21,Male,Standard,58.89,16,1,31.07,Cash,Yes
CUST04904,35,Female,Standard,36.53,50,2,33.51,Card,No
CUST04905,66,Female,Basic,23.02,41,5,5.69,Bank Transfer,No
CUST04906,36,Female,Standard,50.56,54,2,43.41,Bank Transfer,No
CUST04907,60,Male,Premium,81.36,44,3,18.58,Card,No
CUST04908,69,Female,Premium,74.93,60,1,18.93,Card,No
CUST04909,52,Female,Basic,41.97,69,6,27.76,Cash,No
CUST04910,57,Male,Standard,24.86,23,1,45.72,Mobile Wallet,No
CUST04911,31,Female,Standard,45.36,71,1,24.93,Bank Transfer,No
CUST04912,50,Female,Premium,69.21,20,3,24.17,Bank Transfer,No
CUST04913,31,Female,Standard,42.48,39,2,28.57,Card,No
CUST04914,51,Male,Premium,99.65,3,3,40.39,Card,No
CUST04915,21,Female,Premium,73.88,3,2,38.09,Card,No
CUST04916,41,Male,Basic,32.14,31,2,19.08,Card,No
CUST04917,46,Female,Standard,48.63,7,2,21.17,Card,No
CUST04918,36,Female,Standard,44.76,1,4,16.37,Mobile Wallet,Yes
CUST04919,23,Female,Basic,27.0,56,8,12.83,Card,No
CUST04920,50,Female,Basic,38.15,27,0,42.15,Card,No
CUST04921,66,Male,Basic,38.96,65,4,56.58,Cash,No
CUST04922,57,Female,Standard,43.48,70,6,47.05,Bank Transfer,No
CUST04923,36,Male,Basic,30.43,39,0,44.21,Mobile Wallet,No
CUST04924,70,Female,Premium,72.91,3,5,11.12,Card,No
CUST04925,18,Male,Standard,50.42,59,2,8.42,Bank Transfer,No
CUST04926,22,Female,Standard,70.08,2,2,59.94,Card,No
CUST04927,44,Female,Basic,31.99,47,6,13.48,,No
CUST04928,33,Male,Standard,58.06,20,5,11.58,Cash,No
CUST04929,23,Male,Standard,42.4,27,3,57.63,Mobile Wallet,No
CUST04930,57,Male,Basic,27.6,19,4,48.44,Card,No
CUST04931,30,Male,Premium,69.39,55,1,6.97,Card,No
CUST04932,65,Female,Standard,37.77,63,2,23.58,Mobile Wallet,No
CUST04933,52,Male,Basic,36.14,43,1,34.32,Bank Transfer,No
CUST04934,36,Male,Premium,69.48,5,1,16.12,Card,Yes
CUST04935,29,Male,Basic,22.69,20,5,17.63,Cash,No
CUST04936,33,Female,Standard,55.62,61,7,39.75,Card,No
CUST04937,60,Female,Standard,53.36,62,3,27.81,Bank Transfer,No
CUST04938,27,Female,Basic,25.28,63,3,56.37,Bank Transfer,No
CUST04939,42,Female,Standard,54.86,22,2,26.22,Mobile Wallet,No
CUST04940,37,Male,Standard,43.67,38,5,25.15,Cash,No
CUST04941,48,Female,Standard,38.28,12,2,39.83,Bank Transfer,No
CUST04942,21,Male,Basic,20.74,61,3,40.08,Bank Transfer,No
CUST04943,61,Female,Basic,32.06,48,3,32.47,Mobile Wallet,No
CUST04944,40,Male,Basic,35.88,17,5,10.58,Mobile Wallet,No
CUST04945,19,Male,Premium,77.43,52,2,21.57,Card,No
CUST04946,39,Male,Basic,31.85,46,7,17.21,Bank Transfer,No
CUST04947,68,Male,Standard,52.78,56,1,21.14,Bank Transfer,No
CUST04948,54,Male,Premium,60.95,29,2,20.37,Card,Yes
CUST04949,25,Female,Standard,49.52,51,3,22.9,Card,No
CUST04950,24,Male,Premium,74.27,26,4,18.31,Card,No
CUST04951,31,Male,Premium,80.95,29,0,15.08,Cash,No
CUST04952,20,Male,Standard,33.69,59,4,23.97,Mobile Wallet,No
CUST04953,67,Male,Basic,37.59,8,5,51.89,Mobile Wallet,No
CUST04954,33,Female,Basic,27.27,25,4,35.08,Mobile Wallet,No
CUST04955,36,Female,Basic,41.18,21,2,31.59,Cash,No
CUST04956,68,Male,Standard,50.99,4,3,14.47,Card,No
CUST04957,35,Male,Basic,36.5,36,3,12.47,Card,No
CUST04958,69,Male,Standard,64.93,43,3,22.73,Card,No
CUST04959,33,Male,Basic,,26,2,16.01,Card,No
CUST04960,25,Female,Basic,33.28,36,2,24.3,Bank Transfer,No
CUST04961,50,Female,Standard,53.45,23,1,13.8,Card,Yes
CUST04962,66,Male,Basic,33.61,41,2,6.75,Bank Transfer,No
CUST04963,29,Male,Standard,64.67,44,4,12.47,Mobile Wallet,No
CUST04964,70,Male,Premium,80.16,50,1,23.15,Bank Transfer,Yes
CUST04965,28,Male,Standard,39.2,9,6,19.55,Cash,No
CUST04966,22,Male,Basic,38.02,47,3,11.38,Bank Transfer,Yes
CUST04967,44,Female,Premium,58.88,41,2,30.05,Mobile Wallet,No
CUST04968,29,Female,Basic,25.02,13,2,36.62,Card,No
CUST04969,34,Male,Standard,57.06,58,2,24.34,Mobile Wallet,No
CUST04970,23,Female,Basic,28.06,66,3,13.28,Bank Transfer,No
CUST04971,50,Female,Basic,36.34,58,2,22.14,Mobile Wallet,No
CUST04972,22,Female,Premium,77.8,66,4,19.87,Cash,No
CUST04973,45,Male,Standard,44.98,33,3,41.44,Card,No
CUST04974,31,Female,Premium,91.34,69,4,40.06,Mobile Wallet,No
CUST04975,22,Female,Standard,54.29,27,2,32.52,Card,Yes
CUST04976,50,Male,Premium,81.57,50,1,18.83,Mobile Wallet,No
CUST04977,67,Female,Premium,80.33,59,3,8.87,Card,No
CUST04978,65,Male,Standard,51.17,27,3,34.74,Card,No
CUST04979,58,Female,Standard,47.38,59,2,24.57,Bank Transfer,No
CUST04980,36,Male,Standard,40.4,56,4,26.09,Card,No
CUST04981,39,Male,Premium,72.18,72,4,7.78,Mobile Wallet,No
CUST04982,22,Female,Basic,40.0,34,2,19.6,Bank Transfer,No
CUST04983,19,Female,Standard,54.54,49,2,20.4,Cash,No
CUST04984,47,Male,Basic,24.91,17,2,14.65,Card,No
CUST04985,64,Male,Basic,31.02,70,1,19.03,Card,No
CUST04986,56,Female,Basic,33.94,38,2,59.4,Mobile Wallet,No
CUST04987,21,Female,Standard,65.98,1,4,38.89,Card,No
CUST04988,50,Female,Premium,62.48,38,5,21.36,Mobile Wallet,No
CUST04989,30,Female,Standard,44.8,26,6,32.13,Cash,Yes
CUST04990,37,Male,Standard,36.85,69,1,42.44,Mobile Wallet,No
CUST04991,24,Male,Standard,58.61,68,2,4.09,Cash,No
CUST04992,32,Male,Standard,60.28,25,1,7.04,Bank Transfer,No
CUST04993,40,Female,Premium,78.64,58,2,10.07,Bank Transfer,No
CUST04994,31,Female,Standard,38.62,45,1,35.37,Bank Transfer,No
CUST04995,40,Male,Basic,27.0,22,6,16.57,Card,No
CUST04996,36,Male,Basic,32.96,48,5,41.44,Cash,No
CUST04997,46,Male,Premium,50.72,13,2,34.59,Card,No
CUST04998,37,Male,Premium,82.7,25,2,49.3,Bank Transfer,Yes
CUST04999,46,Male,Basic,28.05,10,1,30.26,Cash,No
CUST05000,41,Male,Basic,22.11,18,4,18.92,Mobile Wallet,No
CUST05001,35,Female,Standard,34.24,55,4,51.39,Bank Transfer,No
CUST05002,27,Male,Standard,46.89,27,7,16.71,Cash,No
CUST05003,58,Male,Standard,51.92,56,5,20.79,Cash,No
CUST05004,25,Male,Premium,72.59,56,6,21.76,Bank Transfer,No
CUST05005,43,Male,Premium,69.07,49,2,9.55,Card,No
CUST05006,46,Male,Premium,77.59,26,4,35.11,Card,No
CUST05007,27,Male,Standard,58.79,2,0,27.75,Card,No
CUST05008,34,Male,Basic,29.07,60,2,16.0,Mobile Wallet,No
CUST05009,19,Female,Standard,29.67,38,2,15.7,Mobile Wallet,No
CUST05010,23,Male,Standard,34.52,3,1,29.86,Mobile Wallet,No
CUST05011,22,Female,Basic,22.9,53,2,38.41,Cash,No
CUST05012,45,Female,Basic,24.26,44,2,35.81,Bank Transfer,No
CUST05013,58,Female,Standard,47.74,23,4,37.27,Mobile Wallet,No
CUST05014,22,Male,Standard,48.47,28,4,16.86,Mobile Wallet,No
CUST05015,35,Male,Standard,43.52,32,2,43.48,Cash,No
CUST05016,43,Male,Basic,29.08,20,3,18.79,Mobile Wallet,No
CUST05017,37,Male,Standard,44.53,6,2,5.02,Card,No
CUST05018,58,Male,Basic,44.0,3,2,15.61,Bank Transfer,No
CUST05019,66,Male,Standard,51.22,3,2,18.45,Card,No
CUST05020,44,Male,Standard,49.23,23,2,50.15,Mobile Wallet,No
CUST05021,66,Male,Premium,75.86,33,5,24.52,Mobile Wallet,No
CUST05022,29,Male,Standard,56.96,36,1,10.31,Bank Transfer,No
CUST05023,24,Male,Standard,58.69,64,1,23.96,Bank Transfer,No
CUST05024,20,Female,Standard,63.39,12,4,17.74,Card,No
CUST05025,27,Male,Standard,48.11,62,1,39.26,Mobile Wallet,No
CUST05026,51,Male,Basic,21.14,26,2,21.05,Card,No
CUST05027,42,Male,Standard,49.36,37,2,23.84,Mobile Wallet,No
CUST05028,52,Female,Standard,44.51,48,4,34.78,Cash,No
CUST05029,33,Male,Standard,49.84,44,2,15.56,Card,No
CUST05030,19,Male,Standard,54.07,11,4,41.33,Bank Transfer,Yes
CUST05031,41,Female,Premium,,69,1,9.82,Card,No
CUST05032,27,Male,Basic,22.41,24,1,14.48,Bank Transfer,No
CUST05033,55,Female,Basic,40.83,19,1,30.12,Mobile Wallet,No
CUST05034,39,Female,Premium,77.27,70,4,6.89,Cash,Yes
CUST05035,43,Female,Premium,92.8,56,4,37.77,Card,No
CUST05036,60,Female,Basic,35.08,49,4,41.32,Bank Transfer,No
CUST05037,56,Male,Premium,107.64,57,3,15.78,Mobile Wallet,No
CUST05038,44,Female,Basic,19.24,11,4,4.11,Mobile Wallet,Yes
CUST05039,46,Female,Standard,42.8,63,4,41.88,Cash,No
CUST05040,64,Male,Standard,45.94,17,4,48.84,Bank Transfer,No
CUST05041,55,Male,Standard,65.73,15,4,19.75,Mobile Wallet,No
CUST05042,37,Male,Standard,59.53,70,4,4.17,Mobile Wallet,No
CUST05043,44,Female,Basic,20.33,62,0,53.84,Mobile Wallet,No
CUST05044,58,Male,Basic,36.44,32,1,31.61,Mobile Wallet,No
CUST05045,37,Female,Standard,40.29,40,2,24.05,Cash,No
CUST05046,61,Female,Basic,33.43,11,1,16.57,Bank Transfer,No
CUST05047,36,Male,Premium,54.82,13,2,7.86,Bank Transfer,No
CUST05048,37,Male,Standard,69.83,28,6,22.41,Mobile Wallet,Yes
CUST05049,52,Male,Basic,26.94,28,2,38.95,Bank Transfer,No
CUST05050,64,Male,Standard,50.31,48,5,50.77,Mobile Wallet,No
CUST05051,19,Male,Basic,24.8,55,1,20.53,Card,No
CUST05052,47,Male,Basic,41.77,16,3,33.74,Mobile Wallet,No
CUST05053,70,Female,Standard,51.41,36,2,30.97,Card,No
CUST05054,51,Female,Premium,41.26,40,5,21.34,Bank Transfer,No
CUST05055,39,Male,Standard,56.27,20,1,21.41,Card,Yes
CUST05056,20,Female,Basic,36.16,2,5,21.63,Bank Transfer,No
CUST05057,23,Female,Standard,55.59,2,1,30.07,Bank Transfer,No
CUST05058,32,Female,Basic,32.34,69,3,19.66,Card,No
CUST05059,44,Female,Basic,31.54,70,4,14.71,Card,No
CUST05060,27,Female,Premium,72.04,50,3,37.69,Card,No
CUST05061,26,Female,Premium,81.32,48,6,33.15,Bank Transfer,Yes
CUST05062,50,Male,Basic,29.8,24,2,30.52,Cash,No
CUST05063,49,Male,Standard,35.54,9,5,26.65,Card,Yes
CUST05064,65,Male,Premium,65.15,40,3,28.37,Bank Transfer,No
CUST05065,23,Female,Basic,31.55,40,5,31.13,Bank Transfer,No
CUST05066,58,Male,Basic,29.39,2,6,10.06,Mobile Wallet,No
CUST05067,53,Male,Premium,78.43,6,2,14.9,Cash,Yes
CUST05068,19,Male,Standard,64.55,19,1,15.34,Mobile Wallet,Yes
CUST05069,46,Female,Basic,29.52,19,3,17.48,Card,No
CUST05070,21,Male,Standard,46.49,33,3,11.8,Card,No
CUST05071,18,Female,Basic,30.15,61,2,15.28,Mobile Wallet,No
CUST05072,36,Male,Standard,65.71,30,3,3.9,Cash,No
CUST05073,43,Male,Standard,34.22,62,1,6.54,Bank Transfer,No
CUST05074,42,Male,Standard,50.91,13,0,30.48,Bank Transfer,Yes
CUST05075,27,Female,Standard,49.27,18,2,25.29,Cash,No
CUST05076,70,Female,Basic,41.06,2,5,22.08,Mobile Wallet,Yes
CUST05077,32,Female,Basic,26.57,3,2,15.46,Bank Transfer,No
CUST05078,39,Female,Basic,35.22,6,3,18.72,Card,No
CUST05079,68,Female,Premium,71.86,28,2,18.37,Mobile Wallet,Yes
CUST05080,65,Male,Standard,52.85,32,2,35.02,Bank Transfer,No
CUST05081,38,Male,Basic,31.5,60,4,29.71,Mobile Wallet,No
CUST05082,39,Female,Standard,43.16,31,4,15.57,Mobile Wallet,No
CUST05083,53,Female,Premium,86.36,61,2,40.73,Card,No
CUST05084,51,Male,Standard,55.43,9,4,4.6,Card,No
CUST05085,47,Female,Basic,45.37,67,2,30.97,Bank Transfer,No
CUST05086,42,Male,Basic,30.2,54,3,34.76,Card,No
CUST05087,62,Female,Basic,25.0,68,5,19.73,Mobile Wallet,No
CUST05088,45,Male,Premium,67.11,17,3,12.45,Card,Yes
CUST05089,18,Female,Standard,55.89,59,4,35.95,Mobile Wallet,No
CUST05090,66,Female,Standard,50.78,31,0,10.03,Bank Transfer,No
CUST05091,62,Male,Premium,96.12,61,8,21.0,Bank Transfer,No
CUST05092,21,Male,Premium,60.56,40,1,32.41,Mobile Wallet,No
CUST05093,24,Female,Basic,36.95,3,2,14.33,Bank Transfer,No
CUST05094,66,Female,Basic,40.19,50,1,39.65,Bank Transfer,No
CUST05095,26,Male,Standard,50.65,1,2,26.72,Card,No
CUST05096,53,Female,Basic,31.61,8,3,5.81,Cash,No
CUST05097,36,Male,Standard,43.71,62,4,17.7,Bank Transfer,No
CUST05098,18,Male,Premium,93.23,64,3,18.71,Bank Transfer,No
CUST05099,27,Female,Standard,44.39,41,2,22.5,Card,No
CUST05100,53,Male,Basic,38.65,17,4,19.04,Card,Yes
CUST05101,26,Male,Basic,33.82,72,0,27.64,Card,No
CUST05102,62,Female,Standard,56.92,43,6,10.78,Mobile Wallet,No
CUST05103,63,Male,Premium,67.67,2,3,12.22,Cash,Yes
CUST05104,59,Male,Basic,25.5,47,5,,Bank Transfer,No
CUST05105,49,Male,Basic,29.52,60,1,11.23,Card,No
CUST05106,49,Male,Basic,33.91,49,2,18.6,Card,No
CUST05107,23,Female,Premium,57.49,15,2,18.83,Card,No
CUST05108,65,Male,Standard,39.53,50,1,12.81,Bank Transfer,No
CUST05109,55,Female,Premium,90.9,46,1,13.39,Card,Yes
CUST05110,34,Male,Standard,52.09,2,0,31.84,Mobile Wallet,No
CUST05111,27,Female,Standard,61.76,29,1,26.49,Bank Transfer,No
CUST05112,67,Male,Basic,28.68,29,1,10.03,Mobile Wallet,No
CUST05113,44,Female,Basic,32.06,61,1,41.95,Card,No
CUST05114,67,Male,Standard,48.95,66,3,55.28,Card,No
CUST05115,52,Male,Premium,76.22,44,2,21.18,Mobile Wallet,No
CUST05116,69,Male,Basic,43.55,4,3,46.25,Cash,No
CUST05117,38,Male,Basic,30.99,39,5,36.02,Cash,No
CUST05118,42,Female,Standard,65.74,60,2,15.62,Bank Transfer,No
CUST05119,45,Female,Basic,26.02,49,2,56.84,Bank Transfer,No
CUST05120,64,Male,Standard,43.41,5,3,38.9,Card,Yes
CUST05121,32,Female,Basic,41.88,66,5,35.54,Card,No
CUST05122,21,Male,Basic,25.6,45,3,27.36,Card,No
CUST05123,46,Male,Standard,70.57,60,3,25.58,Bank Transfer,Yes
CUST05124,26,Female,Standard,54.66,8,2,51.09,Card,Yes
CUST05125,44,Female,Standard,47.22,50,1,15.09,Bank Transfer,No
CUST05126,43,Female,Basic,43.79,36,2,7.49,Cash,No
CUST05127,36,Male,Premium,82.8,70,1,32.61,Cash,No
CUST05128,45,Male,Basic,31.59,41,2,18.55,Mobile Wallet,No
CUST05129,34,Female,Basic,24.9,10,3,12.34,Cash,Yes
CUST05130,60,Male,Standard,42.45,36,2,41.45,Bank Transfer,No
CUST05131,58,Female,Basic,28.78,68,5,9.68,Bank Transfer,No
CUST05132,59,Female,Standard,39.51,14,3,5.15,Card,No
CUST05133,67,Female,Premium,67.85,17,5,18.79,Bank Transfer,Yes
CUST05134,37,Female,Standard,54.12,21,2,42.64,Cash,No
CUST05135,62,Female,Standard,53.84,54,1,22.15,Card,No
CUST05136,57,Female,Standard,54.31,13,3,33.1,Mobile Wallet,No
CUST05137,56,Male,Basic,25.55,48,2,28.61,Bank Transfer,No
CUST05138,66,Male,Standard,48.12,45,2,9.21,Bank Transfer,Yes
CUST05139,70,Female,Basic,30.88,9,2,25.31,Card,No
CUST05140,40,Female,Premium,102.18,55,3,32.76,Card,No
CUST05141,64,Female,Basic,40.59,50,8,35.17,Mobile Wallet,Yes
CUST05142,49,Male,Standard,36.01,20,7,33.71,Bank Transfer,No
CUST05143,69,Female,Premium,68.24,40,0,51.86,Mobile Wallet,No
CUST05144,64,Female,Standard,57.25,1,3,15.31,Bank Transfer,Yes
CUST05145,50,Female,Premium,73.12,64,8,30.52,Mobile Wallet,Yes
CUST05146,63,Male,Standard,50.76,35,3,5.92,Cash,No
CUST05147,22,Female,Basic,28.05,65,5,21.77,Cash,No
CUST05148,60,Male,Premium,45.1,53,4,15.71,Mobile Wallet,No
CUST05149,65,Male,Basic,30.34,61,2,30.97,Mobile Wallet,Yes
CUST05150,51,Female,Basic,38.91,5,4,8.83,Card,No
CUST05151,57,Male,Standard,62.43,69,3,36.55,Cash,No
CUST05152,28,Male,Standard,55.74,60,3,17.38,Card,No
CUST05153,67,Male,Premium,80.28,19,3,45.37,Bank Transfer,No
CUST05154,20,Female,Premium,80.57,57,4,9.53,,Yes
CUST05155,50,Male,Premium,80.84,8,1,31.6,Mobile Wallet,No
CUST05156,28,Female,Basic,22.46,18,3,26.4,Bank Transfer,No
CUST05157,33,Female,Standard,56.85,11,0,13.43,Mobile Wallet,No
CUST05158,35,Female,Standard,64.53,62,3,21.91,Bank Transfer,No
CUST05159,47,Male,Premium,72.37,30,5,6.87,Card,No
CUST05160,65,Female,Standard,52.56,5,1,21.07,Card,No
CUST05161,27,Male,Basic,29.71,56,1,26.06,Card,No
CUST05162,35,Male,Premium,69.5,36,2,46.09,Mobile Wallet,No
CUST05163,55,Male,Basic,28.76,27,0,16.21,Bank Transfer,No
CUST05164,36,Male,Standard,65.19,32,3,38.75,Card,No
CUST05165,53,Female,Standard,57.49,14,2,45.98,Bank Transfer,Yes
CUST05166,30,Female,Standard,67.79,41,4,11.37,Mobile Wallet,No
CUST05167,63,Male,Standard,47.38,66,4,18.78,Card,No
CUST05168,20,Female,Standard,49.35,4,2,34.43,Cash,No
CUST05169,27,Female,Standard,47.2,11,3,27.15,Card,No
CUST05170,55,Female,Basic,39.08,48,2,35.9,Mobile Wallet,No
CUST05171,18,Male,Basic,39.68,37,2,27.25,Bank Transfer,No
CUST05172,44,Female,Basic,39.82,13,3,22.04,Card,No
CUST05173,63,Male,Standard,38.59,42,3,11.45,Mobile Wallet,No
CUST05174,25,Female,Basic,20.34,27,5,11.1,Card,No
CUST05175,68,Male,Standard,41.29,66,2,68.3,Bank Transfer,No
CUST05176,63,Male,Standard,41.88,47,3,7.42,Card,No
CUST05177,59,Male,Standard,40.99,12,0,18.18,Mobile Wallet,No
CUST05178,34,Female,Standard,52.19,67,2,16.09,Bank Transfer,No
CUST05179,26,Male,Standard,35.73,26,1,13.69,Card,No
CUST05180,23,Female,Standard,54.9,27,2,20.1,Mobile Wallet,No
CUST05181,60,Male,Standard,59.88,35,2,10.25,Mobile Wallet,No
CUST05182,42,Female,Basic,32.07,13,2,22.21,Card,Yes
CUST05183,56,Male,Premium,71.06,56,3,29.21,Cash,No
CUST05184,66,Female,Premium,58.69,69,3,49.99,Bank Transfer,No
CUST05185,45,Male,Basic,32.11,43,2,51.49,Mobile Wallet,Yes
CUST05186,50,Male,Standard,51.1,59,3,62.94,Bank Transfer,No
CUST05187,54,Male,Premium,94.48,12,2,39.55,Card,Yes
CUST05188,26,Female,Basic,20.8,29,3,30.25,Mobile Wallet,Yes
CUST05189,35,Male,Standard,48.43,5,5,8.69,Bank Transfer,No
CUST05190,38,Male,Basic,23.52,49,2,39.23,Cash,No
CUST05191,19,Male,Standard,40.09,64,1,18.87,Card,No
CUST05192,60,Male,Premium,82.91,43,1,14.88,Mobile Wallet,No
CUST05193,55,Female,Standard,29.84,66,0,5.83,Mobile Wallet,No
CUST05194,57,Male,Standard,32.46,6,5,22.88,Card,No
CUST05195,53,Male,Premium,67.67,15,2,10.11,Card,No
CUST05196,67,Female,Standard,60.25,18,2,8.82,Card,Yes
CUST05197,60,Female,Standard,52.51,49,2,22.2,Bank Transfer,No
CUST05198,54,Female,Standard,50.4,47,4,21.01,Card,Yes
CUST05199,32,Male,Standard,46.57,2,5,22.37,Card,No
CUST05200,45,Female,Premium,58.18,5,4,27.2,Cash,No
CUST05201,35,Female,Premium,64.72,37,4,14.18,Bank Transfer,No
CUST05202,51,Female,Standard,52.26,6,3,9.68,Cash,Yes
CUST05203,39,Male,Standard,50.46,42,6,16.29,Cash,No
CUST05204,28,Male,Basic,23.25,51,1,46.1,Bank Transfer,No
CUST05205,30,Male,Premium,70.95,16,2,9.81,Cash,No
CUST05206,21,Female,Standard,55.23,67,1,17.81,Mobile Wallet,No
CUST05207,39,Male,Standard,42.33,30,4,14.58,Bank Transfer,No
CUST05208,24,Female,Basic,26.35,27,3,30.67,Mobile Wallet,No
CUST05209,60,Female,Premium,67.85,42,3,8.22,Mobile Wallet,No
CUST05210,41,Female,Basic,17.8,64,2,,Bank Transfer,No
CUST05211,21,Male,Basic,27.37,50,0,23.78,Card,No
CUST05212,45,Female,Standard,49.07,39,5,29.97,Mobile Wallet,Yes
CUST05213,32,Female,Standard,50.98,7,5,12.85,Card,Yes
CUST05214,18,Male,Basic,15.35,16,6,23.33,Mobile Wallet,No
CUST05215,20,Female,Standard,64.55,56,5,32.37,Bank Transfer,No
CUST05216,31,Female,Standard,55.53,11,4,36.88,Mobile Wallet,No
CUST05217,55,Female,Basic,,9,1,4.07,Card,No
CUST05218,67,Male,Basic,24.75,1,5,25.28,Bank Transfer,No
CUST05219,18,Female,Premium,77.05,44,3,14.12,Mobile Wallet,No
CUST05220,55,Male,Basic,40.33,35,4,22.22,Card,No
CUST05221,55,Male,Basic,27.37,51,2,22.82,Bank Transfer,No
CUST05222,38,Female,Standard,50.72,8,1,17.95,Bank Transfer,No
CUST05223,65,Female,Standard,56.68,71,3,44.77,Cash,No
CUST05224,46,Female,Standard,34.52,37,1,39.01,Card,No
CUST05225,22,Female,Premium,60.74,5,7,50.09,Cash,Yes
CUST05226,66,Male,Premium,70.97,21,2,9.22,Bank Transfer,No
CUST05227,27,Male,Basic,24.53,5,5,14.49,Mobile Wallet,No
CUST05228,45,Female,Standard,52.46,23,2,8.63,Cash,No
CUST05229,38,Male,Standard,46.21,57,5,,Bank Transfer,No
CUST05230,67,Female,Basic,42.54,71,3,10.18,Mobile Wallet,No
CUST05231,24,Female,Basic,27.52,65,2,24.09,Cash,No
CUST05232,20,Female,Standard,55.23,25,6,16.33,Bank Transfer,Yes
CUST05233,62,Female,Basic,24.61,19,5,15.82,Card,No
CUST05234,64,Male,Premium,56.17,2,6,5.26,Card,No
CUST05235,37,Male,Standard,57.15,12,2,70.22,Card,No
CUST05236,36,Female,Basic,24.44,42,3,22.16,Mobile Wallet,No
CUST05237,52,Female,Basic,21.23,25,3,15.42,Card,No
CUST05238,21,Male,Premium,108.96,48,4,36.41,Mobile Wallet,No
CUST05239,22,Male,Standard,59.24,31,2,54.68,Bank Transfer,No
CUST05240,18,Male,Standard,41.15,58,5,48.59,Card,No
CUST05241,21,Female,Standard,55.01,61,4,61.39,Mobile Wallet,No
CUST05242,29,Male,Premium,72.57,44,4,26.6,Mobile Wallet,No
CUST05243,44,Female,Standard,39.5,9,2,44.27,Bank Transfer,No
CUST05244,59,Female,Basic,15.0,21,1,20.45,Bank Transfer,No
CUST05245,40,Male,Basic,31.75,54,2,45.98,Mobile Wallet,No
CUST05246,42,Female,Standard,52.11,71,3,42.16,Bank Transfer,No
CUST05247,38,Male,Premium,77.32,13,7,23.69,Bank Transfer,Yes
CUST05248,69,Female,Basic,22.16,13,6,8.46,Mobile Wallet,No
CUST05249,41,Female,Standard,65.32,52,5,17.34,Card,No
CUST05250,42,Female,Basic,31.87,28,2,26.65,Mobile Wallet,No
CUST05251,62,Female,Premium,88.64,46,2,13.76,Mobile Wallet,No
CUST05252,63,Female,Standard,47.37,48,3,34.56,Card,No
CUST05253,49,Female,Standard,59.99,40,2,25.45,Cash,Yes
CUST05254,49,Male,Basic,37.43,54,1,20.79,Card,No
CUST05255,22,Male,Basic,15.0,27,2,14.72,Bank Transfer,No
CUST05256,53,Female,Standard,37.77,3,2,8.77,Cash,No
CUST05257,63,Male,Standard,54.55,59,3,14.46,Bank Transfer,No
CUST05258,59,Female,Basic,21.68,18,4,4.12,Cash,No
CUST05259,66,Male,Premium,57.07,24,0,15.85,Bank Transfer,No
CUST05260,59,Male,Standard,36.46,61,4,34.44,Cash,No
CUST05261,56,Female,Standard,31.03,57,3,34.3,Bank Transfer,No
CUST05262,33,Male,Basic,29.83,44,2,20.6,Card,No
CUST05263,50,Female,Basic,39.52,47,6,29.81,Card,No
CUST05264,66,Male,Standard,53.3,72,4,58.77,Cash,No
CUST05265,38,Female,Standard,49.49,37,2,18.18,Bank Transfer,No
CUST05266,26,Male,Standard,60.45,37,1,11.01,Bank Transfer,No
CUST05267,23,Female,Premium,85.76,45,6,31.33,Bank Transfer,Yes
CUST05268,68,Male,Standard,61.48,30,1,18.25,Mobile Wallet,No
CUST05269,62,Female,Basic,29.47,15,4,26.9,Cash,Yes
CUST05270,52,Male,Premium,102.75,27,0,27.49,Cash,No
CUST05271,56,Female,Standard,63.13,47,3,7.38,Cash,No
CUST05272,39,Male,Basic,30.1,47,1,5.82,Cash,No
CUST05273,58,Female,Basic,40.56,31,2,2.81,Card,Yes
CUST05274,22,Male,Standard,63.06,15,1,27.6,Card,No
CUST05275,59,Female,Premium,51.29,54,2,14.41,Mobile Wallet,No
CUST05276,40,Female,Basic,26.69,69,2,38.51,Card,No
CUST05277,34,Female,Standard,70.46,42,4,36.02,Card,Yes
CUST05278,29,Female,Standard,43.75,62,2,21.7,Card,No
CUST05279,40,Male,Premium,77.72,25,1,28.76,Bank Transfer,No
CUST05280,33,Male,Standard,55.56,12,2,21.26,Card,No
CUST05281,20,Male,Premium,52.17,9,0,30.29,Card,No
CUST05282,47,Female,Standard,49.26,37,0,31.36,Card,No
CUST05283,39,Female,Basic,37.41,9,4,19.85,Card,No
CUST05284,26,Female,Basic,32.35,69,3,23.73,Bank Transfer,No
CUST05285,46,Female,Basic,23.28,55,5,10.18,Cash,No
CUST05286,64,Female,Standard,36.67,46,3,,Cash,No
CUST05287,54,Male,Premium,65.85,71,2,20.51,Mobile Wallet,No
CUST05288,40,Male,Basic,24.91,41,2,24.68,Card,No
CUST05289,30,Male,Standard,51.7,7,5,19.76,Cash,No
CUST05290,49,Female,Basic,28.96,5,0,17.55,Cash,No
CUST05291,63,Female,Standard,46.28,52,4,29.46,Bank Transfer,No
CUST05292,69,Female,Premium,67.13,37,2,36.49,Cash,No
CUST05293,64,Female,Basic,31.46,60,6,21.62,Cash,No
CUST05294,65,Female,Standard,56.07,36,5,7.43,Bank Transfer,No
CUST05295,40,Female,Basic,46.86,1,3,27.34,Mobile Wallet,No
CUST05296,62,Female,Standard,49.65,1,2,21.6,Card,Yes
CUST05297,34,Male,Basic,,60,4,24.09,Card,No
CUST05298,57,Male,Standard,45.51,41,2,12.55,Card,No
CUST05299,38,Female,Standard,54.81,65,2,79.53,Bank Transfer,No
CUST05300,19,Female,Standard,51.06,8,4,46.48,Mobile Wallet,No
CUST05301,54,Female,Basic,15.0,41,1,12.46,Mobile Wallet,No
CUST05302,23,Male,Standard,43.08,47,5,17.15,Mobile Wallet,Yes
CUST05303,61,Male,Standard,61.48,36,4,40.14,Mobile Wallet,No
CUST05304,35,Female,Standard,65.89,4,5,46.57,Mobile Wallet,Yes
CUST05305,47,Male,Basic,26.21,42,2,19.84,Bank Transfer,No
CUST05306,39,Male,Premium,83.67,2,3,11.54,Cash,No
CUST05307,50,Male,Standard,46.48,47,2,28.46,Card,No
CUST05308,47,Female,Basic,31.9,20,6,7.08,Card,No
CUST05309,34,Male,Basic,31.23,30,5,11.06,Mobile Wallet,No
CUST05310,60,Male,Premium,65.54,30,3,18.05,Bank Transfer,No
CUST05311,49,Female,Basic,38.1,1,3,29.26,Bank Transfer,No
CUST05312,59,Female,Premium,86.19,58,3,12.43,Card,No
CUST05313,68,Male,Standard,44.22,67,3,47.01,Card,No
CUST05314,31,Female,Standard,60.11,23,4,15.51,Cash,No
CUST05315,27,Male,Standard,43.9,45,2,25.02,Mobile Wallet,No
CUST05316,64,Male,Basic,26.68,22,4,20.78,Bank Transfer,No
CUST05317,68,Female,Basic,15.0,49,2,26.51,Cash,No
CUST05318,53,Female,Basic,27.53,48,2,16.33,Cash,No
CUST05319,51,Male,Premium,67.17,63,5,11.71,Bank Transfer,No
CUST05320,26,Female,Standard,42.93,48,5,21.09,Bank Transfer,No
CUST05321,59,Female,Standard,51.1,44,2,5.96,Cash,No
CUST05322,45,Male,Basic,31.2,51,1,7.99,Bank Transfer,No
CUST05323,28,Male,Standard,36.22,62,0,31.65,Card,No
CUST05324,31,Male,Basic,27.02,41,2,28.76,Card,No
CUST05325,56,Male,Basic,24.62,27,2,47.39,Card,No
CUST05326,64,Male,Basic,32.1,57,2,12.94,Bank Transfer,No
CUST05327,36,Male,Standard,45.77,42,1,27.39,Mobile Wallet,No
CUST05328,32,Female,Standard,42.22,12,3,14.85,Card,Yes
CUST05329,45,Female,Standard,55.83,60,4,50.38,Cash,No
CUST05330,41,Male,Standard,64.2,64,3,24.44,Mobile Wallet,No
CUST05331,25,Female,Premium,71.11,4,2,16.97,Mobile Wallet,No
CUST05332,60,Female,Standard,56.11,39,3,28.48,,No
CUST05333,26,Male,Standard,46.86,19,8,11.75,Card,No
CUST05334,64,Female,Standard,56.35,62,3,34.15,Card,No
CUST05335,50,Female,Premium,79.14,45,4,32.96,,No
CUST05336,50,Male,Standard,47.34,61,2,16.04,Cash,Yes
CUST05337,36,Female,Standard,53.59,31,2,30.9,Mobile Wallet,No
CUST05338,20,Female,Basic,33.6,49,2,6.5,Mobile Wallet,No
CUST05339,27,Male,Premium,84.73,31,2,10.3,Bank Transfer,No
CUST05340,57,Female,Basic,23.16,42,6,22.5,Cash,No
CUST05341,64,Female,Basic,26.13,48,3,62.76,Cash,No
CUST05342,59,Female,Standard,47.46,20,2,11.1,Mobile Wallet,No
CUST05343,18,Male,Premium,89.77,20,5,38.78,Bank Transfer,No
CUST05344,46,Male,Standard,47.57,16,5,18.69,Card,Yes
CUST05345,67,Female,Standard,61.75,57,1,18.13,Card,No
CUST05346,51,Female,Premium,77.3,19,2,8.96,Card,No
CUST05347,68,Male,Standard,37.94,13,3,23.78,Mobile Wallet,No
CUST05348,30,Male,Standard,48.95,20,4,19.22,Bank Transfer,No
CUST05349,18,Female,Standard,44.59,49,4,17.62,Bank Transfer,No
CUST05350,51,Male,Premium,66.46,26,2,8.33,Cash,Yes
CUST05351,46,Female,Standard,47.58,35,3,29.47,Card,No
CUST05352,65,Female,Premium,70.4,41,2,12.14,Cash,No
CUST05353,64,Male,Basic,35.5,10,5,16.71,Mobile Wallet,No
CUST05354,30,Male,Basic,36.02,24,4,24.39,Cash,No
CUST05355,65,Female,Basic,18.55,69,2,9.49,Mobile Wallet,Yes
CUST05356,66,Female,Standard,52.94,31,3,13.19,Cash,Yes
CUST05357,70,Male,Premium,71.23,54,4,22.49,Bank Transfer,Yes
CUST05358,46,Female,Basic,44.64,58,2,32.61,Cash,No
CUST05359,56,Male,Basic,33.54,60,5,29.72,Card,No
CUST05360,41,Male,Basic,20.49,11,3,16.93,Mobile Wallet,No
CUST05361,43,Male,Standard,65.47,40,2,9.11,Cash,Yes
CUST05362,34,Male,Basic,33.88,55,5,10.33,Bank Transfer,No
CUST05363,24,Male,Basic,36.08,47,1,16.26,Mobile Wallet,No
CUST05364,30,Female,Premium,78.54,61,5,17.04,Card,No
CUST05365,22,Male,Standard,49.69,34,5,15.65,Bank Transfer,No
CUST05366,43,Male,Standard,56.63,62,3,20.2,Cash,No
CUST05367,66,Male,Standard,47.98,45,3,36.59,Cash,No
CUST05368,20,Male,Standard,46.79,5,1,25.7,Card,No
CUST05369,24,Male,Basic,30.68,51,0,,Card,No
CUST05370,66,Male,Premium,65.99,58,5,33.57,Mobile Wallet,No
CUST05371,56,Male,Standard,42.87,3,2,35.81,Card,No
CUST05372,70,Female,Basic,35.48,23,3,10.89,Bank Transfer,No
CUST05373,18,Female,Basic,15.49,10,2,22.05,Mobile Wallet,No
CUST05374,66,Female,Basic,29.05,47,4,46.04,Bank Transfer,No
CUST05375,34,Female,Standard,50.69,32,0,50.83,Bank Transfer,No
CUST05376,60,Male,Standard,48.83,48,2,14.99,Bank Transfer,No
CUST05377,42,Female,Standard,61.38,27,2,33.47,Card,No
CUST05378,20,Male,Basic,33.71,36,6,14.89,Cash,No
CUST05379,32,Female,Premium,57.76,54,5,28.94,Card,No
CUST05380,46,Female,Premium,68.87,20,3,4.77,Card,No
CUST05381,70,Male,Standard,43.77,3,0,10.86,Card,No
CUST05382,60,Male,Standard,55.93,69,2,21.8,Card,No
CUST05383,49,Female,Premium,61.93,3,0,27.81,Card,No
CUST05384,43,Female,Standard,25.53,40,1,14.5,Cash,No
CUST05385,33,Female,Standard,67.7,60,3,41.27,Bank Transfer,No
CUST05386,42,Female,Basic,39.29,70,6,24.98,Card,No
CUST05387,45,Male,Standard,56.11,70,5,51.97,Cash,No
CUST05388,26,Female,Basic,22.48,23,1,15.68,Card,No
CUST05389,18,Female,Basic,15.0,60,2,27.22,Mobile Wallet,No
CUST05390,46,Female,Premium,64.39,30,0,20.13,Mobile Wallet,No
CUST05391,39,Female,Standard,53.0,39,2,42.66,Bank Transfer,No
CUST05392,33,Female,Premium,73.82,40,3,12.46,Bank Transfer,No
CUST05393,58,Male,Standard,48.99,48,2,28.04,Card,No
CUST05394,68,Male,Premium,73.55,45,5,10.1,Card,No
CUST05395,61,Male,Standard,63.42,37,2,23.51,Mobile Wallet,No
CUST05396,68,Male,Standard,29.13,22,3,15.98,Bank Transfer,Yes
CUST05397,58,Male,Basic,38.5,52,2,33.77,Card,No
CUST05398,24,Female,Basic,34.66,2,3,26.09,Bank Transfer,No
CUST05399,31,Male,Standard,56.29,14,5,18.69,Card,No
CUST05400,46,Male,Standard,51.36,18,5,40.56,Bank Transfer,No
CUST05401,36,Female,Basic,21.47,50,5,23.51,Card,No
CUST05402,36,Male,Standard,56.47,15,1,52.17,Bank Transfer,No
CUST05403,19,Male,Basic,41.86,37,4,5.31,Card,No
CUST05404,58,Male,Basic,20.36,2,4,15.49,Bank Transfer,Yes
CUST05405,62,Male,Standard,45.73,69,1,29.9,Mobile Wallet,No
CUST05406,32,Female,Premium,75.95,32,1,37.84,Card,Yes
CUST05407,20,Female,Basic,33.27,66,3,27.24,Card,No
CUST05408,28,Male,Standard,19.09,57,2,22.2,Cash,No
CUST05409,70,Female,Premium,60.43,61,4,13.18,Bank Transfer,No
CUST05410,63,Male,Standard,50.63,5,2,18.61,Bank Transfer,Yes
CUST05411,47,Female,Standard,43.4,18,2,10.59,Card,No
CUST05412,57,Female,Basic,34.53,48,2,8.23,Bank Transfer,No
CUST05413,35,Female,Standard,39.79,40,6,15.67,Bank Transfer,No
CUST05414,68,Female,Standard,55.77,68,2,7.1,Card,No
CUST05415,65,Female,Standard,58.08,56,3,32.69,Mobile Wallet,No
CUST05416,19,Female,Premium,93.97,4,1,15.12,Bank Transfer,No
CUST05417,49,Female,Standard,54.09,17,3,27.82,Card,No
CUST05418,25,Female,Basic,34.38,52,3,37.72,Mobile Wallet,No
CUST05419,39,Female,Premium,92.74,63,4,40.65,Bank Transfer,No
CUST05420,23,Female,Standard,45.14,42,2,22.99,Cash,No
CUST05421,29,Female,Premium,67.2,33,2,31.48,Bank Transfer,No
CUST05422,64,Male,Standard,47.12,18,7,18.44,Mobile Wallet,No
CUST05423,57,Female,Basic,28.44,27,2,37.36,Card,No
CUST05424,53,Male,Standard,43.35,61,2,40.84,Bank Transfer,No
CUST05425,32,Female,Standard,47.83,25,2,15.38,Bank Transfer,No
CUST05426,45,Male,Basic,30.32,61,2,36.11,Bank Transfer,No
CUST05427,69,Male,Standard,47.59,10,5,13.04,Cash,No
CUST05428,66,Male,Standard,59.4,4,4,36.79,Mobile Wallet,No
CUST05429,62,Female,Standard,55.24,31,0,20.77,Bank Transfer,No
CUST05430,35,Female,Basic,32.8,32,4,17.1,Cash,No
CUST05431,19,Female,Standard,52.86,24,1,21.17,Card,No
CUST05432,30,Female,Basic,36.35,59,3,13.36,Card,No
CUST05433,62,Male,Standard,44.18,18,7,29.13,Card,No
CUST05434,32,Female,Basic,33.03,72,2,26.44,Card,No
CUST05435,37,Female,Basic,32.48,65,3,15.56,Card,No
CUST05436,46,Female,Basic,27.06,2,2,23.55,Bank Transfer,No
CUST05437,59,Female,Basic,31.78,21,0,47.93,Card,No
CUST05438,46,Female,Standard,55.66,42,4,18.44,Cash,No
CUST05439,20,Female,Premium,84.61,25,4,8.44,Mobile Wallet,Yes
CUST05440,36,Female,Standard,42.17,53,2,16.69,Bank Transfer,No
CUST05441,20,Female,Standard,31.23,9,0,29.38,Mobile Wallet,No
CUST05442,31,Male,Premium,59.21,42,3,19.4,Bank Transfer,No
CUST05443,57,Male,Premium,83.45,28,4,17.72,Mobile Wallet,Yes
CUST05444,21,Female,Premium,64.75,37,1,38.6,Bank Transfer,No
CUST05445,69,Female,Basic,35.82,61,5,18.98,Card,No
CUST05446,28,Female,Standard,45.64,59,3,11.65,Bank Transfer,No
CUST05447,48,Female,Premium,75.94,32,2,9.24,Bank Transfer,No
CUST05448,60,Male,Premium,82.57,41,0,22.09,Card,Yes
CUST05449,49,Male,Standard,27.61,24,3,28.94,Card,Yes
CUST05450,44,Female,Basic,27.29,65,3,36.65,Bank Transfer,No
CUST05451,47,Male,Premium,54.28,10,3,26.43,Cash,No
CUST05452,60,Male,Standard,52.35,50,4,20.48,Mobile Wallet,No
CUST05453,19,Female,Standard,62.76,63,3,12.91,Mobile Wallet,No
CUST05454,66,Female,Standard,46.47,65,5,11.21,Card,No
CUST05455,26,Female,Standard,53.71,58,2,11.46,Bank Transfer,No
CUST05456,45,Male,Basic,33.58,46,3,43.37,Cash,No
CUST05457,48,Male,Basic,29.88,28,2,33.65,Cash,No
CUST05458,51,Female,Premium,58.92,59,2,11.02,Mobile Wallet,No
CUST05459,32,Female,Standard,64.85,4,0,18.65,Bank Transfer,No
CUST05460,65,Male,Standard,43.84,41,4,29.94,Bank Transfer,No
CUST05461,42,Male,Premium,63.96,60,3,24.18,Bank Transfer,No
CUST05462,53,Female,Standard,53.0,62,1,13.47,Mobile Wallet,No
CUST05463,25,Male,Basic,29.65,11,1,12.42,Card,No
CUST05464,26,Female,Standard,39.74,20,5,64.48,Cash,No
CUST05465,54,Female,Basic,34.28,7,3,14.56,Bank Transfer,No
CUST05466,65,Male,Basic,24.79,62,3,15.22,Card,No
CUST05467,62,Male,Standard,49.46,7,3,19.89,Card,No
CUST05468,56,Male,Premium,51.51,64,1,36.11,Bank Transfer,No
CUST05469,49,Female,Standard,48.9,58,2,26.19,Card,No
CUST05470,69,Female,Basic,18.12,4,1,8.07,Mobile Wallet,No
CUST05471,34,Female,Standard,45.43,72,4,9.88,Card,No
CUST05472,52,Female,Basic,27.7,14,1,91.72,Mobile Wallet,No
CUST05473,54,Female,Standard,53.08,23,2,14.95,Bank Transfer,No
CUST05474,36,Female,Basic,44.12,36,1,27.82,Card,No
CUST05475,61,Male,Premium,89.93,24,2,8.63,Card,Yes
CUST05476,46,Female,Basic,36.61,21,2,24.98,Mobile Wallet,No
CUST05477,24,Female,Basic,33.4,63,4,23.66,Card,No
CUST05478,45,Female,Standard,56.76,47,3,9.24,Mobile Wallet,No
CUST05479,26,Female,Basic,30.17,69,4,28.47,Cash,No
CUST05480,45,Male,Standard,51.03,15,3,25.58,Card,No
CUST05481,23,Female,Premium,68.25,31,4,31.02,Bank Transfer,No
CUST05482,46,Male,Basic,16.45,4,4,31.78,Mobile Wallet,No
CUST05483,34,Male,Standard,45.04,4,3,34.24,Mobile Wallet,No
CUST05484,33,Female,Premium,86.18,44,3,27.19,Mobile Wallet,No
CUST05485,40,Female,Standard,51.31,61,7,37.18,Bank Transfer,No
CUST05486,48,Male,Premium,72.31,63,4,4.95,Bank Transfer,No
CUST05487,20,Male,Basic,36.6,26,5,34.64,Card,No
CUST05488,38,Female,Basic,39.14,50,1,32.21,Mobile Wallet,No
CUST05489,43,Male,Basic,37.02,33,3,14.92,Card,No
CUST05490,53,Female,Basic,47.82,4,2,32.39,Bank Transfer,Yes
CUST05491,59,Female,Standard,50.13,57,3,7.72,Card,No
CUST05492,54,Male,Basic,31.19,62,4,4.88,Bank Transfer,No
CUST05493,70,Female,Standard,54.95,34,2,8.5,Cash,No
CUST05494,39,Female,Basic,30.92,34,2,11.02,Bank Transfer,No
CUST05495,59,Female,Premium,86.53,2,4,50.84,Mobile Wallet,Yes
CUST05496,29,Male,Basic,22.71,43,4,12.6,Cash,No
CUST05497,59,Male,Basic,29.16,72,2,7.76,Bank Transfer,No
CUST05498,30,Male,Standard,54.83,49,4,6.22,Bank Transfer,No
CUST05499,28,Female,Basic,24.39,21,0,21.4,Card,No
CUST05500,33,Male,Standard,54.51,12,3,37.47,Mobile Wallet,Yes
CUST05501,25,Male,Standard,53.4,36,0,17.93,Bank Transfer,No
CUST05502,57,Male,Premium,94.88,1,1,35.47,Bank Transfer,No
CUST05503,57,Female,Standard,73.94,42,2,34.74,Bank Transfer,No
CUST05504,62,Female,Standard,61.15,16,7,53.51,Cash,No
CUST05505,19,Male,Premium,70.77,49,3,24.28,Card,No
CUST05506,47,Male,Premium,70.78,6,4,32.44,Mobile Wallet,No
CUST05507,47,Male,Standard,50.71,13,1,37.57,Bank Transfer,No
CUST05508,29,Female,Standard,66.37,45,3,10.88,Card,No
CUST05509,27,Male,Standard,46.74,9,4,11.14,Card,Yes
CUST05510,61,Female,Standard,26.64,28,3,15.03,Mobile Wallet,No
CUST05511,28,Female,Premium,95.18,64,1,8.97,Cash,No
CUST05512,32,Female,Standard,33.98,34,0,40.69,Card,No
CUST05513,33,Male,Basic,24.93,32,4,6.66,Bank Transfer,No
CUST05514,34,Male,Basic,33.1,65,2,25.06,Bank Transfer,No
CUST05515,43,Female,Basic,42.54,52,5,19.72,Bank Transfer,No
CUST05516,19,Female,Basic,33.59,66,7,50.9,Bank Transfer,No
CUST05517,67,Female,Basic,26.29,4,2,45.21,Cash,No
CUST05518,29,Female,Standard,55.55,25,5,19.17,Mobile Wallet,No
CUST05519,68,Male,Basic,15.04,63,2,40.49,Bank Transfer,No
CUST05520,43,Male,Standard,50.02,40,3,17.98,Card,No
CUST05521,40,Female,Basic,,69,1,4.21,Card,No
CUST05522,35,Female,Basic,30.18,56,4,15.99,Bank Transfer,No
CUST05523,49,Female,Standard,43.54,23,4,40.39,Card,No
CUST05524,66,Male,Premium,47.19,3,2,23.81,Card,Yes
CUST05525,55,Female,Standard,53.68,65,2,29.05,Card,No
CUST05526,64,Male,Standard,46.0,51,1,19.76,Card,No
CUST05527,20,Female,Standard,57.8,25,3,26.24,Bank Transfer,No
CUST05528,55,Male,Basic,32.4,41,3,14.81,Cash,No
CUST05529,20,Male,Standard,59.89,5,0,15.26,Bank Transfer,No
CUST05530,47,Female,Basic,35.75,64,1,11.95,Cash,No
CUST05531,18,Male,Standard,44.26,6,5,29.17,Mobile Wallet,No
CUST05532,47,Male,Standard,51.07,46,2,22.02,Cash,No
CUST05533,62,Male,Standard,48.22,23,2,29.04,Card,No
CUST05534,49,Male,Basic,47.0,38,0,5.19,Bank Transfer,No
CUST05535,45,Female,Standard,63.6,5,1,32.79,Card,Yes
CUST05536,38,Female,Basic,30.76,61,2,35.68,Mobile Wallet,No
CUST05537,63,Female,Basic,34.87,2,1,52.18,Mobile Wallet,No
CUST05538,30,Female,Basic,23.98,3,4,42.46,Bank Transfer,Yes
CUST05539,44,Female,Standard,37.08,7,0,16.37,Mobile Wallet,No
CUST05540,53,Male,Basic,24.28,50,1,39.79,Bank Transfer,No
CUST05541,24,Male,Standard,56.67,60,2,8.75,Bank Transfer,No
CUST05542,39,Male,Premium,62.26,65,1,8.84,Mobile Wallet,Yes
CUST05543,27,Male,Basic,32.21,65,1,29.93,Card,No
CUST05544,56,Female,Standard,57.22,62,4,23.19,Cash,No
CUST05545,70,Female,Basic,44.1,54,4,34.56,Cash,No
CUST05546,32,Male,Standard,48.05,53,3,23.51,Mobile Wallet,No
CUST05547,32,Female,Basic,33.73,9,4,21.86,Card,No
CUST05548,21,Male,Premium,68.8,1,6,20.74,Mobile Wallet,No
CUST05549,49,Male,Standard,34.43,15,6,16.08,Cash,Yes
CUST05550,40,Female,Standard,35.16,36,5,33.87,Mobile Wallet,No
CUST05551,23,Female,Basic,22.41,10,2,33.33,Bank Transfer,No
CUST05552,41,Female,Premium,72.4,50,3,7.58,Cash,No
CUST05553,37,Female,Premium,89.09,31,1,18.25,Card,No
CUST05554,54,Female,Standard,48.02,69,8,35.23,Bank Transfer,No
CUST05555,37,Female,Premium,67.68,16,3,25.59,Mobile Wallet,No
CUST05556,29,Female,Basic,34.03,42,6,22.64,Card,No
CUST05557,50,Male,Standard,31.62,26,2,12.54,Mobile Wallet,Yes
CUST05558,45,Female,Standard,47.95,30,1,17.6,Mobile Wallet,No
CUST05559,25,Male,Standard,55.6,2,3,33.61,Card,No
CUST05560,18,Male,Premium,77.69,67,4,6.44,Mobile Wallet,No
CUST05561,54,Female,Basic,37.35,56,1,3.27,Card,Yes
CUST05562,39,Male,Basic,26.15,24,3,46.52,,No
CUST05563,23,Female,Basic,33.04,67,3,6.5,Bank Transfer,No
CUST05564,38,Male,Premium,63.38,40,6,21.99,Bank Transfer,Yes
CUST05565,49,Male,Premium,74.72,63,1,18.55,Card,No
CUST05566,52,Male,Standard,44.69,69,1,29.65,Card,No
CUST05567,32,Female,Standard,42.25,59,2,37.69,Mobile Wallet,No
CUST05568,22,Male,Standard,45.91,61,1,8.06,Card,No
CUST05569,63,Male,Standard,47.28,52,1,15.43,Card,No
CUST05570,67,Male,Basic,26.88,36,5,19.92,Mobile Wallet,No
CUST05571,65,Female,Standard,30.36,31,5,63.48,Card,No
CUST05572,23,Male,Standard,41.4,7,6,82.37,Cash,Yes
CUST05573,42,Female,Standard,59.78,20,3,26.58,Bank Transfer,No
CUST05574,63,Male,Basic,17.99,33,2,5.93,Mobile Wallet,Yes
CUST05575,57,Male,Standard,50.56,17,0,12.31,Cash,No
CUST05576,46,Male,Premium,89.29,6,2,7.68,Bank Transfer,Yes
CUST05577,24,Female,Standard,38.73,20,3,36.14,Mobile Wallet,No
CUST05578,57,Male,Standard,46.27,42,3,53.79,Cash,No
CUST05579,30,Male,Standard,58.22,63,3,9.58,Bank Transfer,No
CUST05580,55,Male,Standard,37.55,41,2,15.35,Bank Transfer,No
CUST05581,35,Male,Standard,51.45,72,4,11.16,Cash,No
CUST05582,19,Female,Standard,55.57,7,0,18.5,Card,Yes
CUST05583,25,Male,Standard,50.47,71,1,24.17,Mobile Wallet,No
CUST05584,28,Male,Standard,48.51,29,3,8.8,Cash,No
CUST05585,50,Male,Standard,48.41,67,2,25.48,Bank Transfer,No
CUST05586,55,Male,Standard,55.01,16,4,12.68,Bank Transfer,No
CUST05587,65,Female,Standard,51.95,50,3,6.44,Mobile Wallet,Yes
CUST05588,44,Male,Standard,54.94,44,1,50.27,Card,No
CUST05589,37,Male,Premium,76.99,31,7,45.75,Cash,Yes
CUST05590,29,Female,Standard,46.79,67,5,5.06,Card,No
CUST05591,60,Male,Premium,90.98,3,4,18.06,Mobile Wallet,Yes
CUST05592,48,Male,Standard,41.08,66,1,19.2,Mobile Wallet,No
CUST05593,44,Male,Basic,29.03,7,1,12.59,Cash,No
CUST05594,49,Female,Premium,70.3,27,1,43.79,Cash,No
CUST05595,27,Male,Standard,54.23,7,2,18.85,Bank Transfer,No
CUST05596,20,Female,Premium,78.99,8,3,17.46,Mobile Wallet,Yes
CUST05597,62,Female,Standard,43.05,42,3,25.79,Card,No
CUST05598,44,Female,Basic,26.78,26,1,22.97,Bank Transfer,No
CUST05599,52,Female,Standard,49.52,61,8,24.06,Cash,No
CUST05600,48,Female,Standard,49.05,20,1,20.64,Bank Transfer,Yes
CUST05601,32,Female,Premium,101.41,51,1,38.79,Bank Transfer,No
CUST05602,33,Female,Standard,37.01,2,4,13.1,Card,No
CUST05603,30,Male,Standard,37.42,30,2,13.43,Cash,No
CUST05604,66,Male,Standard,52.6,17,2,31.21,Mobile Wallet,No
CUST05605,52,Female,Standard,53.86,67,3,,Bank Transfer,No
CUST05606,69,Female,Basic,33.69,72,3,10.16,Mobile Wallet,No
CUST05607,28,Female,Basic,31.9,43,2,9.36,Bank Transfer,Yes
CUST05608,38,Female,Basic,22.57,49,4,39.36,Cash,Yes
CUST05609,68,Female,Basic,34.0,4,4,18.7,Mobile Wallet,No
CUST05610,28,Female,Basic,18.49,29,5,41.43,Card,No
CUST05611,47,Male,Basic,29.3,72,7,31.15,Bank Transfer,No
CUST05612,65,Male,Premium,70.83,34,5,18.2,Mobile Wallet,No
CUST05613,70,Female,Basic,16.19,9,2,59.23,Bank Transfer,No
CUST05614,52,Female,Basic,31.72,58,5,11.41,,No
CUST05615,39,Female,Basic,35.83,24,6,11.67,Card,Yes
CUST05616,55,Male,Standard,57.41,56,4,36.51,Card,No
CUST05617,48,Female,Standard,44.08,61,3,17.91,Bank Transfer,No
CUST05618,31,Male,Basic,30.0,63,6,15.25,Bank Transfer,No
CUST05619,41,Male,Standard,50.42,42,1,8.66,Cash,No
CUST05620,67,Male,Standard,40.85,17,5,68.74,Card,No
CUST05621,66,Female,Standard,60.24,71,4,7.24,Bank Transfer,No
CUST05622,49,Female,Standard,54.49,66,3,27.77,Cash,No
CUST05623,53,Male,Standard,49.85,48,5,7.08,Mobile Wallet,No
CUST05624,49,Male,Basic,21.03,70,3,19.25,Bank Transfer,No
CUST05625,32,Male,Standard,45.75,33,3,39.15,Card,No
CUST05626,60,Male,Premium,71.38,38,3,16.94,Cash,Yes
CUST05627,52,Female,Standard,51.12,1,1,29.58,Bank Transfer,No
CUST05628,20,Male,Basic,40.66,55,5,31.74,Bank Transfer,No
CUST05629,33,Female,Premium,73.79,55,3,12.12,Card,No
CUST05630,22,Male,Standard,52.93,10,5,16.23,Cash,Yes
CUST05631,38,Female,Basic,49.82,55,2,12.11,Card,No
CUST05632,27,Male,Standard,49.99,24,2,28.9,Mobile Wallet,Yes
CUST05633,36,Female,Standard,27.6,72,3,30.9,Card,Yes
CUST05634,42,Female,Premium,81.22,28,5,21.31,Card,No
CUST05635,21,Female,Standard,49.36,51,2,35.62,Mobile Wallet,No
CUST05636,46,Male,Basic,28.02,46,2,40.32,Bank Transfer,No
CUST05637,36,Female,Standard,68.31,72,5,37.68,Bank Transfer,No
CUST05638,60,Male,Premium,68.67,29,1,24.54,Card,No
CUST05639,19,Female,Basic,33.57,19,5,11.52,Bank Transfer,No
CUST05640,27,Female,Premium,76.46,5,4,3.65,Bank Transfer,No
CUST05641,60,Male,Standard,46.69,49,4,20.0,Card,No
CUST05642,42,Female,Standard,49.72,55,2,40.6,Cash,No
CUST05643,37,Female,Standard,66.85,46,2,17.44,Cash,Yes
CUST05644,65,Male,Standard,41.84,15,7,4.67,Bank Transfer,Yes
CUST05645,36,Female,Standard,46.52,72,2,9.86,Bank Transfer,No
CUST05646,40,Female,Premium,83.41,39,2,41.73,Bank Transfer,Yes
CUST05647,41,Female,Basic,35.84,22,1,19.42,Mobile Wallet,No
CUST05648,28,Female,Standard,44.71,62,3,10.68,Card,No
CUST05649,63,Male,Basic,40.4,69,1,37.74,Mobile Wallet,No
CUST05650,51,Female,Basic,25.9,31,1,21.59,Card,No
CUST05651,45,Female,Standard,35.67,37,3,13.83,Mobile Wallet,No
CUST05652,22,Female,Basic,18.83,23,4,,Bank Transfer,No
CUST05653,22,Female,Standard,37.52,4,5,48.95,Bank Transfer,No
CUST05654,68,Female,Standard,42.43,43,3,24.85,Card,Yes
CUST05655,38,Female,Premium,90.4,38,1,20.2,Bank Transfer,No
CUST05656,29,Female,Basic,24.93,15,5,30.32,Cash,Yes
CUST05657,67,Female,Basic,40.09,11,2,22.26,Bank Transfer,No
CUST05658,21,Male,Basic,34.86,25,2,23.07,Cash,No
CUST05659,66,Male,Premium,88.53,26,3,21.35,Mobile Wallet,Yes
CUST05660,59,Male,Standard,49.82,39,4,30.06,Cash,No
CUST05661,37,Male,Basic,28.52,56,2,23.32,Bank Transfer,No
CUST05662,55,Female,Premium,88.9,51,1,10.08,Bank Transfer,No
CUST05663,42,Female,Premium,71.8,33,3,18.13,Card,Yes
CUST05664,31,Male,Premium,96.82,20,2,65.9,Bank Transfer,Yes
CUST05665,28,Male,Basic,32.09,52,4,30.91,Card,No
CUST05666,49,Male,Standard,39.85,34,9,27.25,Bank Transfer,Yes
CUST05667,28,Female,Standard,51.91,45,3,13.51,Card,No
CUST05668,35,Female,Standard,39.83,4,2,15.62,Mobile Wallet,No
CUST05669,44,Male,Basic,37.48,13,4,22.96,Card,No
CUST05670,35,Male,Basic,40.9,59,4,8.42,Cash,Yes
CUST05671,40,Male,Premium,68.55,67,0,,Bank Transfer,Yes
CUST05672,28,Male,Basic,16.02,53,1,26.55,Bank Transfer,No
CUST05673,38,Male,Standard,53.57,17,1,39.84,Card,No
CUST05674,61,Female,Standard,51.34,71,3,26.79,Card,No
CUST05675,22,Male,Standard,47.74,45,2,27.32,Mobile Wallet,No
CUST05676,40,Female,Standard,44.29,47,1,17.46,Card,No
CUST05677,58,Male,Standard,34.34,26,3,13.96,Card,No
CUST05678,42,Male,Standard,48.38,31,2,5.56,Mobile Wallet,No
CUST05679,58,Female,Standard,58.64,31,9,29.89,Bank Transfer,No
CUST05680,27,Male,Basic,35.75,60,7,13.79,Card,No
CUST05681,39,Female,Standard,51.8,1,1,9.01,Card,Yes
CUST05682,36,Female,Standard,40.11,46,4,12.78,Card,No
CUST05683,18,Male,Standard,37.19,34,1,4.45,Card,No
CUST05684,24,Male,Standard,43.82,54,1,31.12,Mobile Wallet,No
CUST05685,21,Female,Basic,35.73,59,2,27.23,Bank Transfer,No
CUST05686,18,Female,Standard,24.77,41,3,13.31,Card,No
CUST05687,32,Male,Basic,25.94,51,2,20.84,Bank Transfer,No
CUST05688,57,Female,Premium,46.83,5,0,33.58,Bank Transfer,No
CUST05689,29,Male,Premium,74.57,10,2,31.79,Mobile Wallet,No
CUST05690,39,Female,Basic,18.56,38,1,8.0,Cash,No
CUST05691,39,Male,Basic,24.86,35,4,1.69,Mobile Wallet,No
CUST05692,67,Female,Standard,62.03,66,3,9.03,Card,No
CUST05693,64,Female,Premium,70.96,19,2,30.4,Bank Transfer,No
CUST05694,34,Male,Standard,45.38,38,4,10.15,Card,Yes
CUST05695,46,Female,Standard,42.5,53,2,20.58,Card,No
CUST05696,63,Female,Standard,42.71,50,4,9.13,Card,Yes
CUST05697,31,Female,Basic,39.74,34,4,4.85,Bank Transfer,No
CUST05698,67,Female,Standard,52.87,4,1,20.57,Cash,No
CUST05699,37,Female,Basic,22.48,61,5,27.31,Bank Transfer,No
CUST05700,67,Female,Standard,37.27,70,3,7.41,Mobile Wallet,No
CUST05701,65,Female,Basic,20.15,9,3,34.12,Card,No
CUST05702,50,Male,Standard,37.9,52,2,13.76,Cash,No
CUST05703,60,Female,Premium,84.81,31,4,24.27,Bank Transfer,No
CUST05704,32,Female,Standard,44.33,68,4,13.47,Card,No
CUST05705,29,Male,Standard,57.75,33,1,29.05,Bank Transfer,Yes
CUST05706,57,Female,Basic,29.37,59,1,6.74,Card,No
CUST05707,37,Female,Standard,53.68,35,4,17.17,,No
CUST05708,47,Male,Basic,32.4,13,3,3.83,Bank Transfer,No
CUST05709,55,Female,Standard,55.06,61,3,24.99,Card,No
CUST05710,20,Female,Basic,18.0,48,3,23.59,Bank Transfer,No
CUST05711,45,Male,Basic,31.42,38,3,23.84,Card,Yes
CUST05712,43,Male,Basic,32.75,65,2,17.02,Cash,Yes
CUST05713,47,Female,Basic,38.42,54,2,11.14,Bank Transfer,No
CUST05714,30,Female,Standard,40.59,31,3,9.39,Bank Transfer,No
CUST05715,30,Male,Standard,41.54,49,3,41.32,Mobile Wallet,No
CUST05716,19,Female,Basic,28.48,22,3,25.02,Card,No
CUST05717,54,Male,Standard,59.35,29,1,14.77,Bank Transfer,No
CUST05718,66,Male,Standard,48.79,65,5,19.74,,No
CUST05719,55,Male,Standard,57.84,48,0,12.13,Bank Transfer,No
CUST05720,19,Female,Premium,80.11,66,5,7.96,Mobile Wallet,No
CUST05721,53,Male,Basic,26.36,25,4,23.64,Cash,No
CUST05722,43,Male,Basic,38.69,21,2,48.98,Mobile Wallet,No
CUST05723,28,Male,Standard,44.4,26,4,26.45,Bank Transfer,No
CUST05724,25,Female,Premium,72.38,1,4,14.79,Bank Transfer,No
CUST05725,61,Female,Standard,58.32,32,2,13.38,Mobile Wallet,No
CUST05726,57,Female,Premium,55.67,46,2,31.49,Bank Transfer,No
CUST05727,60,Male,Standard,64.75,5,3,30.61,Bank Transfer,No
CUST05728,39,Female,Standard,40.56,40,2,9.83,Mobile Wallet,No
CUST05729,37,Female,Standard,52.86,17,0,47.65,Mobile Wallet,No
CUST05730,25,Male,Standard,49.63,53,2,25.55,Card,No
CUST05731,46,Male,Standard,56.82,29,2,15.93,Bank Transfer,No
CUST05732,57,Female,Standard,45.39,8,3,15.23,Card,No
CUST05733,43,Female,Standard,53.68,43,2,35.1,Card,No
CUST05734,47,Male,Standard,32.12,15,3,23.03,Card,Yes
CUST05735,34,Female,Basic,35.52,34,4,17.8,Bank Transfer,No
CUST05736,37,Male,Standard,67.12,35,3,53.29,Mobile Wallet,No
CUST05737,69,Male,Standard,44.81,33,3,15.95,Bank Transfer,No
CUST05738,33,Female,Premium,78.88,21,4,23.01,Card,No
CUST05739,63,Female,Standard,60.69,19,2,20.25,Card,No
CUST05740,60,Female,Basic,38.77,1,3,7.92,Cash,No
CUST05741,24,Female,Basic,,51,3,28.15,Mobile Wallet,No
CUST05742,33,Male,Standard,48.6,33,7,12.81,Card,Yes
CUST05743,62,Female,Basic,18.19,26,0,15.86,Bank Transfer,No
CUST05744,64,Female,Premium,63.05,42,2,4.97,Mobile Wallet,No
CUST05745,65,Female,Basic,37.44,54,3,28.58,Card,No
CUST05746,44,Male,Premium,48.38,45,5,5.99,Card,No
CUST05747,70,Female,Standard,56.35,27,2,21.63,Bank Transfer,No
CUST05748,40,Female,Premium,93.09,51,4,15.31,Bank Transfer,No
CUST05749,41,Male,Basic,33.23,28,9,25.02,Card,Yes
CUST05750,26,Male,Standard,60.96,8,2,31.27,Bank Transfer,Yes
CUST05751,52,Male,Basic,30.09,31,3,39.89,Mobile Wallet,No
CUST05752,68,Male,Basic,17.61,5,2,66.12,Mobile Wallet,Yes
CUST05753,37,Male,Basic,26.79,11,2,29.84,Card,Yes
CUST05754,54,Female,Standard,49.73,72,3,17.26,Cash,No
CUST05755,59,Male,Basic,22.76,26,2,22.7,Card,No
CUST05756,34,Male,Premium,55.39,60,3,42.45,Cash,No
CUST05757,64,Male,Basic,28.81,46,2,5.44,Bank Transfer,No
CUST05758,48,Male,Standard,50.28,12,4,20.06,,Yes
CUST05759,25,Male,Basic,37.39,13,2,18.79,Mobile Wallet,No
CUST05760,32,Male,Standard,47.3,8,2,22.61,Bank Transfer,No
CUST05761,48,Male,Basic,41.22,42,2,46.45,Bank Transfer,No
CUST05762,70,Male,Premium,89.78,65,7,18.1,Mobile Wallet,No
CUST05763,47,Female,Standard,41.84,9,3,18.15,Card,No
CUST05764,63,Female,Premium,67.26,4,4,37.68,Bank Transfer,Yes
CUST05765,37,Female,Basic,43.93,55,1,30.04,Card,No
CUST05766,56,Male,Standard,42.61,71,2,16.67,Card,No
CUST05767,70,Male,Standard,64.27,55,6,14.19,Bank Transfer,No
CUST05768,29,Male,Premium,71.51,57,3,17.75,Card,No
CUST05769,66,Female,Standard,41.97,57,2,21.58,Bank Transfer,No
CUST05770,34,Male,Premium,70.91,39,1,3.99,Bank Transfer,No
CUST05771,59,Male,Basic,28.25,28,5,19.9,Card,No
CUST05772,47,Male,Standard,57.26,26,1,8.94,Card,Yes
CUST05773,46,Female,Basic,15.0,70,0,29.29,Bank Transfer,No
CUST05774,36,Female,Basic,21.6,22,1,25.54,Bank Transfer,No
CUST05775,63,Male,Standard,46.84,45,4,14.06,,No
CUST05776,28,Female,Premium,95.9,15,4,16.36,Card,No
CUST05777,51,Male,Premium,91.25,65,2,18.72,Mobile Wallet,No
CUST05778,67,Male,Standard,44.07,18,2,15.22,Card,No
CUST05779,24,Female,Premium,73.9,11,3,11.14,Bank Transfer,No
CUST05780,61,Female,Standard,58.02,4,3,20.09,Card,No
CUST05781,51,Female,Standard,44.57,34,2,10.42,Bank Transfer,Yes
CUST05782,37,Female,Basic,26.61,48,3,20.93,Mobile Wallet,Yes
CUST05783,67,Male,Standard,,48,2,47.21,Card,No
CUST05784,55,Male,Basic,33.01,40,2,42.71,Card,No
CUST05785,41,Female,Basic,37.17,59,6,43.48,Mobile Wallet,No
CUST05786,27,Female,Standard,62.39,48,6,45.91,Card,No
CUST05787,49,Male,Premium,89.75,41,1,50.81,Card,Yes
CUST05788,69,Male,Standard,50.06,22,2,20.6,Mobile Wallet,No
CUST05789,32,Male,Premium,92.15,64,8,14.41,Card,Yes
CUST05790,54,Male,Premium,82.79,49,2,13.97,Mobile Wallet,Yes
CUST05791,37,Female,Basic,33.5,55,2,8.59,Mobile Wallet,No
CUST05792,20,Female,Standard,65.05,15,2,16.36,Cash,Yes
CUST05793,54,Female,Standard,52.86,4,3,19.44,Card,No
CUST05794,57,Male,Premium,77.52,8,1,39.25,Card,No
CUST05795,25,Male,Premium,71.63,60,7,,Card,No
CUST05796,57,Female,Standard,45.47,3,5,39.68,Mobile Wallet,No
CUST05797,61,Female,Standard,42.28,7,3,15.49,Mobile Wallet,No
CUST05798,40,Female,Standard,52.89,17,3,10.43,Card,No
CUST05799,57,Male,Basic,38.2,10,4,16.75,Cash,No
CUST05800,28,Female,Basic,15.0,26,4,6.16,Bank Transfer,No
CUST05801,63,Male,Standard,56.27,22,2,13.91,Card,No
CUST05802,25,Female,Premium,66.42,15,4,10.84,Card,No
CUST05803,46,Female,Premium,81.66,58,2,53.91,Card,No
CUST05804,47,Female,Basic,35.72,60,2,39.16,Bank Transfer,No
CUST05805,27,Male,Standard,44.93,39,4,21.89,Card,No
CUST05806,56,Male,Premium,91.58,3,2,19.42,Mobile Wallet,Yes
CUST05807,45,Male,Standard,30.82,60,3,19.72,Card,No
CUST05808,66,Male,Basic,36.18,53,3,15.78,Cash,No
CUST05809,53,Male,Standard,51.56,24,2,31.75,Card,No
CUST05810,30,Male,Standard,53.54,55,0,16.03,Bank Transfer,No
CUST05811,49,Female,Standard,58.45,2,4,14.77,Card,No
CUST05812,53,Male,Standard,48.1,68,2,16.59,Card,No
CUST05813,54,Female,Premium,63.66,23,3,16.88,Mobile Wallet,Yes
CUST05814,43,Male,Basic,40.94,59,1,27.52,Mobile Wallet,No
CUST05815,39,Female,Standard,31.87,57,4,48.21,Card,No
CUST05816,21,Female,Standard,31.89,72,3,26.8,Card,No
CUST05817,48,Male,Basic,40.5,42,4,14.46,Bank Transfer,No
CUST05818,35,Female,Premium,77.98,12,4,70.68,Mobile Wallet,Yes
CUST05819,55,Male,Basic,28.52,1,1,30.52,Mobile Wallet,No
CUST05820,41,Male,Standard,46.64,54,2,10.44,Mobile Wallet,No
CUST05821,40,Male,Premium,77.42,43,2,31.17,Mobile Wallet,Yes
CUST05822,39,Male,Basic,20.79,62,2,49.67,Mobile Wallet,No
CUST05823,19,Female,Premium,74.14,15,3,26.31,Card,No
CUST05824,48,Male,Standard,58.4,7,2,36.39,Bank Transfer,No
CUST05825,28,Female,Basic,23.7,28,5,44.4,Cash,No
CUST05826,45,Female,Premium,71.53,6,3,24.43,Card,No
CUST05827,63,Female,Basic,38.96,20,4,40.86,Card,No
CUST05828,49,Male,Standard,32.59,42,3,46.69,Mobile Wallet,No
CUST05829,22,Female,Basic,15.0,38,4,23.69,Cash,No
CUST05830,55,Male,Basic,28.84,62,4,7.29,Card,No
CUST05831,27,Female,Premium,77.35,3,2,29.35,Card,No
CUST05832,57,Male,Standard,44.46,28,2,7.13,Mobile Wallet,No
CUST05833,63,Male,Basic,28.41,12,3,28.6,Bank Transfer,Yes
CUST05834,41,Male,Standard,48.7,44,3,20.68,Bank Transfer,No
CUST05835,52,Male,Standard,39.24,15,3,43.84,Mobile Wallet,No
CUST05836,61,Female,Premium,71.87,55,2,18.25,Cash,No
CUST05837,65,Female,Standard,45.01,48,1,14.2,Bank Transfer,No
CUST05838,40,Male,Premium,83.41,6,1,15.61,Card,Yes
CUST05839,34,Female,Standard,44.97,64,2,6.77,Bank Transfer,No
CUST05840,18,Male,Standard,49.75,35,2,11.2,Bank Transfer,No
CUST05841,48,Male,Premium,72.0,11,2,34.86,Card,No
CUST05842,48,Female,Basic,28.94,23,1,26.59,Bank Transfer,No
CUST05843,59,Male,Basic,30.69,57,5,84.3,Cash,No
CUST05844,59,Male,Basic,34.31,70,2,20.81,Cash,No
CUST05845,70,Male,Basic,38.01,37,2,17.89,Bank Transfer,No
CUST05846,51,Male,Basic,29.5,63,5,22.53,Bank Transfer,No
CUST05847,26,Male,Standard,65.02,29,2,19.67,Bank Transfer,No
CUST05848,39,Female,Standard,50.61,42,4,28.15,Card,No
CUST05849,30,Female,Standard,41.05,28,1,66.87,Mobile Wallet,No
CUST05850,42,Female,Standard,58.44,16,3,17.29,Cash,No
CUST05851,65,Male,Basic,30.99,67,4,17.83,Cash,No
CUST05852,35,Male,Standard,40.84,18,2,27.87,Bank Transfer,No
CUST05853,68,Male,Standard,66.25,48,0,17.11,Card,No
CUST05854,29,Male,Basic,40.11,17,8,6.84,Card,No
CUST05855,57,Male,Premium,64.01,25,3,24.73,Bank Transfer,No
CUST05856,34,Male,Standard,53.61,48,4,19.73,Mobile Wallet,No
CUST05857,32,Female,Premium,60.88,50,1,21.63,Card,Yes
CUST05858,59,Male,Basic,33.49,19,6,18.77,Bank Transfer,No
CUST05859,32,Female,Standard,56.5,41,7,28.95,Card,Yes
CUST05860,32,Male,Standard,46.7,5,4,9.94,Mobile Wallet,Yes
CUST05861,56,Female,Premium,65.4,6,4,9.75,Card,Yes
CUST05862,30,Male,Standard,30.07,3,2,41.15,Bank Transfer,No
CUST05863,34,Female,Premium,57.65,45,6,53.31,Card,No
CUST05864,49,Female,Standard,53.55,61,7,27.15,Card,Yes
CUST05865,26,Male,Standard,49.2,48,4,15.92,Bank Transfer,No
CUST05866,57,Male,Premium,77.87,24,4,6.12,Card,Yes
CUST05867,37,Female,Standard,51.75,48,3,9.33,Card,No
CUST05868,43,Male,Standard,37.85,26,4,22.37,Cash,No
CUST05869,44,Male,Basic,21.1,49,5,11.44,Mobile Wallet,No
CUST05870,38,Male,Premium,63.75,55,5,9.43,Cash,No
CUST05871,35,Female,Standard,53.84,4,4,41.07,Mobile Wallet,No
CUST05872,30,Male,Standard,42.83,49,3,37.62,Card,No
CUST05873,33,Female,Basic,28.41,44,6,16.21,Bank Transfer,No
CUST05874,26,Female,Standard,52.3,29,2,33.15,Card,No
CUST05875,29,Male,Standard,54.86,26,2,26.41,Bank Transfer,Yes
CUST05876,61,Female,Standard,39.09,61,3,36.74,,No
CUST05877,55,Male,Standard,46.07,40,0,38.99,Card,No
CUST05878,36,Male,Basic,30.36,19,4,3.9,Mobile Wallet,No
CUST05879,24,Female,Basic,32.82,14,0,6.17,Card,No
CUST05880,52,Female,Standard,49.67,35,5,53.4,Bank Transfer,Yes
CUST05881,65,Female,Basic,35.18,19,5,17.69,Mobile Wallet,No
CUST05882,35,Female,Standard,71.84,3,6,7.74,Card,No
CUST05883,33,Female,Standard,37.73,50,3,25.35,Cash,No
CUST05884,56,Male,Premium,80.94,12,4,14.89,Bank Transfer,No
CUST05885,21,Female,Basic,39.04,54,1,30.54,Card,No
CUST05886,42,Male,Basic,34.79,65,1,29.84,Bank Transfer,No
CUST05887,49,Male,Standard,39.69,10,5,12.08,Mobile Wallet,Yes
CUST05888,57,Female,Standard,45.08,27,2,42.13,Cash,No
CUST05889,30,Female,Basic,23.65,68,3,25.65,Mobile Wallet,No
CUST05890,62,Female,Premium,70.54,21,4,33.06,Card,Yes
CUST05891,34,Female,Standard,64.65,20,4,5.39,Mobile Wallet,No
CUST05892,66,Female,Basic,41.61,17,0,30.13,Bank Transfer,No
CUST05893,54,Male,Basic,45.51,46,3,14.83,Bank Transfer,No
CUST05894,23,Male,Premium,68.88,34,0,39.14,Mobile Wallet,No
CUST05895,36,Male,Basic,19.96,10,3,27.54,Cash,Yes
CUST05896,30,Female,Basic,39.54,20,4,27.73,Cash,No
CUST05897,43,Female,Basic,24.51,64,5,53.06,Bank Transfer,No
CUST05898,31,Male,Standard,54.22,62,1,20.9,Bank Transfer,No
CUST05899,48,Female,Premium,84.02,39,3,18.71,Mobile Wallet,No
CUST05900,21,Female,Basic,27.75,62,2,18.37,Card,No
CUST05901,56,Female,Basic,36.61,12,3,13.52,Bank Transfer,No
CUST05902,25,Male,Basic,29.74,24,5,11.9,Card,No
CUST05903,42,Female,Standard,50.48,53,3,3.84,Card,No
CUST05904,30,Male,Basic,33.7,33,2,15.29,Mobile Wallet,No
CUST05905,49,Female,Premium,83.41,69,3,12.14,Bank Transfer,No
CUST05906,55,Female,Basic,37.02,46,1,42.75,Card,No
CUST05907,55,Male,Basic,46.49,7,3,34.91,Mobile Wallet,No
CUST05908,45,Female,Basic,32.55,43,4,37.58,Card,No
CUST05909,70,Female,Premium,67.19,7,1,28.11,Bank Transfer,No
CUST05910,47,Female,Standard,48.38,61,3,12.8,Cash,No
CUST05911,20,Male,Premium,90.22,32,2,15.07,Bank Transfer,Yes
CUST05912,45,Female,Basic,26.31,59,3,8.58,Bank Transfer,No
CUST05913,20,Female,Basic,37.68,30,1,18.47,Card,No
CUST05914,62,Female,Standard,67.86,4,2,23.87,Bank Transfer,No
CUST05915,51,Female,Standard,65.51,34,1,39.15,Mobile Wallet,No
CUST05916,33,Female,Standard,41.76,9,3,9.91,Card,No
CUST05917,39,Male,Basic,18.62,60,2,,Card,No
CUST05918,49,Male,Basic,34.53,24,2,24.67,Bank Transfer,No
CUST05919,55,Female,Basic,26.14,55,4,31.41,Cash,No
CUST05920,25,Female,Standard,60.08,29,1,17.57,Mobile Wallet,No
CUST05921,25,Male,Standard,48.66,54,4,23.93,Cash,No
CUST05922,23,Female,Premium,77.2,51,4,18.73,Bank Transfer,Yes
CUST05923,31,Female,Basic,26.34,22,1,39.74,Card,No
CUST05924,49,Female,Premium,57.91,20,1,25.36,Card,Yes
CUST05925,52,Female,Standard,52.94,37,1,32.69,Card,Yes
CUST05926,27,Female,Basic,32.43,51,6,14.04,Bank Transfer,No
CUST05927,20,Female,Premium,95.24,50,3,28.57,Bank Transfer,No
CUST05928,29,Female,Standard,61.7,66,3,37.74,Card,No
CUST05929,66,Female,Standard,61.69,62,3,39.27,Card,No
CUST05930,48,Male,Standard,57.36,44,1,16.52,Bank Transfer,No
CUST05931,46,Male,Standard,55.17,23,2,18.03,Mobile Wallet,No
CUST05932,22,Female,Standard,44.73,11,3,16.92,Card,No
CUST05933,69,Female,Premium,78.59,54,1,7.34,Card,No
CUST05934,42,Female,Standard,53.6,55,3,20.6,Card,No
CUST05935,58,Female,Standard,49.47,61,2,10.61,Bank Transfer,No
CUST05936,48,Male,Standard,34.09,52,3,16.62,Bank Transfer,No
CUST05937,38,Male,Basic,26.72,22,5,24.58,Bank Transfer,No
CUST05938,37,Male,Basic,33.27,3,4,16.14,Mobile Wallet,No
CUST05939,56,Male,Basic,35.95,65,3,20.01,Card,No
CUST05940,39,Female,Standard,55.74,58,4,19.07,Mobile Wallet,No
CUST05941,21,Female,Premium,76.49,43,1,8.14,Bank Transfer,No
CUST05942,30,Female,Standard,61.94,61,6,34.45,Card,No
CUST05943,62,Male,Basic,38.47,53,5,2.62,,No
CUST05944,59,Female,Standard,46.16,33,1,20.25,Cash,No
CUST05945,67,Female,Premium,70.87,25,2,7.92,Card,No
CUST05946,66,Male,Basic,34.0,50,3,17.23,Mobile Wallet,No
CUST05947,37,Male,Premium,80.98,47,4,39.91,Card,No
CUST05948,69,Male,Standard,62.49,58,2,41.81,Card,No
CUST05949,30,Male,Basic,38.38,66,2,7.0,Mobile Wallet,No
CUST05950,34,Male,Basic,22.95,13,0,21.98,Cash,Yes
CUST05951,53,Female,Standard,63.24,42,2,21.41,Card,No
CUST05952,50,Female,Standard,43.67,15,2,37.3,Bank Transfer,Yes
CUST05953,18,Male,Premium,71.29,6,2,5.1,Card,No
CUST05954,32,Female,Standard,50.45,42,3,23.94,Bank Transfer,No
CUST05955,30,Female,Standard,53.9,35,2,15.16,Mobile Wallet,No
CUST05956,34,Female,Basic,40.09,6,5,21.79,Card,Yes
CUST05957,41,Female,Standard,47.43,18,4,19.97,Card,No
CUST05958,25,Male,Basic,24.86,43,3,22.18,Card,No
CUST05959,67,Female,Standard,51.67,20,3,18.95,Mobile Wallet,No
CUST05960,44,Female,Basic,31.16,53,3,63.97,Card,No
CUST05961,62,Female,Basic,15.58,48,5,11.81,Card,No
CUST05962,40,Male,Basic,41.5,27,3,15.63,Mobile Wallet,No
CUST05963,63,Female,Basic,27.77,1,3,5.26,Bank Transfer,Yes
CUST05964,25,Male,Standard,39.86,14,1,11.08,Mobile Wallet,No
CUST05965,25,Male,Basic,34.83,32,2,44.62,Bank Transfer,No
CUST05966,43,Male,Premium,87.81,67,2,12.19,Cash,No
CUST05967,64,Male,Standard,72.75,10,4,28.08,Cash,Yes
CUST05968,30,Female,Standard,41.26,26,4,15.1,Cash,No
CUST05969,56,Male,Standard,27.25,65,0,50.01,Card,No
CUST05970,54,Male,Standard,46.15,50,3,14.07,Card,No
CUST05971,66,Male,Basic,38.57,49,2,35.72,Cash,No
CUST05972,45,Male,Premium,68.17,32,1,15.04,Mobile Wallet,No
CUST05973,42,Male,Standard,51.8,65,3,18.63,Card,No
CUST05974,33,Female,Basic,31.62,26,3,31.98,Mobile Wallet,No
CUST05975,19,Male,Standard,50.62,69,6,17.04,Bank Transfer,No
CUST05976,35,Female,Standard,40.09,26,2,9.85,Card,No
CUST05977,34,Female,Basic,36.63,65,6,29.05,Mobile Wallet,No
CUST05978,47,Male,Premium,73.13,12,2,33.39,Mobile Wallet,Yes
CUST05979,56,Female,Basic,35.18,36,1,25.79,Mobile Wallet,No
CUST05980,30,Female,Standard,42.05,24,2,4.81,Bank Transfer,No
CUST05981,49,Female,Premium,,42,2,31.22,Mobile Wallet,No
CUST05982,67,Male,Basic,35.78,55,3,27.79,Card,No
CUST05983,46,Male,Basic,28.66,55,4,17.83,Card,No
CUST05984,63,Male,Basic,38.12,8,5,8.22,Card,Yes
CUST05985,47,Male,Basic,30.72,61,8,29.4,Bank Transfer,No
CUST05986,35,Male,Basic,37.54,27,3,16.94,Mobile Wallet,No
CUST05987,30,Male,Premium,74.97,63,3,10.57,Cash,No
CUST05988,60,Male,Premium,75.33,32,5,23.35,Cash,Yes
CUST05989,38,Female,Standard,56.51,60,4,22.77,Card,No
CUST05990,47,Female,Standard,55.01,35,2,17.96,Mobile Wallet,No
CUST05991,38,Male,Premium,64.37,16,3,19.44,Card,No
CUST05992,65,Female,Standard,47.81,36,2,12.01,Card,No
CUST05993,34,Male,Basic,18.26,56,1,15.15,Bank Transfer,No
CUST05994,57,Male,Standard,64.22,30,4,6.47,Bank Transfer,No
CUST05995,36,Male,Basic,27.74,32,3,13.62,Cash,No
CUST05996,69,Female,Premium,71.33,21,3,11.51,Mobile Wallet,No
CUST05997,32,Male,Standard,50.72,56,3,49.26,Mobile Wallet,No
CUST05998,26,Male,Standard,34.07,40,1,17.56,Mobile Wallet,No
CUST05999,69,Male,Standard,58.09,54,3,27.59,Bank Transfer,No
CUST06000,27,Male,Standard,65.16,30,1,29.0,Bank Transfer,No
CUST06001,61,Female,Basic,31.3,20,6,19.56,Bank Transfer,Yes
CUST06002,48,Male,Standard,44.96,1,2,19.59,Mobile Wallet,No
CUST06003,70,Female,Premium,95.77,18,2,99.76,Mobile Wallet,No
CUST06004,40,Female,Basic,30.65,57,4,14.4,Bank Transfer,No
CUST06005,69,Male,Premium,65.49,59,5,8.75,Cash,No
CUST06006,47,Male,Standard,64.3,13,1,16.11,Card,No
CUST06007,50,Female,Basic,23.11,32,6,19.95,Card,No
CUST06008,69,Female,Standard,51.59,70,3,14.32,Card,No
CUST06009,26,Female,Premium,80.97,33,2,3.14,Bank Transfer,No
CUST06010,64,Female,Standard,39.01,65,5,37.51,Bank Transfer,No
CUST06011,18,Male,Standard,44.66,3,4,10.67,Mobile Wallet,No
CUST06012,61,Female,Standard,44.12,5,4,15.01,Bank Transfer,No
CUST06013,52,Female,Standard,47.67,12,3,26.16,Card,No
CUST06014,28,Female,Basic,36.14,33,2,11.19,Card,No
CUST06015,51,Female,Basic,27.6,27,4,41.17,Card,No
CUST06016,33,Male,Basic,34.89,13,4,18.21,Card,Yes
CUST06017,26,Male,Basic,18.44,36,2,19.48,Card,No
CUST06018,49,Male,Basic,33.27,58,7,29.75,Mobile Wallet,No
CUST06019,32,Female,Standard,43.45,64,0,8.57,Mobile Wallet,No
CUST06020,29,Female,Standard,50.21,50,1,52.13,Bank Transfer,No
CUST06021,50,Male,Basic,40.03,51,1,15.01,Card,No
CUST06022,62,Male,Basic,34.86,4,1,29.63,Card,No
CUST06023,31,Female,Basic,36.12,44,7,16.36,Bank Transfer,No
CUST06024,25,Male,Standard,44.82,18,0,8.07,,No
CUST06025,25,Female,Basic,25.55,18,3,21.47,Card,No
CUST06026,44,Female,Standard,51.4,6,5,22.08,Card,No
CUST06027,29,Female,Standard,44.66,59,4,40.69,Bank Transfer,No
CUST06028,18,Female,Standard,56.3,63,2,8.88,Cash,No
CUST06029,60,Female,Standard,39.5,43,2,47.45,Bank Transfer,No
CUST06030,57,Female,Basic,26.82,69,3,24.93,Cash,No
CUST06031,59,Male,Basic,22.62,69,4,42.8,Card,No
CUST06032,68,Male,Basic,43.42,9,1,5.48,Card,No
CUST06033,28,Male,Basic,35.89,23,2,18.23,Card,No
CUST06034,56,Female,Basic,,11,0,40.09,Mobile Wallet,No
CUST06035,60,Male,Standard,50.68,61,5,3.71,Mobile Wallet,No
CUST06036,48,Female,Basic,21.89,17,2,17.41,Card,No
CUST06037,34,Female,Premium,78.19,50,0,25.55,Mobile Wallet,No
CUST06038,50,Female,Basic,25.11,53,1,31.02,Mobile Wallet,No
CUST06039,49,Female,Standard,36.06,14,3,42.35,Mobile Wallet,No
CUST06040,46,Male,Standard,52.35,39,1,24.37,Bank Transfer,No
CUST06041,38,Male,Basic,36.09,55,2,18.34,Mobile Wallet,No
CUST06042,38,Male,Basic,27.49,9,3,28.79,Mobile Wallet,No
CUST06043,57,Female,Standard,53.91,63,3,14.02,Cash,No
CUST06044,40,Male,Premium,73.2,27,4,8.46,Card,No
CUST06045,23,Male,Standard,48.85,35,5,20.82,Cash,No
CUST06046,39,Male,Basic,19.06,60,4,32.31,Cash,No
CUST06047,67,Female,Standard,47.86,30,4,57.01,Mobile Wallet,No
CUST06048,55,Male,Basic,25.07,39,4,10.33,Bank Transfer,No
CUST06049,54,Female,Premium,67.49,52,2,10.21,Bank Transfer,No
CUST06050,62,Male,Standard,54.61,58,3,14.34,Bank Transfer,No
CUST06051,68,Female,Basic,41.95,65,2,12.99,Card,No
CUST06052,25,Male,Basic,17.3,29,4,,Card,No
CUST06053,58,Male,Basic,15.0,58,3,36.78,Card,No
CUST06054,66,Male,Premium,63.38,42,2,29.6,Bank Transfer,No
CUST06055,52,Female,Premium,81.7,28,2,15.51,Card,Yes
CUST06056,68,Male,Basic,35.37,10,1,24.82,Card,No
CUST06057,28,Male,Standard,47.49,11,1,35.69,Card,No
CUST06058,41,Female,Premium,74.94,60,3,34.05,Card,No
CUST06059,66,Female,Basic,38.98,30,3,14.19,Bank Transfer,No
CUST06060,38,Female,Basic,23.6,49,3,43.46,Bank Transfer,No
CUST06061,68,Female,Basic,34.41,71,4,16.14,Card,No
CUST06062,19,Male,Basic,22.03,69,2,28.55,Cash,No
CUST06063,57,Male,Basic,28.72,60,1,26.09,Mobile Wallet,No
CUST06064,36,Female,Premium,86.97,28,4,18.19,Bank Transfer,No
CUST06065,56,Male,Standard,55.92,20,3,22.83,Card,Yes
CUST06066,45,Female,Basic,32.97,59,8,47.44,Mobile Wallet,Yes
CUST06067,34,Male,Standard,50.24,12,8,14.7,Bank Transfer,Yes
CUST06068,23,Female,Standard,44.31,5,3,17.62,Card,No
CUST06069,36,Male,Standard,62.78,30,4,20.77,Mobile Wallet,No
CUST06070,55,Female,Basic,32.49,33,2,42.32,Card,No
CUST06071,45,Female,Basic,33.42,10,4,15.99,Card,No
CUST06072,19,Male,Standard,40.05,39,3,31.06,Mobile Wallet,No
CUST06073,55,Male,Basic,34.03,66,4,21.93,Mobile Wallet,No
CUST06074,54,Male,Basic,32.5,60,3,30.57,Bank Transfer,No
CUST06075,68,Female,Standard,30.14,41,1,19.83,Card,No
CUST06076,69,Male,Basic,23.44,69,2,20.18,Cash,No
CUST06077,21,Female,Premium,72.0,37,3,10.93,Mobile Wallet,No
CUST06078,39,Male,Standard,54.26,8,3,14.2,Bank Transfer,No
CUST06079,43,Male,Basic,30.99,57,3,31.15,Bank Transfer,No
CUST06080,66,Female,Basic,25.11,67,4,28.23,Cash,No
CUST06081,60,Female,Standard,48.22,28,0,36.61,Bank Transfer,No
CUST06082,53,Male,Standard,52.75,14,3,18.43,Mobile Wallet,No
CUST06083,30,Female,Standard,52.7,11,0,11.73,Card,No
CUST06084,69,Female,Standard,70.09,29,2,33.77,Cash,No
CUST06085,49,Male,Standard,51.54,54,2,61.62,Mobile Wallet,No
CUST06086,34,Female,Premium,70.97,9,5,25.65,Cash,Yes
CUST06087,58,Male,Standard,57.49,36,2,17.59,Bank Transfer,No
CUST06088,53,Male,Standard,65.91,19,2,30.65,Card,No
CUST06089,63,Female,Standard,36.98,7,5,11.93,Bank Transfer,No
CUST06090,36,Male,Premium,86.27,17,2,33.05,Mobile Wallet,No
CUST06091,52,Female,Standard,50.29,48,3,34.61,Mobile Wallet,No
CUST06092,63,Male,Standard,40.47,51,3,58.62,Cash,No
CUST06093,57,Female,Standard,43.61,71,4,15.67,Mobile Wallet,No
CUST06094,45,Female,Standard,65.92,58,3,17.71,Card,No
CUST06095,18,Female,Basic,35.18,7,4,9.45,Cash,No
CUST06096,59,Female,Standard,54.25,62,3,10.33,Card,No
CUST06097,35,Female,Basic,42.0,67,3,24.51,Mobile Wallet,No
CUST06098,65,Male,Basic,26.39,15,1,35.69,Mobile Wallet,No
CUST06099,57,Male,Premium,76.92,67,3,27.09,Mobile Wallet,No
CUST06100,50,Female,Basic,18.26,53,3,34.84,Bank Transfer,No
CUST06101,29,Male,Basic,31.87,41,3,57.59,Card,No
CUST06102,25,Female,Basic,32.88,17,6,20.77,Card,Yes
CUST06103,41,Female,Basic,42.0,57,1,21.48,Mobile Wallet,No
CUST06104,33,Male,Standard,56.4,44,6,15.39,Bank Transfer,No
CUST06105,67,Male,Basic,26.47,71,3,31.92,Card,No
CUST06106,21,Female,Basic,17.59,64,1,26.46,Card,No
CUST06107,55,Female,Basic,25.97,20,5,5.46,Bank Transfer,No
CUST06108,61,Female,Basic,37.31,1,7,23.33,Card,Yes
CUST06109,44,Female,Basic,27.22,31,2,36.3,Bank Transfer,No
CUST06110,26,Female,Standard,39.37,17,5,31.33,Card,No
CUST06111,64,Female,Basic,31.18,41,9,5.68,Bank Transfer,No
CUST06112,33,Male,Basic,27.66,28,2,55.73,Card,No
CUST06113,29,Female,Premium,47.44,49,2,31.49,Card,Yes
CUST06114,48,Female,Premium,77.9,55,3,29.9,Mobile Wallet,Yes
CUST06115,41,Male,Basic,30.76,8,3,36.78,Card,No
CUST06116,31,Female,Basic,37.18,32,6,23.97,Mobile Wallet,No
CUST06117,62,Female,Standard,63.59,51,3,14.16,Bank Transfer,No
CUST06118,42,Male,Standard,,69,5,48.11,Card,No
CUST06119,51,Female,Premium,60.05,38,4,19.74,Card,No
CUST06120,20,Male,Standard,46.59,19,1,36.26,Cash,No
CUST06121,41,Female,Standard,35.03,6,6,38.83,Mobile Wallet,No
CUST06122,59,Male,Premium,106.25,45,2,43.76,Bank Transfer,Yes
CUST06123,26,Male,Standard,42.21,70,2,41.27,Mobile Wallet,No
CUST06124,43,Male,Basic,32.72,16,3,8.33,Mobile Wallet,No
CUST06125,37,Female,Standard,48.48,54,1,17.25,Cash,No
CUST06126,57,Female,Basic,33.55,32,3,33.77,Bank Transfer,No
CUST06127,27,Male,Basic,31.14,29,7,21.91,Card,No
CUST06128,36,Male,Standard,47.66,52,4,5.39,Cash,No
CUST06129,20,Female,Basic,25.55,69,1,5.93,Mobile Wallet,No
CUST06130,41,Female,Basic,37.64,29,4,16.26,Card,No
CUST06131,22,Female,Premium,110.54,3,3,28.53,Cash,Yes
CUST06132,20,Female,Standard,58.78,51,1,,Card,No
CUST06133,44,Female,Basic,26.45,68,2,,Mobile Wallet,No
CUST06134,33,Male,Basic,23.02,44,2,14.85,Bank Transfer,No
CUST06135,66,Female,Basic,35.01,25,4,30.76,Card,No
CUST06136,32,Male,Basic,26.49,22,3,28.79,Card,No
CUST06137,52,Female,Premium,87.01,42,2,17.32,Card,No
CUST06138,29,Male,Basic,20.27,8,1,30.35,Cash,No
CUST06139,58,Male,Standard,40.16,44,5,9.14,Mobile Wallet,No
CUST06140,70,Female,Basic,42.11,53,3,48.31,Bank Transfer,Yes
CUST06141,61,Male,Premium,79.98,67,3,40.77,Bank Transfer,No
CUST06142,43,Male,Standard,52.19,27,2,24.42,Card,No
CUST06143,64,Male,Premium,83.73,11,6,21.61,Mobile Wallet,No
CUST06144,51,Male,Standard,32.32,27,2,16.64,Cash,No
CUST06145,40,Female,Premium,59.63,7,3,35.14,Mobile Wallet,No
CUST06146,48,Male,Premium,73.9,57,4,14.1,Mobile Wallet,No
CUST06147,67,Female,Standard,53.12,39,2,37.28,Card,No
CUST06148,37,Male,Basic,30.15,51,3,13.69,Mobile Wallet,No
CUST06149,29,Female,Basic,32.68,21,5,13.96,Card,No
CUST06150,40,Female,Basic,25.11,57,8,37.99,Card,No
CUST06151,21,Female,Basic,20.87,51,3,23.91,Bank Transfer,No
CUST06152,40,Male,Standard,31.03,17,4,46.68,Card,No
CUST06153,65,Female,Standard,54.6,31,4,18.82,Card,No
CUST06154,65,Female,Standard,55.62,14,3,23.23,,No
CUST06155,18,Male,Basic,38.63,2,5,12.89,Bank Transfer,Yes
CUST06156,42,Female,Basic,45.69,26,3,30.25,Bank Transfer,No
CUST06157,19,Male,Basic,32.29,22,1,43.61,Cash,No
CUST06158,47,Male,Standard,58.87,28,2,8.87,Card,No
CUST06159,20,Female,Standard,46.6,6,2,16.17,Mobile Wallet,No
CUST06160,38,Male,Basic,35.12,19,2,21.04,Bank Transfer,No
CUST06161,42,Male,Standard,64.75,56,4,33.76,Bank Transfer,No
CUST06162,37,Male,Standard,37.13,21,3,38.59,Card,No
CUST06163,66,Female,Premium,79.86,42,2,30.69,Mobile Wallet,No
CUST06164,69,Male,Basic,38.56,20,6,10.32,Mobile Wallet,No
CUST06165,39,Male,Standard,49.93,44,5,25.24,Mobile Wallet,No
CUST06166,38,Male,Basic,39.97,31,1,9.44,Card,No
CUST06167,50,Female,Basic,30.14,9,3,59.05,Mobile Wallet,No
CUST06168,69,Male,Standard,50.62,50,4,8.5,Bank Transfer,No
CUST06169,55,Female,Standard,35.37,32,1,42.87,Mobile Wallet,No
CUST06170,32,Male,Basic,44.37,40,5,15.39,Bank Transfer,No
CUST06171,63,Female,Basic,34.62,52,3,4.25,Card,No
CUST06172,69,Female,Standard,33.23,69,4,14.66,Card,No
CUST06173,32,Female,Standard,51.31,27,4,50.27,Mobile Wallet,No
CUST06174,63,Male,Standard,58.4,2,1,13.28,Card,No
CUST06175,42,Male,Premium,81.92,1,0,19.9,Mobile Wallet,No
CUST06176,38,Male,Standard,60.51,8,2,8.56,Card,No
CUST06177,41,Female,Standard,44.39,10,4,34.45,Bank Transfer,No
CUST06178,22,Male,Standard,71.78,69,3,16.89,Mobile Wallet,No
CUST06179,23,Male,Premium,73.74,66,3,36.65,Card,No
CUST06180,66,Female,Standard,42.87,41,1,22.72,Bank Transfer,No
CUST06181,60,Male,Basic,24.61,48,1,34.78,Card,No
CUST06182,65,Male,Basic,30.25,48,5,19.24,Bank Transfer,No
CUST06183,61,Female,Premium,84.88,33,5,19.17,Mobile Wallet,No
CUST06184,64,Female,Basic,23.13,69,2,34.05,Mobile Wallet,No
CUST06185,40,Male,Standard,40.47,51,5,6.37,Cash,No
CUST06186,21,Female,Premium,79.54,64,0,22.75,Bank Transfer,No
CUST06187,44,Male,Standard,35.62,23,4,17.41,Card,No
CUST06188,35,Male,Standard,37.87,52,2,13.42,Bank Transfer,No
CUST06189,38,Male,Basic,27.74,43,4,31.62,Mobile Wallet,No
CUST06190,45,Male,Standard,63.18,10,7,45.83,Card,No
CUST06191,52,Male,Basic,24.81,1,5,28.04,Mobile Wallet,Yes
CUST06192,39,Female,Premium,75.88,16,3,11.78,Card,Yes
CUST06193,57,Female,Standard,51.65,19,5,15.85,Card,No
CUST06194,40,Male,Standard,32.6,5,3,17.03,Mobile Wallet,No
CUST06195,20,Female,Standard,44.2,55,4,25.05,Mobile Wallet,No
CUST06196,57,Female,Basic,28.35,62,6,23.51,Cash,No
CUST06197,67,Male,Basic,31.23,5,2,25.73,Bank Transfer,No
CUST06198,27,Female,Basic,38.21,7,3,27.19,Cash,Yes
CUST06199,42,Female,Standard,57.01,33,8,26.6,Mobile Wallet,No
CUST06200,69,Male,Standard,52.27,6,3,34.07,Card,Yes
CUST06201,66,Male,Standard,24.86,6,6,18.58,Card,No
CUST06202,25,Male,Standard,53.36,51,6,21.96,Mobile Wallet,No
CUST06203,28,Male,Premium,77.55,12,4,8.2,Cash,Yes
CUST06204,22,Male,Basic,33.64,4,5,5.91,Cash,No
CUST06205,62,Male,Standard,46.28,1,1,24.8,Mobile Wallet,No
CUST06206,70,Male,Basic,16.39,52,2,53.85,Bank Transfer,No
CUST06207,54,Female,Standard,35.3,53,5,16.58,Mobile Wallet,No
CUST06208,62,Male,Basic,32.66,14,2,7.53,Card,No
CUST06209,55,Female,Standard,37.62,21,4,20.8,,No
CUST06210,46,Female,Basic,39.02,31,5,11.3,Bank Transfer,No
CUST06211,22,Male,Basic,36.91,41,4,21.08,Card,No
CUST06212,26,Female,Premium,62.49,57,3,21.9,Bank Transfer,No
CUST06213,65,Female,Basic,15.51,7,3,17.49,Bank Transfer,No
CUST06214,19,Female,Standard,53.97,61,1,16.78,Bank Transfer,No
CUST06215,18,Male,Standard,55.27,15,3,3.14,Card,No
CUST06216,57,Female,Standard,44.78,9,3,12.91,Bank Transfer,Yes
CUST06217,68,Female,Standard,56.69,60,1,24.72,Mobile Wallet,No
CUST06218,47,Male,Standard,53.82,56,4,13.34,Cash,No
CUST06219,28,Female,Basic,29.34,15,1,43.7,Card,No
CUST06220,45,Female,Basic,31.81,7,2,36.76,Mobile Wallet,No
CUST06221,61,Female,Standard,48.51,24,6,18.29,Mobile Wallet,Yes
CUST06222,29,Female,Standard,54.63,57,2,14.8,Mobile Wallet,Yes
CUST06223,56,Female,Premium,62.23,64,4,34.38,Bank Transfer,No
CUST06224,43,Male,Standard,47.6,25,4,14.03,Mobile Wallet,No
CUST06225,30,Female,Standard,65.56,72,3,31.12,Card,No
CUST06226,25,Male,Premium,84.76,34,4,20.16,Bank Transfer,No
CUST06227,45,Female,Standard,50.41,54,3,20.99,Bank Transfer,No
CUST06228,47,Male,Standard,38.81,34,2,16.82,Card,No
CUST06229,26,Male,Standard,51.21,28,4,38.43,Cash,No
CUST06230,56,Male,Standard,41.47,1,2,40.39,Bank Transfer,No
CUST06231,48,Female,Standard,33.47,37,4,46.61,Card,No
CUST06232,38,Female,Basic,16.7,30,4,50.1,Bank Transfer,No
CUST06233,64,Female,Standard,46.55,25,1,48.59,Card,No
CUST06234,51,Female,Basic,26.19,60,1,20.64,Mobile Wallet,No
CUST06235,48,Female,Basic,22.85,2,4,50.74,Mobile Wallet,No
CUST06236,69,Male,Standard,56.69,28,3,21.27,Mobile Wallet,No
CUST06237,42,Male,Basic,41.34,48,7,19.94,Cash,No
CUST06238,29,Male,Standard,49.26,28,4,12.84,Card,No
CUST06239,18,Female,Premium,78.52,24,2,28.87,Bank Transfer,Yes
CUST06240,39,Female,Premium,59.24,72,0,24.38,Cash,No
CUST06241,57,Male,Standard,53.56,18,3,10.06,Card,No
CUST06242,54,Female,Standard,55.09,20,2,14.07,Bank Transfer,No
CUST06243,64,Female,Standard,49.32,68,2,22.17,Bank Transfer,No
CUST06244,18,Male,Standard,47.18,8,4,8.96,Mobile Wallet,No
CUST06245,18,Male,Basic,38.54,56,2,4.32,Bank Transfer,No
CUST06246,59,Female,Basic,36.03,61,3,33.44,Card,No
CUST06247,59,Female,Standard,42.77,39,2,53.4,Cash,No
CUST06248,38,Male,Basic,26.79,18,4,15.05,Card,No
CUST06249,32,Female,Basic,33.07,59,2,46.29,Card,Yes
CUST06250,34,Male,Standard,51.37,18,4,56.64,Mobile Wallet,No
CUST06251,39,Male,Basic,27.21,42,2,45.34,Bank Transfer,No
CUST06252,55,Male,Basic,35.68,53,7,16.64,Mobile Wallet,No
CUST06253,52,Female,Basic,45.41,33,0,6.25,Bank Transfer,No
CUST06254,62,Male,Standard,39.5,21,2,17.89,Card,No
CUST06255,33,Male,Standard,81.18,71,3,24.64,Mobile Wallet,No
CUST06256,25,Female,Standard,29.71,60,0,14.19,Bank Transfer,No
CUST06257,64,Male,Basic,35.93,14,2,21.32,Card,Yes
CUST06258,34,Female,Standard,59.96,33,2,14.76,Bank Transfer,No
CUST06259,34,Female,Standard,45.59,4,1,5.86,Card,No
CUST06260,43,Female,Standard,53.32,43,1,19.13,Mobile Wallet,No
CUST06261,30,Male,Standard,56.1,2,2,38.97,Cash,Yes
CUST06262,34,Male,Standard,51.36,40,2,29.76,Bank Transfer,Yes
CUST06263,55,Female,Standard,32.34,50,2,21.7,Mobile Wallet,No
CUST06264,34,Female,Standard,54.07,63,3,22.24,Bank Transfer,Yes
CUST06265,65,Female,Basic,33.32,49,2,10.35,Mobile Wallet,No
CUST06266,31,Male,Standard,70.64,64,7,24.22,Cash,No
CUST06267,62,Female,Standard,36.21,50,4,21.46,Mobile Wallet,No
CUST06268,23,Female,Standard,48.28,10,3,14.28,Card,No
CUST06269,52,Female,Standard,49.72,23,1,8.16,Mobile Wallet,No
CUST06270,63,Male,Premium,78.7,37,5,13.04,Card,No
CUST06271,31,Female,Premium,74.64,72,3,27.37,Card,No
CUST06272,64,Male,Standard,61.02,10,6,45.51,Card,No
CUST06273,25,Male,Standard,59.97,25,3,36.78,Mobile Wallet,Yes
CUST06274,32,Female,Basic,26.13,33,1,25.0,Mobile Wallet,No
CUST06275,44,Female,Standard,45.75,17,4,23.89,Card,No
CUST06276,30,Female,Standard,47.84,24,4,40.91,Mobile Wallet,Yes
CUST06277,66,Male,Basic,33.29,49,4,18.85,Mobile Wallet,No
CUST06278,48,Male,Basic,43.18,30,1,26.27,Bank Transfer,No
CUST06279,70,Male,Basic,37.0,65,7,13.35,Card,No
CUST06280,52,Female,Basic,26.83,28,2,9.87,Mobile Wallet,No
CUST06281,23,Male,Basic,27.54,13,3,13.1,Mobile Wallet,Yes
CUST06282,22,Female,Basic,29.47,57,3,15.09,Card,No
CUST06283,39,Female,Standard,39.95,60,1,4.91,Mobile Wallet,No
CUST06284,66,Female,Basic,32.59,10,2,10.39,Card,No
CUST06285,40,Male,Standard,63.14,65,1,2.71,Bank Transfer,No
CUST06286,42,Male,Premium,90.54,7,4,16.38,Bank Transfer,Yes
CUST06287,51,Male,Basic,30.29,60,4,16.97,Card,No
CUST06288,43,Female,Premium,79.17,63,2,24.32,Card,No
CUST06289,64,Male,Standard,41.29,26,4,22.74,Cash,No
CUST06290,22,Male,Basic,21.74,71,0,32.99,Mobile Wallet,No
CUST06291,43,Female,Basic,37.56,38,1,40.92,Bank Transfer,No
CUST06292,37,Female,Basic,25.47,54,5,29.2,Bank Transfer,No
CUST06293,23,Male,Basic,23.02,45,3,23.6,Cash,No
CUST06294,23,Female,Basic,38.15,58,5,37.16,Mobile Wallet,No
CUST06295,67,Male,Basic,24.32,41,2,16.66,Mobile Wallet,No
CUST06296,35,Female,Basic,29.87,45,3,26.56,Bank Transfer,No
CUST06297,21,Female,Standard,45.88,34,4,27.98,Mobile Wallet,No
CUST06298,34,Male,Basic,35.3,58,3,25.53,Card,No
CUST06299,31,Female,Standard,32.83,10,3,19.39,Bank Transfer,No
CUST06300,31,Female,Basic,36.38,17,3,44.48,Mobile Wallet,No
CUST06301,30,Female,Standard,50.34,61,2,15.28,Bank Transfer,No
CUST06302,24,Male,Basic,31.69,11,3,12.16,Bank Transfer,No
CUST06303,61,Female,Standard,51.91,17,2,14.82,Card,No
CUST06304,32,Female,Basic,24.76,15,4,9.13,Bank Transfer,No
CUST06305,36,Male,Standard,68.02,4,2,12.99,Card,No
CUST06306,60,Male,Basic,29.39,53,6,2.57,Cash,No
CUST06307,64,Female,Standard,53.61,47,2,22.75,Mobile Wallet,No
CUST06308,61,Female,Basic,38.26,46,4,12.28,Mobile Wallet,No
CUST06309,52,Female,Standard,50.55,29,1,44.46,Card,No
CUST06310,34,Male,Basic,25.2,31,5,4.98,Bank Transfer,No
CUST06311,52,Female,Standard,51.54,48,2,36.03,Bank Transfer,No
CUST06312,36,Male,Basic,33.83,56,0,26.47,Card,No
CUST06313,37,Male,Basic,34.6,65,2,58.29,Mobile Wallet,No
CUST06314,53,Female,Standard,50.92,3,3,26.21,Bank Transfer,Yes
CUST06315,52,Female,Premium,91.62,4,1,12.42,Mobile Wallet,Yes
CUST06316,49,Male,Standard,45.99,19,1,36.36,Bank Transfer,No
CUST06317,65,Female,Standard,50.11,41,1,11.85,Bank Transfer,No
CUST06318,61,Female,Standard,71.77,22,4,12.94,Card,No
CUST06319,57,Male,Standard,50.55,72,4,25.93,Bank Transfer,No
CUST06320,41,Female,Basic,22.36,25,5,16.01,Cash,No
CUST06321,34,Male,Basic,18.27,4,5,20.98,Card,No
CUST06322,24,Female,Premium,99.2,53,2,18.02,Mobile Wallet,No
CUST06323,60,Male,Standard,48.01,51,4,13.35,Mobile Wallet,Yes
CUST06324,67,Male,Standard,48.46,5,7,19.58,Card,No
CUST06325,18,Female,Standard,70.14,50,2,11.1,Card,No
CUST06326,52,Male,Standard,68.83,50,0,17.42,Cash,No
CUST06327,49,Male,Standard,35.46,59,1,33.48,Card,No
CUST06328,53,Female,Standard,39.94,21,5,16.43,Card,No
CUST06329,30,Female,Basic,38.71,23,5,13.08,Cash,No
CUST06330,23,Female,Standard,44.78,3,3,8.23,Card,No
CUST06331,31,Male,Standard,56.48,50,0,19.41,Card,No
CUST06332,54,Male,Premium,99.38,54,3,21.08,Cash,No
CUST06333,65,Male,Standard,39.29,16,3,15.94,,No
CUST06334,32,Female,Standard,63.04,6,0,12.27,Mobile Wallet,No
CUST06335,64,Male,Basic,34.44,41,6,15.42,,Yes
CUST06336,21,Male,Basic,30.61,54,2,27.72,Card,No
CUST06337,57,Female,Premium,70.63,10,5,53.46,Bank Transfer,Yes
CUST06338,33,Male,Standard,38.89,29,4,11.33,Bank Transfer,Yes
CUST06339,45,Female,Basic,18.48,59,6,28.96,Card,No
CUST06340,33,Female,Standard,40.49,46,1,13.86,Cash,No
CUST06341,21,Female,Basic,37.03,12,4,24.15,Cash,No
CUST06342,62,Male,Standard,56.89,29,4,15.05,Card,No
CUST06343,43,Male,Basic,28.95,72,1,17.0,Card,No
CUST06344,45,Male,Standard,47.07,49,3,16.64,Card,No
CUST06345,49,Female,Standard,47.35,40,2,3.26,Card,No
CUST06346,62,Female,Basic,24.88,43,3,4.36,Bank Transfer,No
CUST06347,19,Female,Premium,62.37,7,1,15.44,Cash,No
CUST06348,48,Male,Premium,107.68,12,1,12.64,Bank Transfer,Yes
CUST06349,20,Male,Basic,28.45,13,1,20.83,Card,No
CUST06350,25,Male,Premium,86.62,61,2,14.15,Card,No
CUST06351,41,Male,Standard,38.43,47,0,19.46,Bank Transfer,No
CUST06352,32,Male,Standard,48.79,19,2,12.68,Mobile Wallet,Yes
CUST06353,60,Female,Premium,75.34,3,5,28.73,Card,No
CUST06354,48,Male,Standard,64.27,72,1,30.67,Card,No
CUST06355,26,Female,Standard,72.61,40,2,22.47,Mobile Wallet,No
CUST06356,56,Female,Premium,68.45,12,2,33.99,Card,No
CUST06357,62,Male,Standard,59.73,31,3,58.53,Card,No
CUST06358,19,Female,Standard,49.57,35,0,23.74,Mobile Wallet,No
CUST06359,25,Male,Basic,26.45,66,2,8.79,Card,No
CUST06360,24,Male,Standard,30.73,27,4,23.47,Card,No
CUST06361,61,Female,Standard,51.82,3,2,13.61,Card,No
CUST06362,68,Male,Standard,46.99,48,6,35.01,Mobile Wallet,No
CUST06363,56,Male,Standard,52.24,21,2,12.13,Cash,No
CUST06364,59,Female,Basic,27.66,52,2,5.17,Cash,No
CUST06365,33,Female,Basic,26.07,7,1,15.71,Card,No
CUST06366,52,Female,Standard,38.41,51,1,15.4,Cash,No
CUST06367,47,Female,Standard,65.32,45,3,30.27,Bank Transfer,No
CUST06368,27,Female,Standard,69.35,46,1,97.3,Bank Transfer,Yes
CUST06369,55,Female,Standard,34.28,33,2,27.51,Bank Transfer,No
CUST06370,35,Male,Premium,68.61,36,4,15.02,Cash,No
CUST06371,67,Male,Basic,29.09,17,2,11.28,Card,No
CUST06372,22,Male,Premium,68.27,6,5,37.5,Bank Transfer,Yes
CUST06373,70,Female,Basic,27.25,21,4,13.99,Bank Transfer,No
CUST06374,46,Male,Standard,48.84,38,4,24.35,Bank Transfer,Yes
CUST06375,56,Female,Standard,44.96,34,1,11.98,Bank Transfer,No
CUST06376,51,Male,Standard,52.45,49,3,15.86,,Yes
CUST06377,60,Female,Basic,26.23,61,1,16.46,Card,No
CUST06378,62,Male,Basic,21.97,58,4,19.96,Card,No
CUST06379,40,Female,Standard,62.2,12,8,4.31,Card,Yes
CUST06380,22,Female,Standard,46.51,18,3,34.97,Cash,No
CUST06381,47,Female,Premium,81.57,62,3,43.12,Cash,No
CUST06382,23,Female,Basic,19.15,6,2,30.12,Cash,No
CUST06383,63,Male,Premium,67.15,48,4,16.99,Card,No
CUST06384,61,Male,Basic,27.16,11,4,36.85,Bank Transfer,Yes
CUST06385,21,Female,Basic,35.69,33,2,20.35,,No
CUST06386,46,Female,Basic,33.09,21,1,41.5,Card,No
CUST06387,40,Female,Premium,87.51,24,1,23.73,Card,No
CUST06388,23,Male,Standard,38.65,55,2,18.59,Card,No
CUST06389,49,Female,Basic,30.08,49,4,18.13,Card,No
CUST06390,59,Female,Basic,15.0,9,2,12.14,Card,No
CUST06391,35,Male,Basic,39.69,38,2,59.18,Cash,No
CUST06392,32,Female,Standard,53.54,5,3,35.51,Bank Transfer,No
CUST06393,57,Female,Basic,46.17,41,2,16.58,Mobile Wallet,No
CUST06394,49,Male,Standard,,34,3,18.73,Bank Transfer,No
CUST06395,26,Female,Standard,36.53,63,5,37.53,Mobile Wallet,No
CUST06396,54,Female,Premium,83.37,17,2,16.87,Card,No
CUST06397,27,Male,Standard,41.61,53,3,4.61,Bank Transfer,No
CUST06398,37,Female,Basic,20.4,36,3,25.27,Cash,No
CUST06399,23,Male,Premium,,36,1,14.6,Cash,No
CUST06400,65,Female,Standard,43.77,13,5,16.25,Card,Yes
CUST06401,20,Female,Standard,54.99,20,3,21.98,Bank Transfer,No
CUST06402,59,Female,Premium,80.03,51,3,18.2,Bank Transfer,No
CUST06403,28,Female,Basic,32.33,16,3,33.76,Card,No
CUST06404,60,Female,Standard,51.75,6,6,25.18,Cash,Yes
CUST06405,34,Male,Basic,33.51,10,2,28.99,Mobile Wallet,No
CUST06406,49,Female,Basic,23.72,31,2,19.69,Cash,Yes
CUST06407,21,Female,Basic,35.12,18,2,35.94,Bank Transfer,No
CUST06408,21,Male,Basic,29.07,41,2,11.04,Card,Yes
CUST06409,34,Male,Standard,48.24,47,3,11.05,Card,No
CUST06410,58,Female,Premium,84.86,24,4,8.08,Cash,No
CUST06411,36,Male,Standard,64.99,40,3,19.33,Mobile Wallet,No
CUST06412,22,Female,Standard,48.22,45,1,17.23,Card,No
CUST06413,49,Male,Standard,54.88,1,2,14.31,Bank Transfer,Yes
CUST06414,39,Male,Premium,75.16,27,2,8.21,Bank Transfer,Yes
CUST06415,23,Female,Premium,81.83,22,2,34.86,Cash,Yes
CUST06416,52,Male,Premium,66.5,28,3,21.71,Card,No
CUST06417,39,Female,Premium,83.64,48,2,24.89,Card,No
CUST06418,18,Male,Basic,20.48,35,3,22.71,Cash,No
CUST06419,37,Male,Standard,55.21,3,4,15.76,Mobile Wallet,Yes
CUST06420,39,Male,Standard,19.74,38,1,,Mobile Wallet,No
CUST06421,65,Female,Standard,40.35,44,4,22.89,Cash,No
CUST06422,28,Female,Standard,32.39,5,1,10.86,Card,No
CUST06423,30,Male,Basic,15.0,7,3,43.11,Card,Yes
CUST06424,59,Female,Basic,23.24,42,4,17.31,Card,No
CUST06425,20,Female,Premium,78.25,57,2,9.84,Cash,No
CUST06426,26,Female,Standard,55.17,29,3,11.03,Card,Yes
CUST06427,29,Male,Basic,31.53,63,5,13.18,Bank Transfer,No
CUST06428,40,Female,Basic,42.88,36,3,13.11,Mobile Wallet,No
CUST06429,31,Male,Standard,56.2,40,1,19.04,Card,No
CUST06430,50,Male,Standard,64.47,21,2,27.78,Mobile Wallet,No
CUST06431,35,Male,Standard,58.38,53,4,12.38,Mobile Wallet,No
CUST06432,66,Male,Basic,30.66,16,4,43.59,Mobile Wallet,Yes
CUST06433,58,Male,Basic,18.63,46,2,21.87,Bank Transfer,Yes
CUST06434,26,Female,Standard,63.5,9,4,15.86,Card,No
CUST06435,40,Female,Standard,48.76,3,3,50.38,Mobile Wallet,No
CUST06436,27,Male,Basic,26.43,23,2,34.72,Mobile Wallet,No
CUST06437,36,Female,Basic,33.45,13,3,5.57,Card,No
CUST06438,64,Female,Standard,38.5,38,3,25.05,Bank Transfer,Yes
CUST06439,22,Female,Standard,54.02,34,1,35.75,Cash,No
CUST06440,64,Female,Basic,35.21,26,5,7.98,Cash,No
CUST06441,69,Female,Standard,59.92,32,4,3.63,Bank Transfer,Yes
CUST06442,40,Female,Premium,,20,2,22.67,Card,No
CUST06443,47,Female,Premium,71.18,46,4,10.3,Bank Transfer,Yes
CUST06444,42,Male,Standard,39.82,55,6,25.4,Card,No
CUST06445,45,Male,Standard,51.39,9,4,13.24,Card,No
CUST06446,51,Male,Basic,32.34,51,2,21.76,Card,No
CUST06447,62,Female,Standard,41.62,57,5,1.45,Mobile Wallet,No
CUST06448,65,Female,Standard,52.25,45,3,23.1,Cash,No
CUST06449,64,Male,Standard,39.1,38,1,10.43,Cash,No
CUST06450,42,Female,Standard,49.16,68,6,26.7,Cash,No
CUST06451,27,Female,Standard,51.38,12,4,36.67,Card,No
CUST06452,31,Male,Premium,78.5,10,3,25.16,Card,No
CUST06453,59,Male,Basic,32.28,65,1,15.99,Mobile Wallet,No
CUST06454,63,Male,Basic,30.82,12,1,31.28,Cash,No
CUST06455,47,Female,Standard,46.81,52,4,39.92,Mobile Wallet,No
CUST06456,58,Female,Basic,30.01,51,4,18.81,Mobile Wallet,No
CUST06457,42,Female,Standard,57.97,64,4,39.53,Bank Transfer,No
CUST06458,31,Male,Basic,39.97,57,2,15.45,Bank Transfer,No
CUST06459,52,Male,Standard,50.13,19,1,16.67,Card,No
CUST06460,69,Female,Standard,43.13,30,5,50.98,Mobile Wallet,No
CUST06461,65,Male,Basic,33.94,24,1,,Bank Transfer,No
CUST06462,51,Male,Basic,15.58,26,1,12.59,Cash,No
CUST06463,27,Female,Basic,23.88,36,4,12.08,Bank Transfer,No
CUST06464,52,Male,Standard,52.89,56,2,24.74,Bank Transfer,No
CUST06465,28,Male,Standard,51.4,58,1,18.46,Card,Yes
CUST06466,28,Male,Standard,50.34,32,3,42.71,Cash,No
CUST06467,38,Female,Standard,31.85,2,5,64.52,Card,No
CUST06468,38,Female,Standard,52.38,49,0,40.73,Mobile Wallet,No
CUST06469,39,Male,Basic,16.27,46,6,14.96,Mobile Wallet,No
CUST06470,62,Female,Standard,60.22,55,4,29.81,Mobile Wallet,No
CUST06471,24,Female,Basic,30.27,12,3,22.77,Card,No
CUST06472,34,Female,Premium,81.36,63,3,36.42,Card,No
CUST06473,19,Male,Standard,44.19,35,5,20.17,Card,No
CUST06474,29,Female,Standard,53.08,22,2,12.84,Card,No
CUST06475,59,Male,Standard,37.95,10,6,18.46,Mobile Wallet,Yes
CUST06476,35,Male,Premium,55.28,50,5,17.67,Card,No
CUST06477,28,Female,Premium,95.39,35,1,30.2,Bank Transfer,No
CUST06478,33,Male,Standard,58.76,16,2,40.96,Bank Transfer,No
CUST06479,66,Female,Basic,40.48,36,3,5.06,Mobile Wallet,Yes
CUST06480,68,Female,Premium,87.82,61,4,18.48,Cash,No
CUST06481,35,Male,Basic,33.87,17,4,18.4,Cash,Yes
CUST06482,52,Male,Premium,68.13,1,2,14.61,Bank Transfer,Yes
CUST06483,70,Female,Standard,54.23,12,6,6.95,Bank Transfer,No
CUST06484,43,Female,Premium,82.08,3,6,35.2,Bank Transfer,Yes
CUST06485,33,Female,Premium,60.21,19,4,45.22,Cash,No
CUST06486,23,Female,Basic,35.07,22,4,8.87,Bank Transfer,No
CUST06487,61,Male,Standard,51.3,1,1,30.08,Cash,Yes
CUST06488,60,Male,Basic,30.1,53,5,27.07,Bank Transfer,No
CUST06489,64,Male,Basic,33.83,44,6,15.42,Bank Transfer,No
CUST06490,64,Female,Standard,40.74,10,2,52.95,Card,No
CUST06491,65,Male,Basic,34.81,8,1,44.01,Card,Yes
CUST06492,59,Male,Standard,50.58,17,3,12.99,Card,No
CUST06493,29,Male,Premium,56.88,70,4,28.07,Card,No
CUST06494,30,Male,Standard,56.34,7,5,44.96,Bank Transfer,Yes
CUST06495,21,Female,Basic,15.48,63,2,35.07,Mobile Wallet,No
CUST06496,56,Male,Premium,73.86,37,1,42.77,Mobile Wallet,No
CUST06497,19,Male,Premium,67.37,68,2,21.11,Mobile Wallet,Yes
CUST06498,43,Male,Standard,61.94,64,6,22.56,Card,No
CUST06499,44,Male,Standard,51.45,7,2,17.13,Cash,No
CUST06500,44,Female,Premium,59.65,16,1,33.22,Card,No
CUST06501,32,Female,Basic,36.71,14,1,16.31,Card,No
CUST06502,25,Male,Premium,89.58,36,5,20.83,Cash,No
CUST06503,24,Female,Premium,84.64,11,0,32.73,Card,Yes
CUST06504,64,Female,Premium,62.45,1,2,33.71,Cash,No
CUST06505,63,Female,Basic,45.34,9,2,37.61,Cash,No
CUST06506,57,Female,Premium,91.68,25,2,34.38,Mobile Wallet,Yes
CUST06507,29,Male,Standard,44.77,15,0,11.06,Card,No
CUST06508,30,Female,Standard,38.82,58,2,16.17,Card,No
CUST06509,60,Female,Premium,77.01,24,2,27.42,Bank Transfer,No
CUST06510,34,Male,Basic,39.17,72,1,34.0,Bank Transfer,No
CUST06511,34,Male,Standard,74.77,71,4,3.75,Bank Transfer,No
CUST06512,53,Male,Premium,92.35,46,4,9.92,Cash,Yes
CUST06513,38,Male,Premium,60.62,18,2,45.91,Bank Transfer,Yes
CUST06514,25,Female,Premium,79.74,67,3,37.8,Cash,No
CUST06515,22,Male,Basic,30.65,63,6,26.13,Mobile Wallet,No
CUST06516,43,Female,Standard,76.87,24,4,24.55,Card,No
CUST06517,33,Female,Basic,29.59,31,5,1.48,Mobile Wallet,No
CUST06518,53,Male,Standard,45.75,38,1,2.99,Cash,No
CUST06519,45,Male,Basic,26.7,43,4,33.14,Mobile Wallet,No
CUST06520,46,Female,Standard,58.22,8,3,15.29,Card,No
CUST06521,64,Female,Standard,48.12,72,0,7.7,Mobile Wallet,No
CUST06522,29,Male,Premium,84.86,5,2,39.25,Card,Yes
CUST06523,54,Male,Standard,44.97,27,2,21.67,Mobile Wallet,No
CUST06524,47,Male,Standard,72.0,63,6,37.09,Card,No
CUST06525,40,Female,Standard,45.88,65,2,21.23,Cash,No
CUST06526,33,Female,Standard,57.0,63,3,29.31,Mobile Wallet,No
CUST06527,31,Male,Standard,54.62,5,5,13.13,Mobile Wallet,Yes
CUST06528,27,Female,Basic,35.71,67,2,16.97,Card,No
CUST06529,24,Male,Standard,72.13,52,3,12.51,Cash,No
CUST06530,62,Female,Premium,68.49,4,4,3.04,Card,No
CUST06531,69,Female,Basic,32.87,51,3,14.06,Card,No
CUST06532,54,Male,Basic,37.31,43,2,7.13,Bank Transfer,No
CUST06533,46,Male,Standard,42.75,55,3,14.94,Cash,No
CUST06534,20,Male,Premium,79.27,41,5,24.79,Cash,Yes
CUST06535,32,Female,Basic,26.21,31,2,8.18,Bank Transfer,No
CUST06536,53,Female,Premium,84.51,35,3,23.64,Cash,No
CUST06537,64,Male,Premium,70.44,57,2,16.53,Cash,No
CUST06538,63,Female,Basic,42.67,24,5,24.61,Mobile Wallet,No
CUST06539,69,Male,Basic,33.12,53,3,39.81,,No
CUST06540,36,Female,Standard,44.35,30,2,23.22,Bank Transfer,No
CUST06541,30,Male,Premium,73.59,7,2,34.26,Card,Yes
CUST06542,59,Female,Standard,38.01,9,3,11.76,Card,No
CUST06543,38,Female,Standard,59.35,21,4,12.26,Card,Yes
CUST06544,54,Female,Basic,22.19,30,3,39.8,Mobile Wallet,No
CUST06545,44,Female,Standard,53.95,22,1,47.84,Card,No
CUST06546,69,Male,Standard,50.65,47,4,30.12,Bank Transfer,No
CUST06547,46,Female,Basic,41.17,62,4,65.57,Bank Transfer,No
CUST06548,37,Male,Standard,58.95,31,3,20.34,Mobile Wallet,No
CUST06549,42,Male,Basic,20.62,4,1,6.81,Cash,No
CUST06550,23,Male,Standard,72.95,10,2,39.52,Bank Transfer,No
CUST06551,53,Male,Basic,29.84,30,5,20.98,Bank Transfer,Yes
CUST06552,19,Female,Basic,28.25,7,3,35.16,Bank Transfer,No
CUST06553,39,Male,Premium,69.17,15,3,33.37,Mobile Wallet,No
CUST06554,49,Female,Basic,21.36,19,2,,Card,No
CUST06555,33,Female,Standard,41.21,39,2,19.86,Mobile Wallet,No
CUST06556,35,Female,Basic,15.43,3,2,20.98,Cash,Yes
CUST06557,22,Female,Basic,28.97,52,6,46.81,Card,No
CUST06558,53,Male,Standard,73.31,13,4,81.04,Cash,Yes
CUST06559,47,Female,Basic,31.59,44,0,,Bank Transfer,No
CUST06560,62,Male,Basic,25.31,17,4,35.31,Card,No
CUST06561,36,Female,Premium,68.15,17,2,27.74,Card,No
CUST06562,40,Female,Basic,36.16,52,4,21.77,Bank Transfer,No
CUST06563,51,Male,Basic,27.86,49,2,15.73,Cash,No
CUST06564,30,Female,Premium,68.92,71,2,20.54,Card,No
CUST06565,60,Female,Basic,34.36,19,4,5.88,Cash,No
CUST06566,46,Female,Standard,35.78,34,1,21.9,Card,No
CUST06567,53,Female,Basic,26.09,30,0,28.05,Card,No
CUST06568,39,Female,Basic,20.44,29,3,12.96,Card,No
CUST06569,69,Male,Standard,60.01,48,4,41.04,Cash,No
CUST06570,69,Female,Premium,78.92,8,2,34.08,Bank Transfer,No
CUST06571,64,Female,Basic,30.48,68,4,22.75,Card,No
CUST06572,53,Male,Standard,48.72,52,0,33.97,Mobile Wallet,No
CUST06573,26,Female,Basic,23.47,58,1,27.31,Mobile Wallet,No
CUST06574,56,Male,Basic,38.15,61,3,21.83,Mobile Wallet,No
CUST06575,68,Female,Premium,78.88,40,3,8.57,Card,Yes
CUST06576,36,Female,Basic,18.28,17,5,22.61,Bank Transfer,No
CUST06577,55,Male,Premium,75.68,15,5,6.28,Bank Transfer,No
CUST06578,23,Female,Basic,38.07,11,5,41.04,Mobile Wallet,No
CUST06579,69,Female,Premium,70.07,70,5,19.47,Bank Transfer,No
CUST06580,64,Male,Standard,41.74,48,0,9.57,Cash,No
CUST06581,32,Male,Premium,63.2,13,3,22.33,Bank Transfer,No
CUST06582,37,Female,Basic,40.43,26,1,21.44,Mobile Wallet,No
CUST06583,26,Male,Standard,54.23,8,2,27.46,Card,Yes
CUST06584,49,Female,Standard,44.02,26,4,23.39,Mobile Wallet,Yes
CUST06585,21,Male,Standard,49.58,14,2,31.22,Cash,No
CUST06586,67,Female,Premium,69.38,41,3,29.43,Card,No
CUST06587,35,Male,Standard,48.8,6,3,9.76,Cash,No
CUST06588,22,Male,Premium,72.33,16,3,13.51,Card,Yes
CUST06589,37,Male,Standard,49.49,34,3,10.1,Card,No
CUST06590,40,Male,Standard,52.93,40,2,26.31,Bank Transfer,No
CUST06591,28,Male,Premium,80.83,12,2,27.3,Card,No
CUST06592,54,Male,Basic,23.92,1,1,9.69,Card,No
CUST06593,39,Male,Standard,51.3,29,5,22.36,Mobile Wallet,No
CUST06594,21,Male,Premium,90.25,49,3,26.83,Card,Yes
CUST06595,46,Male,Standard,46.57,16,3,28.4,Bank Transfer,No
CUST06596,61,Female,Basic,27.84,9,1,11.09,Cash,No
CUST06597,51,Male,Standard,43.43,59,1,16.09,Mobile Wallet,No
CUST06598,30,Female,Premium,,39,2,16.31,Bank Transfer,Yes
CUST06599,59,Male,Premium,94.96,38,3,13.91,Card,No
CUST06600,26,Female,Premium,85.05,6,2,17.37,Bank Transfer,No
CUST06601,59,Female,Standard,35.53,59,3,21.88,Card,No
CUST06602,48,Male,Standard,46.77,3,1,2.48,Mobile Wallet,No
CUST06603,24,Male,Basic,21.73,19,2,6.51,Bank Transfer,No
CUST06604,21,Female,Basic,29.18,27,0,49.5,Cash,No
CUST06605,36,Female,Basic,22.7,25,9,35.15,Bank Transfer,No
CUST06606,59,Male,Basic,28.39,66,4,21.1,Card,No
CUST06607,47,Male,Premium,68.44,23,2,24.01,Card,No
CUST06608,48,Male,Premium,74.71,63,0,26.83,Mobile Wallet,No
CUST06609,52,Female,Standard,76.51,58,4,34.53,Bank Transfer,No
CUST06610,38,Male,Premium,80.97,50,0,50.01,Card,No
CUST06611,48,Male,Premium,78.09,8,3,42.28,Cash,Yes
CUST06612,36,Male,Standard,53.28,51,1,17.52,Card,No
CUST06613,48,Male,Standard,42.08,42,4,61.55,Card,No
CUST06614,70,Male,Basic,29.76,63,4,9.35,Mobile Wallet,No
CUST06615,49,Female,Standard,54.07,31,2,12.06,Bank Transfer,Yes
CUST06616,19,Female,Basic,28.06,59,2,22.93,Bank Transfer,No
CUST06617,69,Male,Standard,73.46,51,4,14.69,Mobile Wallet,No
CUST06618,27,Male,Premium,82.23,57,6,20.66,Bank Transfer,No
CUST06619,19,Female,Basic,30.75,5,0,11.07,Card,No
CUST06620,19,Male,Basic,29.25,52,3,15.36,Cash,No
CUST06621,41,Female,Standard,45.35,65,6,21.44,Mobile Wallet,No
CUST06622,34,Male,Standard,49.19,12,7,30.03,Cash,Yes
CUST06623,49,Female,Basic,30.6,23,3,9.97,Mobile Wallet,No
CUST06624,33,Female,Basic,44.39,52,4,18.03,Card,No
CUST06625,33,Male,Premium,89.22,63,4,26.23,Bank Transfer,Yes
CUST06626,63,Female,Basic,45.14,3,1,22.4,Bank Transfer,No
CUST06627,56,Male,Premium,60.94,24,8,8.4,Card,No
CUST06628,70,Female,Standard,70.49,42,1,38.23,Card,No
CUST06629,48,Male,Standard,66.21,21,4,22.26,Bank Transfer,No
CUST06630,60,Male,Basic,15.0,25,3,12.85,Cash,No
CUST06631,41,Male,Standard,44.3,12,3,14.38,Bank Transfer,No
CUST06632,18,Female,Premium,47.89,48,2,37.02,Cash,No
CUST06633,28,Male,Basic,33.72,70,5,89.51,Cash,No
CUST06634,38,Male,Basic,34.46,57,3,44.78,Mobile Wallet,No
CUST06635,21,Male,Basic,35.07,29,0,14.68,Card,No
CUST06636,24,Female,Standard,67.06,29,1,28.54,Mobile Wallet,No
CUST06637,43,Male,Standard,59.88,46,4,22.95,Card,No
CUST06638,64,Female,Basic,26.08,9,5,22.91,Mobile Wallet,No
CUST06639,67,Female,Basic,38.23,32,3,32.13,Card,No
CUST06640,29,Female,Standard,69.83,13,3,7.68,Bank Transfer,No
CUST06641,48,Male,Premium,76.51,53,2,44.06,Card,No
CUST06642,34,Male,Standard,53.3,54,1,9.71,Mobile Wallet,No
CUST06643,50,Female,Basic,31.53,29,4,13.35,Bank Transfer,No
CUST06644,28,Male,Basic,36.17,51,1,50.72,Cash,No
CUST06645,45,Male,Standard,42.17,49,3,12.65,Mobile Wallet,No
CUST06646,49,Female,Basic,30.28,41,5,23.5,Bank Transfer,No
CUST06647,18,Female,Standard,39.95,12,0,12.02,Bank Transfer,No
CUST06648,64,Male,Standard,29.36,35,1,28.87,Card,No
CUST06649,45,Female,Basic,23.91,4,5,8.72,Bank Transfer,No
CUST06650,70,Male,Standard,41.34,45,3,15.06,Card,No
CUST06651,59,Female,Standard,59.63,49,2,46.86,Cash,No
CUST06652,24,Male,Standard,43.93,18,3,12.76,Card,No
CUST06653,19,Male,Premium,70.24,46,3,24.76,Card,No
CUST06654,59,Female,Standard,60.54,58,2,2.55,Card,No
CUST06655,41,Male,Standard,55.23,15,3,42.98,Mobile Wallet,No
CUST06656,21,Male,Standard,48.34,58,5,44.16,Card,No
CUST06657,61,Female,Basic,22.36,23,2,36.98,Card,No
CUST06658,36,Male,Basic,30.23,23,7,5.92,Mobile Wallet,Yes
CUST06659,43,Male,Premium,73.3,26,2,37.96,Card,Yes
CUST06660,28,Male,Premium,81.81,34,3,13.63,Card,Yes
CUST06661,57,Female,Standard,54.7,41,4,14.33,Bank Transfer,No
CUST06662,67,Female,Standard,45.43,57,2,75.09,Bank Transfer,No
CUST06663,60,Female,Basic,30.01,25,4,47.12,Mobile Wallet,Yes
CUST06664,28,Female,Standard,16.85,54,5,30.25,Bank Transfer,No
CUST06665,62,Female,Premium,66.85,44,4,19.42,Cash,No
CUST06666,20,Male,Premium,86.88,13,6,17.87,Cash,Yes
CUST06667,29,Male,Basic,30.89,54,5,53.3,Card,No
CUST06668,20,Male,Basic,29.75,27,0,26.68,Mobile Wallet,No
CUST06669,59,Female,Standard,47.24,8,2,69.65,Card,No
CUST06670,44,Male,Standard,39.35,43,4,12.91,Mobile Wallet,No
CUST06671,66,Female,Standard,62.59,70,1,51.21,Mobile Wallet,No
CUST06672,19,Male,Standard,55.99,55,4,6.73,Card,No
CUST06673,66,Female,Basic,34.76,64,3,16.65,Cash,No
CUST06674,33,Male,Standard,56.46,5,1,17.26,Card,No
CUST06675,19,Male,Standard,32.81,59,3,25.9,Cash,No
CUST06676,47,Female,Premium,72.83,27,4,52.54,Card,Yes
CUST06677,37,Male,Premium,61.22,19,4,34.45,Mobile Wallet,No
CUST06678,55,Male,Standard,73.82,65,3,5.86,Cash,No
CUST06679,45,Female,Standard,50.55,68,3,17.17,Mobile Wallet,No
CUST06680,42,Male,Standard,72.5,66,1,24.33,Mobile Wallet,No
CUST06681,49,Male,Premium,61.71,26,1,53.15,Mobile Wallet,No
CUST06682,27,Female,Basic,35.17,33,0,19.98,Bank Transfer,No
CUST06683,59,Female,Premium,86.57,38,3,20.43,Card,No
CUST06684,57,Female,Basic,53.29,7,4,18.94,Card,Yes
CUST06685,50,Female,Basic,24.1,5,2,1.4,Bank Transfer,No
CUST06686,30,Female,Standard,41.72,9,2,33.62,Cash,Yes
CUST06687,58,Male,Standard,38.0,13,0,10.12,Card,No
CUST06688,59,Female,Basic,35.59,40,3,14.84,Bank Transfer,No
CUST06689,64,Female,Standard,52.9,48,0,16.96,Bank Transfer,No
CUST06690,54,Male,Premium,70.36,46,3,18.47,Bank Transfer,No
CUST06691,33,Male,Basic,38.12,64,3,27.9,Card,No
CUST06692,62,Male,Standard,34.06,64,4,20.11,Card,No
CUST06693,39,Male,Basic,33.82,29,1,1.93,Bank Transfer,No
CUST06694,37,Male,Standard,62.46,18,3,28.43,Mobile Wallet,No
CUST06695,67,Female,Standard,50.4,30,6,6.02,Card,No
CUST06696,60,Male,Standard,63.45,19,1,18.74,Mobile Wallet,No
CUST06697,44,Female,Premium,64.52,48,2,39.52,Cash,No
CUST06698,58,Male,Standard,58.45,9,4,12.47,Card,No
CUST06699,33,Female,Premium,65.61,1,3,32.39,Card,Yes
CUST06700,51,Male,Standard,46.93,39,2,42.56,Mobile Wallet,No
CUST06701,49,Female,Premium,63.63,55,2,23.79,Bank Transfer,No
CUST06702,43,Female,Basic,23.27,52,3,42.08,Bank Transfer,No
CUST06703,42,Female,Basic,21.44,71,3,46.71,Card,No
CUST06704,19,Female,Standard,43.96,64,4,32.71,Mobile Wallet,Yes
CUST06705,29,Female,Premium,75.38,24,2,10.8,Card,No
CUST06706,57,Female,Basic,33.33,27,1,17.03,Mobile Wallet,No
CUST06707,26,Female,Premium,91.59,66,3,12.32,Card,No
CUST06708,29,Female,Basic,35.05,66,1,26.14,Card,No
CUST06709,43,Female,Basic,27.96,62,4,21.3,Mobile Wallet,No
CUST06710,26,Female,Basic,30.92,16,4,35.77,Cash,No
CUST06711,27,Male,Standard,42.64,12,3,14.14,Cash,No
CUST06712,49,Female,Premium,54.42,40,3,9.34,Cash,No
CUST06713,51,Female,Basic,41.83,10,3,19.22,Card,No
CUST06714,65,Male,Standard,,64,3,23.02,Cash,No
CUST06715,37,Female,Basic,36.63,55,5,15.04,Bank Transfer,No
CUST06716,56,Female,Standard,48.52,4,4,8.16,Mobile Wallet,No
CUST06717,19,Male,Basic,27.17,23,0,3.46,Mobile Wallet,No
CUST06718,18,Male,Standard,35.95,49,3,10.89,Cash,No
CUST06719,68,Female,Standard,48.06,4,3,15.93,Card,No
CUST06720,53,Male,Standard,64.36,1,3,52.97,Mobile Wallet,Yes
CUST06721,41,Female,Basic,26.84,65,5,29.55,Mobile Wallet,No
CUST06722,44,Female,Basic,31.91,39,4,40.74,Mobile Wallet,No
CUST06723,19,Female,Standard,58.3,3,4,37.26,Bank Transfer,No
CUST06724,48,Male,Premium,68.72,57,3,,Bank Transfer,No
CUST06725,31,Female,Premium,86.68,59,1,17.02,Mobile Wallet,No
CUST06726,19,Female,Premium,77.11,18,2,46.34,Bank Transfer,No
CUST06727,46,Male,Premium,82.1,21,2,32.0,Bank Transfer,Yes
CUST06728,32,Female,Standard,39.82,56,7,24.1,Card,No
CUST06729,29,Female,Basic,33.34,52,3,6.4,Mobile Wallet,No
CUST06730,54,Female,Basic,26.37,8,2,33.61,Bank Transfer,No
CUST06731,45,Female,Standard,60.64,25,4,8.24,Mobile Wallet,No
CUST06732,37,Female,Standard,47.6,32,5,57.32,Mobile Wallet,No
CUST06733,56,Female,Premium,88.26,70,3,25.06,Card,No
CUST06734,41,Male,Basic,31.14,40,3,6.46,Card,No
CUST06735,38,Female,Standard,22.33,29,4,29.94,Cash,No
CUST06736,27,Female,Standard,54.62,69,5,12.32,Card,No
CUST06737,63,Male,Standard,66.41,35,4,66.71,Bank Transfer,No
CUST06738,31,Female,Basic,31.42,33,3,19.02,Card,No
CUST06739,54,Female,Standard,45.45,46,1,10.8,Bank Transfer,No
CUST06740,35,Male,Basic,30.54,72,3,46.52,Mobile Wallet,No
CUST06741,41,Male,Premium,70.75,31,2,25.74,Card,No
CUST06742,31,Male,Premium,65.85,68,0,34.71,Cash,No
CUST06743,51,Male,Standard,76.87,40,2,33.4,Bank Transfer,No
CUST06744,29,Male,Standard,53.27,69,1,5.27,Mobile Wallet,No
CUST06745,39,Male,Standard,52.94,42,5,38.96,Cash,Yes
CUST06746,23,Male,Standard,37.96,44,3,17.81,Card,No
CUST06747,53,Female,Basic,37.57,17,2,22.67,Cash,No
CUST06748,62,Female,Premium,79.74,20,5,23.91,Mobile Wallet,Yes
CUST06749,53,Female,Standard,49.63,53,0,34.18,Cash,No
CUST06750,39,Male,Basic,33.58,44,4,18.49,Cash,No
CUST06751,31,Female,Standard,25.0,17,3,17.07,Mobile Wallet,No
CUST06752,33,Male,Basic,20.53,27,2,14.51,Cash,No
CUST06753,53,Female,Basic,36.26,23,3,50.49,Cash,No
CUST06754,42,Female,Standard,63.73,58,4,12.1,Bank Transfer,No
CUST06755,49,Female,Standard,43.64,69,4,14.07,Mobile Wallet,No
CUST06756,50,Female,Standard,58.97,56,3,19.34,Cash,No
CUST06757,62,Male,Premium,67.8,45,3,24.18,Card,No
CUST06758,53,Male,Premium,69.97,29,2,69.79,Mobile Wallet,No
CUST06759,37,Female,Basic,30.01,14,3,8.48,Card,No
CUST06760,35,Male,Basic,20.89,8,3,23.08,Mobile Wallet,No
CUST06761,55,Male,Standard,55.11,46,5,19.53,Card,No
CUST06762,20,Female,Standard,52.28,27,1,16.04,Card,No
CUST06763,40,Male,Premium,89.49,70,2,16.55,Bank Transfer,No
CUST06764,49,Male,Standard,61.65,7,3,13.66,Bank Transfer,Yes
CUST06765,62,Male,Basic,15.0,26,5,36.11,Mobile Wallet,No
CUST06766,33,Male,Standard,35.52,42,3,28.51,Cash,No
CUST06767,22,Female,Premium,72.7,30,1,10.67,Bank Transfer,No
CUST06768,21,Female,Premium,63.59,6,4,27.86,Mobile Wallet,No
CUST06769,38,Male,Basic,34.77,67,2,6.55,Mobile Wallet,No
CUST06770,57,Female,Standard,55.51,54,1,28.08,Card,Yes
CUST06771,68,Female,Basic,22.15,35,2,9.12,Card,No
CUST06772,31,Female,Standard,55.96,35,1,9.24,Mobile Wallet,No
CUST06773,56,Male,Basic,36.11,5,2,2.17,Bank Transfer,No
CUST06774,48,Male,Premium,78.49,6,7,9.02,Card,No
CUST06775,31,Female,Standard,46.63,23,4,5.03,Mobile Wallet,No
CUST06776,23,Female,Premium,101.59,59,3,46.45,Cash,Yes
CUST06777,29,Male,Premium,82.83,51,4,7.42,Bank Transfer,Yes
CUST06778,33,Female,Basic,38.8,62,3,10.95,Mobile Wallet,No
CUST06779,34,Male,Standard,42.44,32,1,67.3,Cash,No
CUST06780,62,Female,Premium,74.58,1,5,5.31,Bank Transfer,Yes
CUST06781,40,Male,Standard,54.07,49,3,29.76,Bank Transfer,No
CUST06782,31,Male,Standard,56.49,28,2,14.82,Card,Yes
CUST06783,24,Male,Standard,65.9,71,2,13.49,Card,No
CUST06784,63,Male,Standard,40.01,37,0,36.03,Mobile Wallet,No
CUST06785,49,Female,Standard,51.49,29,2,34.22,Mobile Wallet,No
CUST06786,32,Male,Standard,56.62,19,1,20.47,Card,No
CUST06787,61,Female,Basic,34.92,19,6,11.28,Mobile Wallet,No
CUST06788,34,Male,Basic,25.72,51,1,14.48,Card,No
CUST06789,58,Male,Basic,35.67,15,3,13.55,Card,Yes
CUST06790,64,Female,Basic,23.65,24,7,21.49,Mobile Wallet,No
CUST06791,61,Female,Standard,57.4,61,4,36.15,Card,No
CUST06792,51,Female,Basic,,53,1,8.74,Mobile Wallet,No
CUST06793,22,Male,Basic,39.42,72,2,57.98,Bank Transfer,No
CUST06794,62,Male,Standard,52.71,59,6,35.25,Card,Yes
CUST06795,44,Female,Standard,45.01,7,3,34.38,Card,No
CUST06796,69,Male,Standard,42.41,68,4,10.29,Bank Transfer,No
CUST06797,40,Female,Premium,101.79,34,3,30.3,,No
CUST06798,57,Male,Basic,29.86,7,2,53.89,Cash,No
CUST06799,31,Male,Basic,19.74,54,1,26.41,Card,No
CUST06800,32,Male,Basic,30.77,67,3,91.4,Bank Transfer,No
CUST06801,60,Female,Premium,78.55,12,2,33.83,Card,No
CUST06802,50,Male,Standard,47.35,58,3,26.98,Bank Transfer,No
CUST06803,70,Female,Basic,26.47,52,3,20.78,Card,No
CUST06804,48,Female,Basic,33.32,56,1,12.47,Mobile Wallet,No
CUST06805,52,Male,Standard,47.18,3,3,33.85,Bank Transfer,No
CUST06806,34,Female,Basic,28.78,13,4,22.97,Bank Transfer,No
CUST06807,45,Female,Standard,48.87,63,2,17.57,Cash,No
CUST06808,36,Male,Premium,67.76,5,4,13.97,Card,Yes
CUST06809,63,Female,Standard,61.84,25,4,22.52,Bank Transfer,Yes
CUST06810,40,Female,Premium,56.57,72,2,22.26,Card,No
CUST06811,49,Male,Standard,60.31,52,4,12.8,Card,No
CUST06812,57,Male,Standard,42.59,5,4,18.13,Bank Transfer,No
CUST06813,30,Male,Premium,47.09,59,1,17.76,Mobile Wallet,No
CUST06814,37,Female,Standard,47.73,25,2,28.31,Bank Transfer,No
CUST06815,52,Female,Standard,44.11,14,1,21.66,Bank Transfer,Yes
CUST06816,22,Male,Standard,49.09,52,2,16.88,Card,No
CUST06817,26,Female,Premium,63.3,25,4,15.19,Bank Transfer,No
CUST06818,46,Male,Basic,33.11,72,1,51.48,Mobile Wallet,No
CUST06819,23,Male,Basic,33.92,56,2,52.11,Bank Transfer,No
CUST06820,42,Male,Standard,58.26,37,4,29.47,Cash,No
CUST06821,48,Female,Premium,72.82,70,1,32.78,Card,No
CUST06822,39,Female,Premium,72.18,6,0,27.44,Card,No
CUST06823,19,Male,Basic,29.42,25,2,11.03,Bank Transfer,No
CUST06824,62,Male,Basic,33.87,20,1,46.73,Bank Transfer,No
CUST06825,22,Female,Premium,75.23,23,6,51.7,Card,No
CUST06826,44,Male,Basic,20.82,57,5,4.3,Card,No
CUST06827,42,Female,Basic,35.21,53,2,28.31,Bank Transfer,No
CUST06828,25,Male,Basic,15.0,59,1,,Cash,No
CUST06829,18,Male,Basic,33.85,61,2,12.22,Bank Transfer,No
CUST06830,37,Female,Standard,71.56,55,3,12.43,Mobile Wallet,No
CUST06831,61,Female,Standard,39.37,20,2,22.53,Cash,No
CUST06832,40,Female,Standard,51.1,3,3,40.59,Mobile Wallet,No
CUST06833,49,Female,Premium,98.43,65,2,16.75,Card,Yes
CUST06834,28,Female,Basic,42.7,37,2,4.97,Mobile Wallet,No
CUST06835,56,Male,Basic,34.66,35,4,28.9,Card,Yes
CUST06836,64,Male,Premium,62.94,16,2,16.68,Cash,Yes
CUST06837,41,Female,Standard,47.5,4,3,18.48,Card,Yes
CUST06838,28,Female,Basic,25.51,3,0,19.48,Card,Yes
CUST06839,46,Male,Basic,23.62,17,4,16.26,Cash,No
CUST06840,43,Male,Basic,35.2,44,4,58.46,Card,No
CUST06841,33,Female,Standard,44.64,63,2,21.22,Mobile Wallet,No
CUST06842,52,Female,Basic,28.45,42,2,23.5,Card,No
CUST06843,37,Male,Standard,,17,2,37.67,Mobile Wallet,No
CUST06844,63,Female,Basic,28.68,24,0,28.86,Cash,No
CUST06845,20,Male,Premium,77.27,37,2,9.61,Bank Transfer,No
CUST06846,18,Male,Standard,44.95,2,1,15.46,Cash,No
CUST06847,70,Female,Standard,39.89,14,1,26.31,Bank Transfer,No
CUST06848,64,Male,Basic,42.08,10,4,40.05,Cash,No
CUST06849,18,Male,Basic,33.28,15,3,33.86,Card,No
CUST06850,34,Male,Standard,60.51,37,2,,Mobile Wallet,No
CUST06851,19,Female,Standard,28.85,58,2,6.86,Card,No
CUST06852,46,Male,Standard,50.81,46,5,15.21,Bank Transfer,No
CUST06853,37,Female,Standard,65.64,53,1,30.09,Card,No
CUST06854,23,Male,Basic,34.8,56,2,19.28,Bank Transfer,No
CUST06855,25,Male,Standard,50.23,13,4,35.29,Card,No
CUST06856,46,Male,Basic,31.21,35,4,10.75,Mobile Wallet,No
CUST06857,65,Male,Basic,32.51,36,3,8.58,Card,No
CUST06858,68,Male,Standard,53.02,34,2,44.26,Card,No
CUST06859,50,Female,Premium,59.35,24,2,7.29,Mobile Wallet,Yes
CUST06860,20,Female,Standard,48.08,53,2,26.95,Card,No
CUST06861,52,Male,Premium,76.01,27,4,14.1,Card,No
CUST06862,22,Female,Premium,85.49,12,5,51.43,Bank Transfer,No
CUST06863,44,Female,Basic,35.68,15,7,26.72,Card,No
CUST06864,61,Male,Premium,86.66,3,4,27.63,Card,Yes
CUST06865,29,Female,Standard,75.71,28,4,33.39,Mobile Wallet,No
CUST06866,37,Female,Premium,67.28,9,3,37.22,Card,Yes
CUST06867,62,Female,Standard,46.51,39,2,16.67,Card,No
CUST06868,37,Female,Standard,55.1,30,2,52.6,Cash,Yes
CUST06869,26,Male,Standard,32.36,57,3,42.63,Mobile Wallet,No
CUST06870,56,Female,Basic,25.62,23,5,9.59,Bank Transfer,No
CUST06871,21,Male,Premium,72.35,30,4,20.82,Cash,No
CUST06872,68,Male,Basic,37.11,64,2,23.8,Bank Transfer,No
CUST06873,36,Female,Basic,18.29,16,4,39.07,Card,No
CUST06874,55,Male,Basic,25.63,36,4,5.88,Bank Transfer,No
CUST06875,44,Female,Basic,19.18,30,2,33.53,Cash,No
CUST06876,62,Male,Basic,17.14,46,3,14.45,Card,No
CUST06877,60,Female,Basic,33.81,20,3,30.29,Card,No
CUST06878,30,Female,Standard,38.71,56,3,19.32,Mobile Wallet,No
CUST06879,30,Male,Standard,62.64,37,3,13.04,Card,No
CUST06880,39,Female,Basic,23.35,62,1,15.76,Card,No
CUST06881,45,Female,Basic,22.43,65,3,18.64,Card,No
CUST06882,69,Female,Premium,79.28,29,2,30.47,Card,No
CUST06883,64,Female,Basic,28.38,43,5,25.13,Mobile Wallet,No
CUST06884,70,Male,Basic,23.73,36,3,36.23,Bank Transfer,No
CUST06885,62,Male,Basic,32.92,17,2,41.09,Card,No
CUST06886,39,Male,Basic,31.98,54,3,14.69,Card,No
CUST06887,60,Female,Standard,52.07,17,3,9.75,Bank Transfer,No
CUST06888,36,Male,Standard,56.81,32,2,53.12,Cash,No
CUST06889,25,Female,Standard,41.18,16,4,20.54,Cash,No
CUST06890,69,Female,Basic,35.24,51,5,13.51,Mobile Wallet,Yes
CUST06891,25,Female,Standard,51.64,59,3,21.03,Mobile Wallet,No
CUST06892,59,Male,Standard,41.33,23,4,34.26,Mobile Wallet,No
CUST06893,43,Male,Basic,28.77,16,2,24.29,Card,No
CUST06894,65,Male,Basic,35.52,32,3,9.83,Card,Yes
CUST06895,68,Male,Basic,22.64,66,1,28.0,Card,No
CUST06896,43,Female,Standard,46.52,70,2,10.44,Mobile Wallet,No
CUST06897,40,Male,Basic,23.59,62,2,22.01,Mobile Wallet,No
CUST06898,60,Male,Standard,52.87,30,4,20.71,Card,No
CUST06899,30,Male,Basic,29.7,36,1,45.35,Cash,No
CUST06900,45,Male,Basic,27.7,6,2,33.27,Cash,No
CUST06901,26,Female,Basic,37.5,45,1,9.69,Mobile Wallet,No
CUST06902,37,Male,Basic,25.96,33,3,46.62,Cash,No
CUST06903,36,Male,Basic,31.88,5,3,29.19,Bank Transfer,Yes
CUST06904,65,Male,Standard,59.19,56,4,7.6,Card,No
CUST06905,56,Female,Standard,54.4,28,2,25.68,Card,No
CUST06906,68,Male,Standard,26.45,7,5,11.44,Card,No
CUST06907,29,Male,Standard,60.86,59,1,24.84,Bank Transfer,No
CUST06908,32,Male,Standard,53.23,19,5,17.44,Card,Yes
CUST06909,48,Female,Standard,44.44,62,5,37.5,Card,No
CUST06910,31,Female,Premium,59.01,43,3,28.2,Bank Transfer,No
CUST06911,28,Male,Basic,33.17,50,3,37.66,Mobile Wallet,No
CUST06912,43,Male,Basic,29.31,53,1,47.3,Mobile Wallet,No
CUST06913,59,Female,Standard,55.5,38,3,38.78,Mobile Wallet,No
CUST06914,44,Female,Standard,42.85,17,3,52.74,Card,No
CUST06915,28,Female,Standard,49.88,27,4,12.89,Mobile Wallet,No
CUST06916,55,Female,Basic,30.02,37,3,15.58,Cash,No
CUST06917,51,Female,Standard,57.66,7,3,19.02,Card,Yes
CUST06918,60,Male,Premium,78.62,38,3,52.86,Card,No
CUST06919,36,Male,Basic,38.63,29,3,11.14,Bank Transfer,No
CUST06920,23,Male,Premium,51.04,51,1,16.16,Bank Transfer,No
CUST06921,63,Male,Standard,50.86,15,4,16.61,Cash,No
CUST06922,69,Female,Basic,36.75,16,3,17.5,Card,No
CUST06923,55,Female,Standard,37.86,11,3,59.42,Cash,No
CUST06924,66,Female,Standard,60.91,33,1,17.51,Cash,No
CUST06925,59,Female,Standard,56.69,20,2,52.18,Card,No
CUST06926,45,Female,Standard,37.31,29,4,14.69,Cash,No
CUST06927,18,Male,Standard,41.81,16,0,5.03,,No
CUST06928,52,Male,Basic,33.65,17,5,18.63,Mobile Wallet,Yes
CUST06929,57,Male,Basic,32.89,57,4,28.95,Bank Transfer,No
CUST06930,25,Male,Basic,29.34,37,2,24.03,Mobile Wallet,No
CUST06931,69,Male,Premium,79.19,18,1,27.23,Mobile Wallet,No
CUST06932,64,Female,Basic,24.47,71,4,14.69,Cash,No
CUST06933,24,Female,Premium,74.55,49,4,16.58,Cash,Yes
CUST06934,28,Female,Basic,44.8,11,5,23.77,Mobile Wallet,No
CUST06935,56,Female,Basic,37.17,57,2,23.81,Card,No
CUST06936,21,Female,Basic,30.92,19,2,58.88,Mobile Wallet,No
CUST06937,42,Male,Basic,28.5,70,4,51.15,Bank Transfer,No
CUST06938,29,Male,Premium,80.91,53,2,18.79,Mobile Wallet,No
CUST06939,43,Male,Standard,46.32,10,1,30.91,Card,No
CUST06940,55,Female,Premium,87.85,1,5,12.0,Card,Yes
CUST06941,63,Female,Premium,71.0,1,5,28.12,Bank Transfer,Yes
CUST06942,29,Female,Standard,49.2,47,1,61.69,Mobile Wallet,No
CUST06943,60,Female,Standard,50.44,27,3,34.53,Bank Transfer,No
CUST06944,68,Male,Standard,40.45,25,3,24.53,Mobile Wallet,No
CUST06945,70,Female,Standard,40.91,10,5,21.67,,No
CUST06946,54,Male,Basic,33.67,36,3,16.21,Card,Yes
CUST06947,63,Female,Standard,57.42,46,6,39.56,Cash,Yes
CUST06948,70,Male,Standard,68.31,8,1,19.61,Card,No
CUST06949,41,Female,Basic,30.09,62,4,20.46,Bank Transfer,No
CUST06950,33,Female,Standard,67.08,29,5,7.61,Card,No
CUST06951,30,Male,Premium,63.76,53,2,5.71,Cash,No
CUST06952,42,Male,Standard,36.85,4,4,7.43,Mobile Wallet,No
CUST06953,69,Female,Standard,52.5,49,3,19.7,Card,No
CUST06954,21,Male,Basic,15.0,69,1,14.04,Cash,No
CUST06955,28,Female,Standard,60.83,42,2,20.65,Card,No
CUST06956,49,Female,Standard,51.72,65,1,16.4,Mobile Wallet,No
CUST06957,66,Male,Premium,91.05,34,4,3.8,Card,Yes
CUST06958,24,Female,Premium,81.53,14,5,40.64,Bank Transfer,No
CUST06959,63,Female,Premium,78.57,53,7,7.83,Mobile Wallet,Yes
CUST06960,28,Male,Basic,26.44,1,3,28.73,Cash,No
CUST06961,45,Female,Basic,39.36,8,2,36.19,Bank Transfer,No
CUST06962,58,Female,Premium,72.24,18,3,51.81,Mobile Wallet,Yes
CUST06963,40,Female,Premium,76.62,5,2,18.74,Mobile Wallet,No
CUST06964,62,Female,Premium,79.09,67,2,29.02,Card,No
CUST06965,40,Male,Standard,36.48,22,3,40.44,Card,Yes
CUST06966,67,Male,Standard,45.7,6,1,19.18,Mobile Wallet,No
CUST06967,45,Male,Basic,33.03,27,3,19.06,Card,No
CUST06968,60,Female,Premium,74.92,37,1,30.55,Mobile Wallet,No
CUST06969,64,Male,Standard,41.03,35,3,6.4,Card,No
CUST06970,43,Male,Basic,22.92,36,5,19.12,Card,No
CUST06971,42,Male,Basic,30.31,61,3,13.51,Card,No
CUST06972,46,Female,Standard,42.58,1,3,41.24,Mobile Wallet,No
CUST06973,36,Male,Standard,53.84,48,3,7.13,Cash,No
CUST06974,50,Male,Basic,30.0,67,3,91.51,Card,No
CUST06975,53,Female,Basic,31.5,39,1,7.05,Mobile Wallet,No
CUST06976,31,Female,Basic,33.92,3,2,23.7,Card,No
CUST06977,31,Female,Basic,37.63,26,4,7.83,Bank Transfer,Yes
CUST06978,52,Female,Premium,87.23,69,1,6.13,Card,No
CUST06979,47,Female,Standard,58.64,55,3,28.95,Card,No
CUST06980,45,Female,Standard,46.46,3,3,17.87,Card,No
CUST06981,34,Male,Standard,61.25,56,2,22.56,Cash,No
CUST06982,20,Male,Standard,29.08,28,3,23.26,Bank Transfer,No
CUST06983,33,Female,Standard,50.4,43,1,18.3,Cash,No
CUST06984,63,Female,Premium,94.36,30,2,6.93,Bank Transfer,Yes
CUST06985,47,Male,Standard,40.65,18,2,17.95,Mobile Wallet,Yes
CUST06986,69,Female,Standard,50.01,5,2,36.79,Bank Transfer,No
CUST06987,46,Female,Standard,54.82,61,3,28.58,Mobile Wallet,No
CUST06988,62,Male,Premium,60.2,1,6,12.57,Mobile Wallet,No
CUST06989,32,Female,Basic,36.0,64,4,29.87,Bank Transfer,No
CUST06990,63,Female,Basic,33.06,14,2,81.37,Mobile Wallet,No
CUST06991,42,Male,Premium,76.24,41,3,22.3,Card,No
CUST06992,68,Male,Premium,70.57,68,3,14.2,Bank Transfer,No
CUST06993,55,Male,Standard,40.64,53,1,32.69,Cash,No
CUST06994,59,Male,Standard,57.5,31,2,8.73,Card,Yes
CUST06995,64,Male,Basic,31.35,59,5,14.88,Bank Transfer,No
CUST06996,70,Female,Standard,49.35,66,2,4.76,Card,No
CUST06997,69,Female,Premium,49.15,37,4,57.54,Cash,No
CUST06998,55,Female,Basic,32.79,50,4,,Card,No
CUST06999,40,Female,Standard,58.08,66,1,17.78,Mobile Wallet,No
CUST07000,42,Female,Premium,59.37,14,6,11.83,Cash,No
CUST07001,59,Male,Basic,16.48,15,0,45.32,Card,No
CUST07002,24,Female,Standard,57.17,25,2,13.36,Cash,Yes
CUST07003,39,Female,Standard,22.64,8,2,77.09,Card,No
CUST07004,34,Female,Premium,76.61,58,3,21.76,Card,No
CUST07005,35,Female,Premium,89.06,56,2,35.64,Card,No
CUST07006,66,Female,Standard,54.94,14,1,60.17,Bank Transfer,No
CUST07007,58,Male,Premium,76.34,42,2,33.8,Card,No
CUST07008,27,Female,Premium,63.18,13,4,10.43,Mobile Wallet,No
CUST07009,27,Female,Premium,68.44,19,1,21.93,Card,No
CUST07010,24,Female,Standard,59.04,34,1,10.66,Card,No
CUST07011,65,Female,Standard,42.08,46,1,12.05,Card,No
CUST07012,67,Female,Basic,33.86,55,4,16.48,Bank Transfer,No
CUST07013,55,Female,Basic,34.29,64,1,9.16,Bank Transfer,No
CUST07014,44,Male,Standard,49.76,57,3,16.35,Card,No
CUST07015,69,Female,Basic,36.87,72,6,21.67,Card,No
CUST07016,50,Male,Standard,50.62,64,2,30.47,Mobile Wallet,No
CUST07017,18,Male,Standard,49.99,5,4,24.01,Mobile Wallet,Yes
CUST07018,61,Female,Premium,70.84,43,3,18.02,Card,No
CUST07019,70,Female,Premium,72.7,17,3,22.79,Bank Transfer,Yes
CUST07020,51,Female,Basic,33.1,46,3,20.65,Card,No
CUST07021,21,Male,Standard,49.53,33,1,20.99,Mobile Wallet,No
CUST07022,34,Female,Standard,61.13,69,3,3.85,Cash,Yes
CUST07023,21,Female,Basic,21.85,15,1,13.47,Card,No
CUST07024,60,Female,Basic,36.0,42,5,12.37,Bank Transfer,No
CUST07025,43,Male,Premium,63.14,15,2,8.18,Card,Yes
CUST07026,21,Male,Basic,31.93,65,3,7.41,Cash,No
CUST07027,18,Female,Premium,75.82,63,4,19.08,Card,No
CUST07028,24,Male,Premium,56.52,56,2,34.88,Bank Transfer,No
CUST07029,47,Female,Standard,51.89,43,8,17.02,Cash,No
CUST07030,67,Male,Premium,80.68,70,1,22.49,Card,No
CUST07031,26,Female,Standard,36.79,34,2,39.05,Card,No
CUST07032,52,Male,Premium,79.69,66,3,16.38,Mobile Wallet,No
CUST07033,25,Female,Premium,97.64,69,1,11.43,Cash,No
CUST07034,41,Female,Basic,27.67,20,8,5.8,Card,No
CUST07035,36,Male,Standard,38.79,14,4,25.34,Card,No
CUST07036,53,Male,Standard,59.26,68,4,31.24,Mobile Wallet,No
CUST07037,67,Male,Basic,29.99,41,3,33.38,Cash,No
CUST07038,69,Male,Premium,76.74,59,1,29.76,Bank Transfer,No
CUST07039,60,Male,Standard,47.06,50,2,,Card,No
CUST07040,44,Female,Standard,57.82,39,5,35.02,Bank Transfer,No
CUST07041,49,Female,Basic,33.71,30,3,41.19,Card,No
CUST07042,31,Male,Standard,33.95,37,3,15.0,Mobile Wallet,No
CUST07043,35,Female,Premium,64.28,47,2,7.39,Card,No
CUST07044,45,Female,Standard,58.53,45,3,12.04,Bank Transfer,No
CUST07045,46,Male,Standard,53.15,57,2,26.82,Card,No
CUST07046,33,Female,Standard,41.17,4,3,34.69,Bank Transfer,No
CUST07047,52,Female,Basic,31.8,6,3,32.49,Mobile Wallet,Yes
CUST07048,64,Male,Standard,55.68,15,4,19.47,Mobile Wallet,No
CUST07049,48,Male,Basic,26.4,45,4,21.5,Card,No
CUST07050,21,Female,Basic,30.03,60,3,43.23,Card,No
CUST07051,54,Male,Basic,39.88,28,4,17.77,Cash,No
CUST07052,34,Female,Premium,94.72,32,4,29.27,Card,Yes
CUST07053,56,Male,Premium,74.86,48,1,23.39,Card,No
CUST07054,65,Male,Basic,35.99,19,2,4.73,Card,No
CUST07055,63,Male,Basic,26.9,31,4,2.6,Card,No
CUST07056,43,Male,Basic,26.37,60,3,10.22,Mobile Wallet,No
CUST07057,65,Female,Premium,57.11,44,1,28.64,Bank Transfer,No
CUST07058,56,Male,Standard,47.82,23,5,8.52,Mobile Wallet,Yes
CUST07059,58,Male,Standard,35.64,27,7,24.87,Cash,No
CUST07060,21,Female,Standard,65.29,1,2,7.48,Card,No
CUST07061,47,Female,Standard,52.28,22,2,11.47,Bank Transfer,No
CUST07062,47,Female,Basic,29.05,8,4,27.94,Bank Transfer,No
CUST07063,39,Female,Basic,22.84,69,4,21.04,Cash,No
CUST07064,28,Male,Basic,31.65,24,4,,Mobile Wallet,No
CUST07065,19,Female,Standard,50.97,33,5,18.82,Card,No
CUST07066,61,Male,Premium,75.63,12,3,16.29,Bank Transfer,Yes
CUST07067,29,Female,Basic,37.19,4,3,15.91,Card,No
CUST07068,47,Male,Basic,20.76,64,3,12.88,Mobile Wallet,No
CUST07069,53,Female,Premium,75.07,60,1,25.23,Cash,No
CUST07070,35,Male,Basic,16.72,9,3,10.36,Mobile Wallet,No
CUST07071,43,Male,Basic,29.56,42,4,27.35,Mobile Wallet,No
CUST07072,70,Female,Premium,73.31,53,1,43.84,Card,No
CUST07073,24,Male,Standard,58.52,60,2,40.54,Card,No
CUST07074,18,Male,Standard,54.17,14,1,11.58,Bank Transfer,No
CUST07075,43,Male,Standard,43.65,51,4,77.47,Mobile Wallet,No
CUST07076,40,Male,Standard,53.03,65,5,11.27,Mobile Wallet,No
CUST07077,43,Female,Basic,21.75,27,3,28.96,Bank Transfer,No
CUST07078,62,Male,Standard,54.61,22,8,12.12,Mobile Wallet,Yes
CUST07079,23,Male,Standard,53.19,22,6,22.84,Bank Transfer,No
CUST07080,23,Female,Premium,81.37,64,2,44.13,Bank Transfer,No
CUST07081,61,Female,Premium,96.5,24,4,18.72,Bank Transfer,Yes
CUST07082,25,Female,Standard,42.59,30,3,31.58,Cash,Yes
CUST07083,41,Male,Standard,57.03,40,6,22.28,Bank Transfer,No
CUST07084,39,Male,Basic,38.01,23,2,10.26,Mobile Wallet,No
CUST07085,36,Female,Basic,30.12,10,5,22.6,Bank Transfer,No
CUST07086,54,Male,Standard,54.46,33,1,18.65,Bank Transfer,No
CUST07087,35,Female,Standard,52.07,72,4,18.38,Card,No
CUST07088,48,Male,Standard,51.25,5,5,26.91,Bank Transfer,Yes
CUST07089,54,Female,Standard,38.98,27,5,38.72,Cash,No
CUST07090,47,Male,Premium,54.48,62,5,43.34,Mobile Wallet,No
CUST07091,59,Female,Standard,48.87,25,7,47.63,Bank Transfer,Yes
CUST07092,50,Male,Standard,48.27,66,2,11.51,Bank Transfer,No
CUST07093,27,Female,Basic,23.91,20,2,16.26,Card,No
CUST07094,54,Male,Standard,,43,5,12.29,Mobile Wallet,No
CUST07095,29,Male,Premium,74.37,67,5,34.31,Cash,No
CUST07096,47,Male,Basic,40.04,58,3,,Mobile Wallet,No
CUST07097,44,Female,Standard,28.93,41,4,9.58,Card,No
CUST07098,56,Male,Premium,90.04,64,1,13.85,Mobile Wallet,No
CUST07099,26,Male,Standard,48.1,46,1,49.36,,No
CUST07100,38,Male,Standard,40.83,60,3,13.73,Mobile Wallet,No
CUST07101,29,Female,Basic,30.81,15,4,5.7,Card,No
CUST07102,46,Male,Standard,48.81,27,1,22.51,Card,Yes
CUST07103,50,Female,Standard,53.64,58,4,18.66,Card,No
CUST07104,60,Male,Basic,28.61,24,2,27.44,Card,No
CUST07105,70,Female,Standard,,35,2,32.63,Mobile Wallet,No
CUST07106,32,Female,Basic,22.58,23,2,44.7,Cash,No
CUST07107,19,Male,Standard,47.61,8,3,33.34,Mobile Wallet,No
CUST07108,69,Female,Premium,84.03,16,6,5.99,Card,No
CUST07109,56,Female,Standard,39.75,70,6,18.02,Mobile Wallet,No
CUST07110,70,Male,Standard,67.3,61,1,25.87,Mobile Wallet,Yes
CUST07111,61,Female,Standard,26.63,58,2,47.78,Mobile Wallet,No
CUST07112,35,Female,Basic,31.7,29,4,31.69,Card,No
CUST07113,20,Female,Premium,82.66,63,5,27.41,Card,No
CUST07114,24,Female,Basic,32.86,26,5,29.6,Mobile Wallet,Yes
CUST07115,60,Male,Basic,42.55,9,2,100.0,Bank Transfer,No
CUST07116,35,Female,Standard,39.61,19,3,10.14,Card,No
CUST07117,61,Female,Standard,48.08,71,4,39.62,Mobile Wallet,No
CUST07118,55,Male,Standard,46.03,25,2,27.34,Card,No
CUST07119,54,Male,Basic,28.77,24,2,35.98,Card,No
CUST07120,50,Female,Premium,73.04,39,7,56.7,Card,No
CUST07121,61,Male,Standard,64.23,47,2,35.85,Cash,No
CUST07122,48,Male,Basic,26.31,61,4,20.58,Cash,No
CUST07123,28,Male,Standard,53.46,29,4,44.3,Card,No
CUST07124,21,Male,Basic,25.92,20,4,9.38,Bank Transfer,No
CUST07125,35,Male,Standard,45.67,5,0,18.22,Cash,No
CUST07126,21,Male,Standard,56.0,36,2,30.83,Bank Transfer,No
CUST07127,66,Male,Standard,73.8,62,6,55.46,Cash,No
CUST07128,51,Male,Basic,28.92,50,5,25.0,Bank Transfer,No
CUST07129,46,Male,Basic,18.18,20,4,31.95,Bank Transfer,No
CUST07130,41,Female,Basic,,11,3,56.11,Card,No
CUST07131,39,Female,Basic,20.8,20,5,33.99,Mobile Wallet,No
CUST07132,19,Female,Basic,33.62,6,3,7.41,Mobile Wallet,Yes
CUST07133,61,Female,Basic,19.33,45,5,5.61,Bank Transfer,No
CUST07134,23,Female,Basic,40.02,26,2,21.7,Mobile Wallet,No
CUST07135,59,Male,Standard,44.03,23,6,14.26,Cash,No
CUST07136,42,Male,Standard,60.09,5,5,13.44,Card,No
CUST07137,38,Female,Basic,34.72,25,2,28.89,Card,No
CUST07138,33,Female,Standard,45.61,4,3,10.54,Card,No
CUST07139,48,Male,Basic,26.94,10,3,6.4,Cash,No
CUST07140,31,Female,Standard,59.57,34,2,5.98,Card,No
CUST07141,56,Male,Standard,45.88,58,1,17.46,Mobile Wallet,No
CUST07142,45,Female,Basic,26.42,8,3,8.82,Mobile Wallet,No
CUST07143,49,Male,Basic,29.24,52,4,19.44,Cash,No
CUST07144,45,Female,Basic,24.21,28,4,40.66,Cash,Yes
CUST07145,68,Male,Standard,45.2,9,6,36.89,Mobile Wallet,Yes
CUST07146,66,Female,Premium,68.83,34,3,20.07,Mobile Wallet,Yes
CUST07147,26,Female,Basic,26.28,59,4,34.51,Card,No
CUST07148,62,Male,Standard,44.17,17,1,36.32,Card,No
CUST07149,39,Male,Basic,24.92,33,4,22.91,Card,No
CUST07150,49,Female,Basic,38.81,56,3,19.33,Bank Transfer,No
CUST07151,22,Female,Basic,29.13,61,2,19.79,Bank Transfer,Yes
CUST07152,40,Male,Premium,78.95,37,1,38.62,Card,No
CUST07153,22,Male,Standard,42.61,13,2,25.68,Mobile Wallet,No
CUST07154,59,Male,Premium,78.7,29,2,17.01,Bank Transfer,Yes
CUST07155,70,Female,Standard,54.68,40,0,15.48,Card,Yes
CUST07156,49,Female,Basic,26.02,55,3,32.97,Mobile Wallet,No
CUST07157,27,Male,Standard,55.07,14,7,18.14,Bank Transfer,Yes
CUST07158,56,Female,Premium,54.15,8,0,5.69,Mobile Wallet,No
CUST07159,32,Female,Premium,84.12,32,0,8.81,Bank Transfer,No
CUST07160,24,Male,Standard,58.62,11,7,6.39,Card,Yes
CUST07161,46,Female,Basic,29.86,69,4,15.04,Mobile Wallet,No
CUST07162,64,Male,Basic,25.01,50,1,16.6,Mobile Wallet,No
CUST07163,20,Male,Basic,32.98,37,6,23.39,Card,No
CUST07164,36,Female,Standard,,45,3,12.95,Mobile Wallet,No
CUST07165,27,Female,Premium,76.3,69,2,30.84,Mobile Wallet,No
CUST07166,45,Male,Standard,61.94,66,1,16.39,Mobile Wallet,No
CUST07167,46,Male,Premium,87.56,26,5,31.28,Card,No
CUST07168,32,Male,Basic,26.68,30,3,33.1,Card,No
CUST07169,52,Female,Standard,62.04,38,3,26.2,Bank Transfer,No
CUST07170,23,Male,Premium,52.9,27,2,36.83,Cash,No
CUST07171,29,Male,Standard,51.55,51,2,28.42,Bank Transfer,No
CUST07172,64,Male,Standard,57.22,15,3,17.11,Bank Transfer,No
CUST07173,55,Male,Standard,39.27,62,3,22.19,Bank Transfer,No
CUST07174,30,Female,Standard,43.7,30,5,13.76,Mobile Wallet,No
CUST07175,46,Female,Premium,63.75,32,3,8.73,Mobile Wallet,Yes
CUST07176,36,Male,Standard,70.65,50,7,,Mobile Wallet,No
CUST07177,20,Female,Basic,18.51,7,10,29.13,Card,No
CUST07178,25,Female,Standard,42.76,39,4,27.09,Card,No
CUST07179,25,Female,Basic,28.79,61,3,37.14,Mobile Wallet,No
CUST07180,37,Male,Standard,41.28,16,5,19.02,Card,Yes
CUST07181,64,Female,Basic,30.34,37,5,33.21,Mobile Wallet,No
CUST07182,21,Female,Premium,84.31,53,1,9.61,Bank Transfer,No
CUST07183,68,Male,Premium,76.45,23,1,45.83,Bank Transfer,No
CUST07184,38,Male,Basic,29.97,59,2,51.09,Card,No
CUST07185,20,Female,Basic,48.0,28,2,27.99,Mobile Wallet,Yes
CUST07186,62,Female,Standard,31.93,69,7,56.04,Card,No
CUST07187,25,Male,Standard,49.25,51,3,19.42,Mobile Wallet,No
CUST07188,40,Male,Basic,30.59,68,1,21.22,Card,No
CUST07189,33,Male,Basic,30.14,11,5,35.9,Card,Yes
CUST07190,30,Male,Standard,64.4,35,4,26.73,Card,Yes
CUST07191,20,Female,Standard,58.09,11,5,17.69,Card,No
CUST07192,65,Male,Basic,32.42,71,6,36.11,Cash,No
CUST07193,26,Female,Standard,47.31,17,3,6.63,Card,No
CUST07194,31,Female,Premium,67.22,55,4,19.47,Mobile Wallet,Yes
CUST07195,30,Female,Basic,28.88,26,2,34.13,Cash,No
CUST07196,70,Male,Standard,54.47,47,6,73.76,Bank Transfer,Yes
CUST07197,24,Male,Basic,,26,3,32.18,Mobile Wallet,No
CUST07198,32,Female,Basic,29.17,57,2,44.99,Cash,No
CUST07199,24,Female,Basic,28.41,48,1,6.62,Mobile Wallet,No
CUST07200,55,Female,Standard,55.02,26,2,13.65,Cash,No
CUST07201,51,Female,Premium,66.47,41,3,12.98,Cash,No
CUST07202,58,Female,Standard,48.67,28,3,9.01,Card,No
CUST07203,39,Male,Basic,29.04,19,4,47.47,Mobile Wallet,No
CUST07204,41,Male,Basic,31.85,1,1,14.86,Cash,No
CUST07205,66,Male,Standard,31.51,34,1,21.9,Bank Transfer,No
CUST07206,54,Female,Basic,22.16,41,0,9.07,Card,No
CUST07207,61,Female,Basic,27.4,65,1,23.09,Bank Transfer,No
CUST07208,18,Male,Standard,43.47,4,1,10.76,Bank Transfer,No
CUST07209,27,Male,Premium,76.79,14,4,10.14,Cash,No
CUST07210,60,Female,Basic,30.6,63,2,27.62,Card,No
CUST07211,33,Male,Standard,48.35,21,2,14.85,Card,No
CUST07212,63,Male,Basic,44.03,64,4,43.5,Bank Transfer,No
CUST07213,25,Male,Standard,42.63,26,2,13.59,Mobile Wallet,No
CUST07214,66,Female,Standard,45.95,69,2,19.77,Cash,No
CUST07215,42,Female,Premium,50.86,24,8,21.0,Mobile Wallet,No
CUST07216,67,Male,Standard,46.69,10,3,22.1,Bank Transfer,No
CUST07217,29,Female,Standard,37.11,32,5,24.7,Card,No
CUST07218,42,Male,Basic,21.86,31,2,42.84,Card,No
CUST07219,34,Male,Basic,27.87,15,2,23.54,Card,No
CUST07220,43,Female,Standard,51.63,50,1,45.58,Mobile Wallet,No
CUST07221,63,Female,Premium,91.98,3,4,30.09,Mobile Wallet,Yes
CUST07222,65,Female,Standard,54.17,35,4,50.57,Bank Transfer,No
CUST07223,31,Male,Standard,34.12,54,8,22.44,Cash,No
CUST07224,58,Male,Basic,24.64,71,5,9.37,Mobile Wallet,No
CUST07225,53,Male,Standard,42.77,26,7,22.93,Card,No
CUST07226,40,Female,Basic,20.76,35,1,12.03,Card,No
CUST07227,60,Male,Basic,30.74,28,7,3.01,Mobile Wallet,No
CUST07228,23,Male,Standard,59.52,16,2,17.14,Card,No
CUST07229,64,Male,Standard,40.14,48,2,17.21,Mobile Wallet,No
CUST07230,22,Male,Standard,40.51,69,3,9.78,Mobile Wallet,No
CUST07231,60,Female,Standard,45.26,22,5,8.51,Mobile Wallet,No
CUST07232,42,Female,Standard,64.64,12,3,3.38,Card,Yes
CUST07233,35,Female,Basic,28.52,58,0,28.39,Mobile Wallet,No
CUST07234,30,Male,Standard,55.35,39,6,46.88,Bank Transfer,No
CUST07235,60,Male,Basic,31.21,36,3,40.38,Bank Transfer,No
CUST07236,31,Male,Basic,21.6,6,4,29.09,Cash,No
CUST07237,45,Female,Basic,15.0,48,2,10.46,Mobile Wallet,No
CUST07238,35,Female,Basic,37.46,8,4,17.58,Bank Transfer,Yes
CUST07239,45,Female,Standard,56.74,70,1,,Cash,No
CUST07240,68,Female,Premium,60.92,55,3,12.16,Mobile Wallet,No
CUST07241,44,Female,Basic,24.76,61,2,15.83,Card,No
CUST07242,49,Male,Basic,26.99,10,4,17.08,Bank Transfer,No
CUST07243,64,Female,Basic,22.54,48,3,21.39,Mobile Wallet,No
CUST07244,26,Female,Standard,61.31,66,4,22.04,Mobile Wallet,No
CUST07245,57,Female,Standard,67.4,24,3,13.24,Card,No
CUST07246,49,Male,Standard,51.64,28,6,11.32,Card,No
CUST07247,37,Female,Standard,49.38,34,2,12.68,Mobile Wallet,No
CUST07248,45,Female,Standard,54.3,57,1,27.05,Card,Yes
CUST07249,50,Female,Premium,45.35,67,0,13.89,Bank Transfer,No
CUST07250,21,Male,Basic,40.57,26,5,18.94,Cash,Yes
CUST07251,63,Male,Premium,80.23,63,2,9.73,Cash,Yes
CUST07252,51,Female,Basic,29.12,22,2,43.18,Cash,No
CUST07253,65,Female,Basic,29.36,36,1,37.92,Card,No
CUST07254,20,Female,Standard,54.0,37,4,45.42,Bank Transfer,No
CUST07255,43,Female,Standard,54.39,3,2,22.61,Bank Transfer,No
CUST07256,25,Male,Premium,53.36,64,2,30.87,Mobile Wallet,Yes
CUST07257,23,Female,Basic,31.83,23,2,28.36,Card,No
CUST07258,33,Male,Premium,65.79,71,3,11.36,Cash,Yes
CUST07259,41,Female,Basic,34.91,58,0,10.27,Mobile Wallet,No
CUST07260,65,Male,Basic,25.54,12,1,6.34,Mobile Wallet,No
CUST07261,56,Male,Basic,19.44,52,2,,Cash,No
CUST07262,47,Female,Standard,49.67,11,3,19.48,Card,Yes
CUST07263,62,Male,Standard,52.64,9,4,27.94,Mobile Wallet,No
CUST07264,30,Female,Standard,55.06,5,0,27.96,Mobile Wallet,No
CUST07265,22,Male,Basic,41.33,70,2,10.19,Card,No
CUST07266,42,Male,Basic,15.0,71,3,41.66,Mobile Wallet,No
CUST07267,37,Female,Basic,34.37,18,3,20.14,Cash,Yes
CUST07268,35,Female,Standard,39.39,65,4,28.43,Card,No
CUST07269,64,Male,Standard,60.35,54,2,15.16,Bank Transfer,Yes
CUST07270,35,Male,Standard,53.37,9,3,24.15,Bank Transfer,Yes
CUST07271,19,Female,Premium,59.42,71,2,5.4,Card,No
CUST07272,27,Female,Basic,34.91,60,3,35.52,Bank Transfer,No
CUST07273,62,Female,Basic,22.86,9,2,11.79,Card,Yes
CUST07274,67,Male,Standard,59.35,44,2,27.56,Card,No
CUST07275,64,Female,Standard,37.38,11,2,27.83,Mobile Wallet,No
CUST07276,29,Female,Standard,48.75,3,2,42.46,Bank Transfer,No
CUST07277,64,Male,Premium,91.9,5,2,21.96,Mobile Wallet,Yes
CUST07278,30,Female,Standard,39.33,32,1,43.61,Card,No
CUST07279,67,Female,Basic,35.17,22,4,26.0,Card,Yes
CUST07280,64,Female,Basic,27.84,54,4,3.33,Bank Transfer,No
CUST07281,28,Female,Standard,47.96,53,2,23.59,Mobile Wallet,No
CUST07282,36,Male,Standard,53.93,62,2,24.44,Mobile Wallet,No
CUST07283,52,Female,Basic,31.49,50,4,10.37,Card,No
CUST07284,56,Female,Basic,43.76,26,4,19.78,Bank Transfer,No
CUST07285,70,Female,Standard,50.06,67,4,21.82,Mobile Wallet,No
CUST07286,43,Female,Standard,53.31,54,2,10.25,Bank Transfer,No
CUST07287,63,Female,Basic,22.09,41,3,20.32,Bank Transfer,No
CUST07288,31,Female,Standard,43.39,8,3,22.99,Card,No
CUST07289,62,Male,Basic,31.57,24,2,14.91,Bank Transfer,No
CUST07290,61,Male,Premium,71.71,13,5,12.44,Cash,Yes
CUST07291,41,Male,Basic,21.97,60,2,14.13,Cash,No
CUST07292,58,Female,Standard,53.2,14,1,67.71,Bank Transfer,No
CUST07293,18,Female,Standard,46.32,46,3,11.59,Mobile Wallet,No
CUST07294,68,Female,Basic,29.78,5,2,20.25,Bank Transfer,Yes
CUST07295,60,Male,Standard,44.82,13,0,20.94,Card,No
CUST07296,39,Female,Basic,34.26,24,1,8.25,Card,No
CUST07297,40,Male,Standard,49.34,16,4,20.08,Cash,Yes
CUST07298,36,Female,Standard,47.32,29,4,16.0,Card,No
CUST07299,35,Female,Basic,34.4,19,4,29.53,Card,No
CUST07300,29,Male,Basic,31.51,60,5,55.9,Card,No
CUST07301,45,Male,Standard,53.57,62,2,10.65,Mobile Wallet,No
CUST07302,45,Male,Basic,35.97,48,4,5.63,Cash,No
CUST07303,50,Male,Standard,34.67,32,1,29.04,Mobile Wallet,No
CUST07304,36,Male,Basic,44.77,46,4,47.63,Card,No
CUST07305,45,Male,Premium,92.54,71,1,12.59,Cash,No
CUST07306,69,Female,Standard,40.41,69,1,39.02,Cash,No
CUST07307,66,Male,Standard,48.91,56,2,9.68,Mobile Wallet,No
CUST07308,54,Female,Basic,30.44,33,3,26.97,Bank Transfer,No
CUST07309,43,Female,Basic,21.02,23,3,12.46,Cash,No
CUST07310,52,Female,Basic,25.67,61,7,22.68,Mobile Wallet,No
CUST07311,51,Female,Basic,37.9,4,5,6.86,Card,No
CUST07312,52,Female,Standard,55.88,65,2,9.36,Mobile Wallet,No
CUST07313,57,Male,Standard,48.26,2,7,25.43,Card,No
CUST07314,33,Male,Standard,61.77,58,3,6.88,Bank Transfer,No
CUST07315,55,Male,Standard,41.52,28,1,16.12,Bank Transfer,No
CUST07316,30,Female,Basic,28.07,33,4,9.33,Cash,No
CUST07317,40,Male,Basic,34.13,23,4,32.9,Card,No
CUST07318,39,Female,Premium,60.45,31,3,36.82,Cash,No
CUST07319,33,Female,Standard,45.44,48,4,6.11,Card,No
CUST07320,45,Female,Standard,28.98,46,2,20.49,Bank Transfer,Yes
CUST07321,65,Female,Basic,33.57,45,2,10.51,Cash,No
CUST07322,52,Male,Standard,41.27,32,2,25.96,Card,No
CUST07323,62,Male,Basic,30.97,51,7,13.16,Cash,No
CUST07324,63,Male,Premium,85.23,47,3,17.96,Mobile Wallet,No
CUST07325,25,Male,Standard,59.5,61,4,8.63,Mobile Wallet,No
CUST07326,61,Male,Basic,31.6,50,1,31.94,Bank Transfer,No
CUST07327,39,Female,Premium,103.97,35,3,28.64,Bank Transfer,No
CUST07328,38,Male,Standard,51.7,15,4,9.3,Bank Transfer,No
CUST07329,43,Female,Standard,51.68,37,2,5.97,Bank Transfer,No
CUST07330,57,Female,Basic,21.71,56,1,8.36,Bank Transfer,No
CUST07331,38,Female,Basic,36.78,59,7,21.54,Bank Transfer,No
CUST07332,42,Male,Basic,29.87,25,3,15.29,Bank Transfer,No
CUST07333,58,Female,Basic,27.87,20,2,33.25,Card,No
CUST07334,18,Female,Standard,39.49,48,5,16.98,Cash,No
CUST07335,23,Male,Standard,56.0,20,10,29.93,Mobile Wallet,No
CUST07336,40,Female,Standard,54.41,15,2,20.38,Card,No
CUST07337,68,Female,Premium,71.51,62,2,53.53,Mobile Wallet,No
CUST07338,40,Female,Basic,29.4,14,4,20.34,Cash,No
CUST07339,60,Male,Premium,65.91,21,3,20.89,Card,No
CUST07340,60,Female,Premium,77.11,50,5,31.71,Card,Yes
CUST07341,40,Female,Standard,69.51,69,1,13.91,Mobile Wallet,No
CUST07342,49,Male,Basic,36.63,15,2,14.32,Cash,No
CUST07343,47,Male,Standard,41.83,63,2,23.5,Card,No
CUST07344,30,Female,Basic,25.73,43,2,42.69,Card,No
CUST07345,60,Male,Standard,49.82,27,7,18.17,Mobile Wallet,No
CUST07346,35,Male,Basic,29.01,61,2,21.64,Mobile Wallet,No
CUST07347,40,Male,Standard,48.08,54,3,18.35,Card,No
CUST07348,32,Male,Standard,51.86,59,3,18.65,Bank Transfer,No
CUST07349,50,Male,Basic,28.75,39,3,5.6,Mobile Wallet,No
CUST07350,38,Male,Standard,71.09,35,2,15.65,Cash,No
CUST07351,56,Male,Basic,30.36,9,1,10.24,Card,No
CUST07352,40,Female,Standard,30.44,60,4,5.75,Bank Transfer,No
CUST07353,44,Male,Premium,73.32,62,4,88.61,Card,No
CUST07354,62,Male,Basic,39.34,68,1,19.47,Bank Transfer,No
CUST07355,61,Male,Standard,42.24,16,3,10.0,Bank Transfer,No
CUST07356,35,Female,Basic,32.98,16,4,34.79,Card,No
CUST07357,41,Male,Standard,29.7,32,2,,Mobile Wallet,No
CUST07358,68,Male,Premium,84.91,38,5,75.18,Bank Transfer,Yes
CUST07359,64,Female,Basic,22.9,39,6,56.8,Bank Transfer,No
CUST07360,57,Male,Premium,67.64,62,2,24.72,Card,Yes
CUST07361,68,Female,Standard,39.12,63,4,3.81,Bank Transfer,No
CUST07362,59,Female,Basic,28.45,16,0,21.08,Card,No
CUST07363,24,Male,Premium,83.81,54,3,17.83,Card,Yes
CUST07364,67,Female,Basic,43.89,15,2,20.35,Mobile Wallet,Yes
CUST07365,65,Male,Basic,23.2,18,4,19.39,Cash,Yes
CUST07366,37,Male,Standard,49.41,4,6,25.66,Bank Transfer,Yes
CUST07367,44,Female,Standard,51.03,37,2,28.02,Bank Transfer,No
CUST07368,23,Female,Standard,49.21,40,4,26.11,Bank Transfer,Yes
CUST07369,44,Male,Basic,23.87,63,4,25.68,Mobile Wallet,No
CUST07370,26,Male,Premium,71.38,68,4,38.07,Mobile Wallet,No
CUST07371,70,Female,Standard,32.59,17,1,28.96,Bank Transfer,No
CUST07372,62,Male,Premium,84.96,48,3,10.35,Card,No
CUST07373,48,Male,Basic,23.02,19,3,28.24,Mobile Wallet,No
CUST07374,38,Male,Standard,47.87,39,2,30.34,Card,No
CUST07375,43,Female,Premium,86.48,65,0,10.65,Mobile Wallet,No
CUST07376,57,Male,Standard,46.35,53,1,40.77,Bank Transfer,No
CUST07377,65,Male,Premium,81.8,18,1,14.19,Mobile Wallet,Yes
CUST07378,62,Male,Basic,25.07,39,0,37.04,Bank Transfer,No
CUST07379,30,Female,Basic,27.67,60,2,31.9,Bank Transfer,No
CUST07380,66,Female,Premium,85.18,35,1,34.82,Mobile Wallet,No
CUST07381,40,Female,Premium,,34,0,5.82,Cash,No
CUST07382,37,Male,Basic,35.14,15,4,40.47,Mobile Wallet,No
CUST07383,54,Female,Basic,24.99,19,0,28.03,Card,No
CUST07384,70,Male,Standard,25.49,63,3,10.65,Cash,No
CUST07385,45,Female,Premium,89.57,26,3,11.38,Cash,No
CUST07386,34,Male,Standard,36.85,49,2,9.98,Card,No
CUST07387,45,Female,Standard,61.83,4,0,13.47,Card,No
CUST07388,58,Male,Standard,44.46,66,2,22.1,Mobile Wallet,No
CUST07389,19,Male,Basic,35.52,17,1,22.23,Card,No
CUST07390,42,Female,Premium,76.38,1,1,39.0,Mobile Wallet,No
CUST07391,67,Male,Standard,42.11,9,4,13.42,Card,No
CUST07392,58,Female,Standard,53.52,10,2,5.63,Card,No
CUST07393,23,Female,Standard,67.0,49,5,22.09,Card,No
CUST07394,28,Male,Standard,50.5,48,6,28.3,Bank Transfer,No
CUST07395,55,Male,Standard,46.45,48,3,19.97,Card,No
CUST07396,23,Female,Premium,81.35,15,4,10.93,Card,No
CUST07397,62,Female,Standard,54.84,45,4,37.28,Bank Transfer,No
CUST07398,28,Female,Standard,46.3,2,1,48.56,Bank Transfer,No
CUST07399,31,Male,Basic,27.88,58,2,53.21,Card,No
CUST07400,19,Female,Premium,78.51,38,2,26.38,Mobile Wallet,Yes
CUST07401,57,Male,Basic,27.83,3,1,12.03,Card,No
CUST07402,20,Male,Basic,35.38,59,4,,Bank Transfer,No
CUST07403,70,Female,Basic,25.57,63,5,7.57,Mobile Wallet,No
CUST07404,52,Female,Standard,54.88,43,4,22.72,Bank Transfer,No
CUST07405,50,Male,Premium,92.45,4,7,16.82,Card,Yes
CUST07406,41,Male,Standard,52.62,43,4,35.11,Card,No
CUST07407,36,Male,Basic,32.51,61,4,26.96,Cash,No
CUST07408,35,Male,Basic,28.49,49,2,27.2,Card,No
CUST07409,66,Female,Standard,55.76,64,4,39.59,Mobile Wallet,No
CUST07410,69,Male,Basic,29.8,20,4,26.86,Mobile Wallet,No
CUST07411,41,Female,Standard,48.61,45,1,27.47,Bank Transfer,No
CUST07412,62,Female,Standard,32.02,17,1,8.73,Bank Transfer,No
CUST07413,52,Female,Premium,65.95,66,1,20.03,Card,No
CUST07414,18,Male,Standard,50.17,22,3,26.82,Cash,No
CUST07415,53,Male,Basic,31.45,50,2,11.39,Mobile Wallet,No
CUST07416,42,Female,Premium,102.7,70,3,16.62,Card,Yes
CUST07417,62,Female,Standard,60.37,25,2,27.96,Card,No
CUST07418,66,Female,Premium,68.72,2,0,9.63,Card,Yes
CUST07419,60,Female,Basic,22.39,43,3,8.39,Mobile Wallet,No
CUST07420,51,Male,Standard,55.62,17,2,34.35,Card,No
CUST07421,42,Female,Premium,69.01,20,2,,Bank Transfer,No
CUST07422,33,Male,Basic,38.73,37,3,6.39,Card,No
CUST07423,51,Male,Standard,42.75,52,3,18.0,Mobile Wallet,Yes
CUST07424,46,Male,Basic,26.39,26,3,23.41,Card,No
CUST07425,36,Male,Standard,32.55,25,4,22.46,Card,No
CUST07426,40,Female,Premium,84.72,64,5,17.9,Bank Transfer,No
CUST07427,36,Male,Standard,57.15,31,1,15.71,,No
CUST07428,42,Female,Premium,85.06,30,1,55.58,Bank Transfer,No
CUST07429,33,Male,Standard,50.1,10,4,40.58,Card,No
CUST07430,68,Female,Premium,75.35,38,3,25.36,Mobile Wallet,No
CUST07431,26,Female,Standard,59.05,28,0,4.3,Mobile Wallet,Yes
CUST07432,18,Female,Basic,31.18,24,2,8.55,Mobile Wallet,No
CUST07433,59,Female,Standard,52.29,29,3,7.0,Card,No
CUST07434,36,Female,Standard,56.41,17,3,11.28,Mobile Wallet,No
CUST07435,50,Male,Premium,70.98,70,3,24.88,Mobile Wallet,No
CUST07436,51,Female,Standard,63.34,64,4,21.45,Card,No
CUST07437,33,Male,Standard,59.97,31,4,11.28,Bank Transfer,Yes
CUST07438,61,Female,Premium,77.86,57,3,33.95,Mobile Wallet,Yes
CUST07439,57,Male,Premium,65.18,20,2,46.6,Mobile Wallet,No
CUST07440,35,Male,Standard,57.73,46,4,35.37,Cash,No
CUST07441,51,Male,Premium,85.65,2,2,22.23,Bank Transfer,No
CUST07442,42,Female,Standard,44.07,50,4,4.48,Cash,No
CUST07443,62,Male,Basic,32.22,60,2,21.71,Mobile Wallet,No
CUST07444,23,Female,Basic,28.62,41,2,54.93,Bank Transfer,No
CUST07445,38,Female,Premium,98.39,70,3,21.03,Cash,No
CUST07446,23,Male,Basic,29.34,17,2,50.67,Card,No
CUST07447,49,Male,Standard,40.02,10,3,20.33,Bank Transfer,No
CUST07448,58,Female,Premium,84.06,67,0,15.08,Card,No
CUST07449,65,Female,Basic,20.96,42,2,32.16,Mobile Wallet,No
CUST07450,60,Female,Premium,47.42,16,4,26.85,Card,No
CUST07451,56,Female,Premium,64.09,38,4,21.95,Card,No
CUST07452,48,Female,Premium,92.65,14,3,17.02,Bank Transfer,Yes
CUST07453,59,Female,Basic,45.04,36,2,23.48,Bank Transfer,No
CUST07454,27,Male,Basic,37.82,13,3,29.54,Card,No
CUST07455,47,Female,Premium,98.65,59,4,22.94,Bank Transfer,No
CUST07456,69,Female,Basic,32.15,27,4,30.16,Bank Transfer,No
CUST07457,35,Male,Standard,42.98,8,3,14.27,Card,Yes
CUST07458,41,Male,Standard,60.41,53,6,24.55,Card,No
CUST07459,69,Male,Basic,42.61,5,1,21.11,Card,No
CUST07460,26,Female,Premium,82.37,5,3,31.58,Cash,Yes
CUST07461,48,Male,Standard,46.28,48,6,18.73,Card,No
CUST07462,32,Male,Basic,30.17,24,3,38.67,Bank Transfer,No
CUST07463,21,Female,Basic,37.88,42,1,45.69,Card,Yes
CUST07464,57,Female,Basic,29.92,9,2,24.27,Cash,No
CUST07465,26,Female,Basic,32.83,64,4,62.47,Mobile Wallet,No
CUST07466,62,Female,Standard,35.43,69,3,9.11,Mobile Wallet,No
CUST07467,26,Male,Basic,28.64,11,6,4.12,Bank Transfer,No
CUST07468,43,Female,Standard,53.92,9,7,31.51,Mobile Wallet,No
CUST07469,21,Male,Premium,65.09,61,2,14.58,Cash,Yes
CUST07470,34,Female,Standard,53.48,72,4,34.51,Card,No
CUST07471,33,Male,Basic,29.72,55,0,17.35,Cash,No
CUST07472,32,Female,Premium,85.96,68,4,36.47,Bank Transfer,No
CUST07473,52,Female,Basic,37.13,25,1,11.11,Card,No
CUST07474,69,Female,Premium,60.73,71,2,14.15,Mobile Wallet,No
CUST07475,22,Male,Standard,58.15,56,3,6.23,Mobile Wallet,No
CUST07476,22,Male,Standard,64.02,27,3,10.63,Mobile Wallet,No
CUST07477,37,Male,Standard,41.88,23,2,19.58,Mobile Wallet,Yes
CUST07478,32,Female,Standard,44.77,40,3,16.51,Mobile Wallet,No
CUST07479,35,Male,Premium,53.29,58,5,32.6,Bank Transfer,No
CUST07480,64,Female,Premium,75.09,36,5,15.88,Bank Transfer,No
CUST07481,19,Female,Standard,45.08,32,3,30.24,Mobile Wallet,Yes
CUST07482,46,Female,Standard,48.64,23,2,20.89,Cash,No
CUST07483,30,Male,Premium,82.08,40,4,29.0,Card,No
CUST07484,21,Female,Standard,39.12,48,1,26.1,Cash,No
CUST07485,59,Male,Premium,79.5,24,1,29.51,Bank Transfer,No
CUST07486,62,Female,Standard,41.24,39,3,9.1,Card,No
CUST07487,27,Female,Standard,65.74,40,2,7.35,Mobile Wallet,No
CUST07488,48,Female,Basic,18.35,29,3,13.12,Card,No
CUST07489,58,Male,Basic,34.17,45,2,29.85,Mobile Wallet,No
CUST07490,25,Male,Standard,49.8,34,2,9.24,Bank Transfer,No
CUST07491,20,Female,Standard,35.84,15,1,39.46,Cash,No
CUST07492,65,Male,Standard,62.74,70,1,21.5,Card,No
CUST07493,63,Male,Standard,50.05,71,0,18.77,Mobile Wallet,No
CUST07494,26,Female,Standard,49.67,2,1,22.31,Card,No
CUST07495,47,Female,Premium,82.73,1,2,7.04,Mobile Wallet,No
CUST07496,70,Male,Basic,23.1,54,7,11.86,Card,No
CUST07497,28,Female,Standard,43.41,2,3,10.12,Mobile Wallet,No
CUST07498,52,Female,Basic,23.99,36,2,32.52,Mobile Wallet,No
CUST07499,54,Male,Standard,62.54,68,5,18.35,Bank Transfer,No
CUST07500,59,Male,Basic,39.12,28,5,48.06,Bank Transfer,No
CUST07501,30,Female,Standard,63.94,20,4,20.89,Mobile Wallet,Yes
CUST07502,53,Male,Standard,45.28,37,2,13.78,Card,No
CUST07503,30,Male,Basic,38.9,59,3,23.3,Card,No
CUST07504,29,Female,Standard,69.61,44,1,17.62,Mobile Wallet,No
CUST07505,54,Female,Premium,58.79,12,5,12.57,Card,Yes
CUST07506,27,Female,Basic,33.73,32,1,25.39,Card,No
CUST07507,26,Female,Standard,56.54,38,5,22.37,Card,No
CUST07508,69,Male,Standard,59.99,31,3,18.66,Cash,Yes
CUST07509,24,Male,Basic,30.97,18,2,18.32,Card,No
CUST07510,19,Female,Basic,23.87,29,5,13.53,Bank Transfer,Yes
CUST07511,40,Female,Basic,21.72,51,6,18.28,Mobile Wallet,No
CUST07512,56,Female,Standard,28.34,29,4,22.06,Cash,No
CUST07513,57,Female,Basic,17.95,63,6,34.14,Mobile Wallet,No
CUST07514,56,Male,Basic,38.39,20,4,14.35,Card,No
CUST07515,38,Male,Basic,33.62,31,2,50.07,Mobile Wallet,No
CUST07516,40,Female,Standard,59.84,31,5,23.2,Bank Transfer,No
CUST07517,46,Female,Standard,40.66,58,2,27.94,Card,No
CUST07518,31,Male,Standard,48.81,7,2,19.44,Mobile Wallet,No
CUST07519,43,Male,Standard,45.74,12,5,24.22,Card,Yes
CUST07520,68,Male,Standard,61.41,61,3,19.37,Cash,No
CUST07521,22,Male,Basic,28.19,43,8,24.16,Card,No
CUST07522,48,Female,Standard,52.17,49,0,22.59,Card,No
CUST07523,42,Male,Standard,56.31,40,1,9.99,Mobile Wallet,No
CUST07524,48,Male,Standard,57.6,70,3,29.7,Bank Transfer,No
CUST07525,67,Male,Standard,40.31,32,2,36.52,Cash,No
CUST07526,37,Female,Standard,47.46,63,1,14.46,Cash,No
CUST07527,61,Female,Basic,29.18,15,2,8.47,Bank Transfer,No
CUST07528,34,Male,Basic,30.99,12,1,50.46,Mobile Wallet,Yes
CUST07529,62,Male,Standard,60.3,26,1,72.88,Bank Transfer,No
CUST07530,19,Female,Standard,70.58,30,2,40.23,Bank Transfer,No
CUST07531,42,Female,Basic,30.47,30,2,38.03,Mobile Wallet,No
CUST07532,30,Male,Premium,72.33,62,2,2.99,Card,No
CUST07533,56,Female,Standard,59.54,43,4,6.69,Mobile Wallet,No
CUST07534,45,Male,Basic,31.92,22,1,7.36,Card,No
CUST07535,59,Female,Standard,54.02,17,4,,Card,No
CUST07536,23,Male,Basic,30.62,23,3,15.96,Bank Transfer,No
CUST07537,20,Male,Standard,34.22,25,2,50.21,Card,No
CUST07538,52,Female,Standard,48.86,70,1,30.97,Card,No
CUST07539,35,Male,Basic,36.93,37,3,42.82,Mobile Wallet,No
CUST07540,28,Female,Premium,90.86,57,2,30.08,Bank Transfer,Yes
CUST07541,37,Female,Standard,,70,1,,Bank Transfer,No
CUST07542,22,Female,Basic,32.98,22,2,17.59,Bank Transfer,No
CUST07543,36,Male,Standard,53.85,4,3,16.74,Cash,No
CUST07544,39,Male,Basic,37.84,58,3,19.92,Mobile Wallet,No
CUST07545,36,Male,Premium,80.87,44,5,8.99,Card,No
CUST07546,64,Female,Basic,34.09,17,2,6.76,Cash,No
CUST07547,33,Male,Standard,35.76,18,3,9.49,Mobile Wallet,No
CUST07548,41,Male,Basic,23.9,53,1,14.29,Card,No
CUST07549,58,Male,Basic,37.95,19,3,19.3,Cash,No
CUST07550,21,Male,Standard,57.4,61,2,11.48,Bank Transfer,No
CUST07551,32,Female,Standard,41.13,57,3,24.46,Mobile Wallet,No
CUST07552,42,Male,Standard,30.56,44,0,57.58,Card,No
CUST07553,61,Female,Standard,43.43,19,2,3.67,Cash,No
CUST07554,52,Female,Standard,30.86,25,2,26.31,Bank Transfer,No
CUST07555,31,Female,Basic,27.51,37,2,35.71,Cash,No
CUST07556,66,Female,Basic,33.12,18,2,39.67,Mobile Wallet,No
CUST07557,36,Male,Standard,49.01,58,4,46.99,Card,No
CUST07558,55,Male,Standard,64.49,12,5,33.03,Card,Yes
CUST07559,53,Male,Premium,68.68,32,3,12.09,Card,No
CUST07560,24,Female,Basic,26.45,26,4,16.45,Card,No
CUST07561,47,Male,Standard,47.57,26,6,32.21,Mobile Wallet,No
CUST07562,36,Female,Basic,33.23,47,3,26.11,Bank Transfer,No
CUST07563,66,Male,Premium,75.02,42,1,12.0,Card,Yes
CUST07564,42,Male,Premium,96.69,51,3,26.53,Bank Transfer,No
CUST07565,33,Male,Basic,28.84,41,1,15.67,Mobile Wallet,No
CUST07566,64,Female,Standard,36.25,65,0,59.14,Card,No
CUST07567,57,Male,Standard,56.49,61,5,35.64,Cash,No
CUST07568,68,Female,Basic,35.81,35,2,33.39,Card,No
CUST07569,25,Female,Standard,54.61,22,2,30.95,Mobile Wallet,No
CUST07570,35,Female,Standard,47.41,69,3,32.57,Card,No
CUST07571,45,Male,Basic,35.55,40,2,15.56,Cash,No
CUST07572,33,Male,Standard,47.36,54,3,17.53,Card,No
CUST07573,69,Female,Basic,27.89,37,1,22.36,Card,Yes
CUST07574,36,Female,Standard,34.69,44,3,36.32,Cash,No
CUST07575,59,Female,Premium,77.29,29,3,21.52,Card,Yes
CUST07576,34,Female,Standard,45.56,12,2,64.36,Card,No
CUST07577,62,Female,Basic,24.48,21,2,13.75,Mobile Wallet,No
CUST07578,30,Male,Basic,20.32,40,6,39.83,Cash,No
CUST07579,24,Male,Standard,41.06,30,3,43.38,Card,No
CUST07580,44,Male,Basic,27.63,64,4,,Cash,No
CUST07581,27,Female,Standard,62.38,41,4,38.13,Mobile Wallet,No
CUST07582,51,Female,Basic,17.15,47,5,20.4,Bank Transfer,No
CUST07583,53,Male,Standard,52.0,4,3,42.74,Bank Transfer,No
CUST07584,42,Male,Premium,77.58,28,4,17.07,Bank Transfer,No
CUST07585,23,Female,Premium,78.04,48,3,31.65,Card,No
CUST07586,41,Female,Basic,37.16,57,1,35.55,Bank Transfer,Yes
CUST07587,35,Female,Standard,88.91,16,2,17.94,Cash,Yes
CUST07588,40,Male,Basic,24.14,12,2,6.59,Bank Transfer,Yes
CUST07589,23,Female,Standard,59.59,55,5,37.83,Bank Transfer,No
CUST07590,46,Female,Basic,31.5,36,5,8.58,Card,No
CUST07591,42,Female,Standard,49.45,15,4,10.19,Bank Transfer,Yes
CUST07592,34,Male,Standard,36.07,19,3,17.72,Bank Transfer,No
CUST07593,63,Female,Premium,78.02,18,2,15.08,Mobile Wallet,No
CUST07594,41,Male,Standard,44.48,28,6,58.26,Bank Transfer,No
CUST07595,28,Female,Standard,44.12,56,6,48.91,Cash,No
CUST07596,43,Female,Premium,82.09,23,5,27.67,Mobile Wallet,No
CUST07597,68,Male,Basic,25.63,11,3,20.92,Mobile Wallet,No
CUST07598,51,Female,Premium,79.57,43,2,11.46,Bank Transfer,No
CUST07599,45,Male,Standard,,45,2,28.11,Cash,No
CUST07600,20,Female,Premium,92.47,39,1,18.38,Mobile Wallet,No
CUST07601,28,Male,Basic,35.23,24,2,22.36,Card,No
CUST07602,55,Female,Basic,33.04,45,0,23.19,Card,No
CUST07603,31,Male,Standard,51.19,36,3,34.45,Bank Transfer,No
CUST07604,68,Male,Premium,71.87,4,2,54.11,Cash,Yes
CUST07605,43,Female,Basic,33.69,65,3,12.28,Card,No
CUST07606,65,Male,Basic,30.2,56,1,16.72,Mobile Wallet,No
CUST07607,38,Female,Basic,38.46,11,3,19.13,Bank Transfer,No
CUST07608,56,Male,Premium,58.88,25,3,38.25,Bank Transfer,Yes
CUST07609,47,Female,Standard,51.25,50,5,15.16,Card,No
CUST07610,25,Female,Basic,37.68,52,2,34.77,Bank Transfer,No
CUST07611,68,Female,Basic,28.02,6,3,26.55,Mobile Wallet,No
CUST07612,37,Female,Standard,48.97,46,3,16.34,Card,No
CUST07613,65,Male,Basic,35.91,70,3,31.83,Bank Transfer,No
CUST07614,49,Female,Standard,64.18,15,1,21.04,Card,No
CUST07615,39,Female,Standard,,61,3,62.34,Card,No
CUST07616,24,Female,Standard,52.55,33,2,29.85,Cash,No
CUST07617,26,Female,Premium,53.44,12,3,25.81,Mobile Wallet,No
CUST07618,62,Female,Standard,48.24,31,2,3.38,Cash,No
CUST07619,18,Male,Basic,29.45,34,8,25.15,Cash,No
CUST07620,46,Female,Standard,74.46,32,4,20.27,Mobile Wallet,No
CUST07621,25,Male,Basic,29.92,23,3,14.11,Card,No
CUST07622,21,Male,Premium,84.34,69,4,37.85,Mobile Wallet,No
CUST07623,52,Female,Basic,18.73,40,2,11.76,Mobile Wallet,No
CUST07624,20,Female,Premium,66.56,66,2,30.61,Cash,No
CUST07625,62,Male,Basic,22.21,31,4,29.23,Card,No
CUST07626,57,Male,Basic,33.07,12,2,48.33,Mobile Wallet,No
CUST07627,24,Male,Standard,53.13,42,1,11.04,Bank Transfer,No
CUST07628,44,Female,Premium,83.3,20,3,19.0,Card,No
CUST07629,18,Male,Premium,75.15,14,1,20.12,Bank Transfer,Yes
CUST07630,44,Male,Basic,30.21,60,2,15.04,Bank Transfer,Yes
CUST07631,33,Female,Basic,16.18,2,2,23.73,Card,Yes
CUST07632,55,Male,Standard,32.08,31,1,24.88,Bank Transfer,No
CUST07633,24,Female,Basic,29.5,55,6,31.55,Cash,No
CUST07634,61,Male,Standard,38.53,35,1,25.32,Mobile Wallet,Yes
CUST07635,40,Female,Standard,45.43,27,2,7.1,Mobile Wallet,No
CUST07636,58,Male,Standard,56.31,5,3,8.24,Bank Transfer,No
CUST07637,28,Female,Standard,49.18,51,4,46.01,Card,Yes
CUST07638,59,Female,Standard,45.77,16,2,11.86,Cash,No
CUST07639,70,Male,Premium,74.95,40,2,31.68,Card,No
CUST07640,50,Female,Basic,24.95,68,3,36.65,Card,No
CUST07641,67,Male,Basic,23.37,44,6,46.83,Mobile Wallet,No
CUST07642,53,Female,Standard,43.56,41,4,27.58,Mobile Wallet,No
CUST07643,54,Female,Basic,25.91,16,2,33.99,Mobile Wallet,No
CUST07644,58,Female,Basic,36.74,42,3,22.52,Mobile Wallet,No
CUST07645,34,Female,Premium,69.27,20,1,13.36,Card,Yes
CUST07646,52,Female,Standard,47.03,62,4,12.26,Cash,Yes
CUST07647,65,Female,Standard,61.16,28,3,47.17,Cash,No
CUST07648,22,Female,Standard,60.12,60,6,47.19,Card,Yes
CUST07649,65,Male,Basic,32.8,41,2,10.44,Card,No
CUST07650,49,Male,Premium,70.33,1,7,14.79,Mobile Wallet,Yes
CUST07651,20,Female,Basic,22.61,16,4,21.31,Card,No
CUST07652,69,Female,Standard,59.62,4,3,8.55,Cash,No
CUST07653,64,Female,Standard,54.51,54,1,39.4,Bank Transfer,No
CUST07654,52,Male,Standard,45.65,29,5,24.42,Card,No
CUST07655,69,Female,Standard,57.12,72,1,45.33,Mobile Wallet,No
CUST07656,31,Male,Premium,73.8,66,6,32.15,Bank Transfer,No
CUST07657,65,Female,Standard,34.67,24,2,23.22,Cash,No
CUST07658,48,Female,Basic,40.75,41,3,32.98,Bank Transfer,No
CUST07659,48,Female,Standard,49.87,63,2,37.76,Mobile Wallet,No
CUST07660,34,Female,Premium,62.61,56,4,33.11,Bank Transfer,No
CUST07661,41,Female,Standard,60.96,14,5,14.54,Mobile Wallet,Yes
CUST07662,69,Male,Standard,55.11,53,4,28.03,Cash,No
CUST07663,40,Female,Standard,46.32,44,3,33.27,Mobile Wallet,Yes
CUST07664,35,Male,Basic,43.36,43,2,13.26,Card,No
CUST07665,67,Male,Basic,20.83,1,3,15.55,Bank Transfer,No
CUST07666,31,Female,Premium,76.09,11,4,14.32,Bank Transfer,Yes
CUST07667,67,Female,Standard,63.94,20,1,14.61,Card,No
CUST07668,32,Female,Basic,24.28,21,7,12.97,Mobile Wallet,No
CUST07669,32,Male,Premium,50.58,20,1,44.15,Card,No
CUST07670,23,Male,Standard,68.35,17,2,16.54,Mobile Wallet,No
CUST07671,44,Male,Standard,40.52,63,2,8.38,Bank Transfer,No
CUST07672,32,Female,Basic,31.6,5,3,52.31,Mobile Wallet,No
CUST07673,67,Male,Premium,53.32,46,1,33.98,Cash,No
CUST07674,53,Male,Standard,70.81,52,2,30.91,Mobile Wallet,No
CUST07675,25,Male,Standard,47.11,36,5,18.33,Bank Transfer,No
CUST07676,32,Female,Basic,25.02,49,5,7.82,Bank Transfer,No
CUST07677,20,Male,Basic,23.48,38,5,38.49,Bank Transfer,No
CUST07678,64,Male,Basic,27.1,27,3,38.56,Bank Transfer,No
CUST07679,30,Female,Premium,74.45,69,3,10.95,Card,No
CUST07680,58,Female,Basic,33.65,50,6,20.96,Card,No
CUST07681,51,Female,Standard,49.3,43,3,22.58,Card,No
CUST07682,41,Male,Basic,35.68,70,5,32.02,Bank Transfer,No
CUST07683,57,Male,Basic,30.41,9,1,28.83,Card,No
CUST07684,49,Male,Basic,41.99,65,0,7.56,Bank Transfer,No
CUST07685,49,Female,Standard,65.28,30,1,25.66,Bank Transfer,No
CUST07686,47,Male,Standard,54.46,15,3,42.05,Mobile Wallet,No
CUST07687,69,Female,Premium,54.11,32,3,10.5,Card,No
CUST07688,66,Female,Premium,87.08,4,2,16.02,Mobile Wallet,Yes
CUST07689,30,Male,Basic,26.64,60,1,24.79,Cash,No
CUST07690,18,Male,Premium,74.79,55,4,23.78,Cash,No
CUST07691,51,Male,Standard,46.37,34,3,26.45,Mobile Wallet,No
CUST07692,32,Female,Premium,60.23,61,1,21.86,Mobile Wallet,No
CUST07693,61,Female,Basic,37.83,38,3,19.11,Cash,No
CUST07694,31,Male,Premium,74.59,51,4,7.91,Mobile Wallet,No
CUST07695,46,Female,Basic,24.84,58,2,10.05,Card,No
CUST07696,51,Male,Basic,30.41,25,0,19.12,Card,No
CUST07697,35,Male,Basic,28.14,11,1,6.75,Bank Transfer,No
CUST07698,24,Male,Basic,18.28,8,3,10.92,Card,No
CUST07699,46,Female,Standard,54.43,34,3,8.2,Card,No
CUST07700,48,Female,Premium,70.91,27,0,34.56,Mobile Wallet,No
CUST07701,42,Male,Standard,47.2,22,4,44.07,Cash,No
CUST07702,55,Male,Basic,27.98,62,2,33.57,Cash,No
CUST07703,31,Female,Basic,44.99,72,3,8.18,Bank Transfer,No
CUST07704,25,Male,Standard,48.64,39,4,23.89,Card,Yes
CUST07705,44,Female,Premium,67.58,22,2,40.86,Card,No
CUST07706,19,Male,Basic,36.8,31,4,48.36,Bank Transfer,No
CUST07707,34,Female,Standard,49.83,34,3,37.43,Cash,No
CUST07708,54,Male,Basic,21.29,68,1,23.39,Bank Transfer,No
CUST07709,31,Female,Standard,45.25,59,1,7.37,Bank Transfer,No
CUST07710,42,Male,Basic,33.79,8,4,11.13,Card,No
CUST07711,47,Female,Basic,33.88,53,2,25.44,Bank Transfer,No
CUST07712,46,Female,Basic,24.68,54,4,27.8,Bank Transfer,No
CUST07713,37,Female,Basic,25.54,70,4,38.26,Card,No
CUST07714,38,Female,Basic,24.39,18,1,12.21,Mobile Wallet,No
CUST07715,70,Male,Standard,50.11,8,5,25.5,Cash,Yes
CUST07716,39,Female,Basic,26.47,7,1,17.63,Mobile Wallet,Yes
CUST07717,52,Female,Basic,32.35,7,1,5.85,Bank Transfer,No
CUST07718,54,Male,Basic,37.43,10,1,23.39,Card,Yes
CUST07719,33,Female,Premium,71.34,36,2,22.26,Mobile Wallet,Yes
CUST07720,67,Male,Standard,53.87,62,2,26.08,Bank Transfer,No
CUST07721,66,Female,Standard,50.67,51,4,33.75,Mobile Wallet,No
CUST07722,60,Female,Standard,50.84,31,2,14.74,Bank Transfer,No
CUST07723,34,Female,Basic,29.57,10,1,17.48,Bank Transfer,No
CUST07724,33,Female,Basic,15.0,35,3,6.09,Card,Yes
CUST07725,19,Female,Standard,54.24,29,1,13.91,Card,Yes
CUST07726,21,Female,Standard,42.88,49,0,21.92,Card,No
CUST07727,38,Male,Premium,92.53,31,4,14.73,Cash,No
CUST07728,56,Male,Premium,87.66,68,1,12.8,Bank Transfer,No
CUST07729,51,Female,Standard,58.31,17,4,44.31,Mobile Wallet,Yes
CUST07730,47,Female,Standard,42.08,37,6,20.85,Bank Transfer,Yes
CUST07731,23,Male,Basic,35.65,28,5,17.57,Card,No
CUST07732,34,Male,Basic,15.0,38,1,23.32,Card,No
CUST07733,56,Female,Premium,82.79,10,4,42.69,Mobile Wallet,Yes
CUST07734,42,Female,Basic,19.39,72,5,17.49,Mobile Wallet,No
CUST07735,22,Female,Premium,86.3,28,2,22.39,Card,No
CUST07736,22,Female,Standard,44.37,69,4,18.41,Mobile Wallet,No
CUST07737,37,Female,Standard,51.93,7,6,5.67,Bank Transfer,Yes
CUST07738,33,Female,Basic,31.34,2,2,12.46,Bank Transfer,No
CUST07739,68,Male,Standard,51.26,57,1,49.06,Card,No
CUST07740,58,Female,Standard,55.3,10,1,3.69,Mobile Wallet,Yes
CUST07741,54,Female,Standard,48.62,14,6,16.47,Mobile Wallet,Yes
CUST07742,57,Male,Basic,34.33,32,3,26.54,Cash,No
CUST07743,26,Male,Basic,28.01,53,2,2.52,Card,No
CUST07744,22,Male,Standard,58.09,3,6,10.51,Mobile Wallet,No
CUST07745,59,Male,Basic,37.2,48,3,14.11,Mobile Wallet,No
CUST07746,19,Female,Standard,64.1,8,0,17.15,Cash,No
CUST07747,26,Male,Standard,53.01,9,2,57.96,Card,Yes
CUST07748,60,Male,Basic,24.66,16,2,16.85,Bank Transfer,Yes
CUST07749,53,Female,Standard,47.82,31,1,14.44,Card,No
CUST07750,39,Male,Basic,33.51,5,3,6.79,Card,No
CUST07751,39,Male,Standard,42.72,39,2,22.86,Cash,No
CUST07752,39,Female,Basic,32.37,16,2,21.63,Bank Transfer,No
CUST07753,51,Female,Basic,28.63,64,1,66.62,Card,No
CUST07754,46,Female,Basic,30.89,47,6,13.54,Card,No
CUST07755,55,Female,Standard,55.51,59,2,39.61,Mobile Wallet,No
CUST07756,63,Female,Basic,39.22,20,5,5.98,Card,No
CUST07757,50,Female,Basic,25.41,21,5,44.64,Mobile Wallet,No
CUST07758,35,Female,Standard,72.34,53,5,15.99,Cash,No
CUST07759,24,Male,Basic,31.05,54,1,16.09,Bank Transfer,No
CUST07760,18,Male,Standard,55.67,49,4,9.98,Card,No
CUST07761,50,Female,Standard,49.79,16,3,43.77,Card,Yes
CUST07762,18,Male,Premium,92.06,16,3,22.55,Cash,No
CUST07763,41,Female,Basic,43.86,23,3,18.64,Bank Transfer,No
CUST07764,21,Male,Basic,33.25,68,4,19.76,Mobile Wallet,No
CUST07765,21,Female,Standard,56.89,37,4,32.09,Card,No
CUST07766,35,Male,Standard,61.53,24,2,40.26,Card,No
CUST07767,44,Female,Basic,35.67,61,3,23.89,Bank Transfer,No
CUST07768,60,Male,Standard,46.14,8,7,12.74,Cash,Yes
CUST07769,49,Female,Standard,55.27,69,3,37.64,Mobile Wallet,No
CUST07770,50,Male,Basic,25.31,29,4,11.72,Mobile Wallet,No
CUST07771,45,Male,Standard,52.22,10,4,8.02,Card,Yes
CUST07772,59,Female,Basic,31.78,56,0,5.75,Mobile Wallet,No
CUST07773,58,Male,Premium,44.33,22,1,33.1,Card,No
CUST07774,53,Male,Standard,62.96,10,5,23.61,Mobile Wallet,No
CUST07775,23,Male,Basic,24.2,20,3,10.7,Card,No
CUST07776,33,Male,Standard,58.51,51,3,23.4,Card,No
CUST07777,51,Male,Premium,85.73,10,1,92.17,Mobile Wallet,No
CUST07778,40,Female,Standard,41.09,41,0,39.17,Card,No
CUST07779,67,Female,Basic,15.0,40,4,51.24,Mobile Wallet,No
CUST07780,59,Male,Standard,49.57,5,3,,Mobile Wallet,No
CUST07781,41,Female,Standard,36.42,43,2,29.74,Card,No
CUST07782,66,Male,Basic,15.4,67,3,10.77,Bank Transfer,No
CUST07783,30,Female,Basic,30.64,24,6,15.38,Card,No
CUST07784,35,Male,Standard,26.97,31,5,28.55,,No
CUST07785,30,Male,Standard,53.06,59,4,28.29,Bank Transfer,No
CUST07786,66,Male,Basic,35.12,67,2,10.58,Mobile Wallet,No
CUST07787,54,Male,Standard,38.46,63,1,21.98,Cash,No
CUST07788,60,Female,Standard,60.26,1,2,19.43,Cash,No
CUST07789,56,Female,Basic,32.29,69,3,44.41,Mobile Wallet,No
CUST07790,59,Female,Basic,30.16,71,3,15.03,Mobile Wallet,No
CUST07791,34,Male,Standard,42.51,33,1,20.75,Mobile Wallet,No
CUST07792,32,Female,Standard,39.74,63,3,37.21,Bank Transfer,No
CUST07793,35,Female,Standard,53.71,42,2,47.62,Card,No
CUST07794,40,Male,Basic,25.41,31,7,15.11,Bank Transfer,No
CUST07795,68,Male,Standard,62.8,52,6,12.86,Bank Transfer,Yes
CUST07796,47,Male,Premium,62.72,50,3,66.27,Mobile Wallet,No
CUST07797,51,Female,Standard,58.6,13,2,19.81,Card,No
CUST07798,21,Female,Basic,20.26,65,5,19.0,Bank Transfer,No
CUST07799,20,Male,Standard,61.89,38,4,11.08,Bank Transfer,Yes
CUST07800,24,Female,Basic,32.16,39,3,17.86,Bank Transfer,No
CUST07801,35,Male,Basic,42.22,42,2,13.91,Card,No
CUST07802,59,Female,Basic,28.12,39,2,8.75,Bank Transfer,No
CUST07803,24,Male,Basic,22.64,42,5,11.0,Cash,No
CUST07804,57,Female,Standard,42.01,70,5,33.31,Card,No
CUST07805,23,Female,Basic,26.91,42,5,38.41,Card,No
CUST07806,39,Female,Premium,75.5,29,0,21.88,Card,No
CUST07807,18,Male,Standard,45.64,68,4,40.04,Card,No
CUST07808,21,Male,Standard,55.45,25,2,27.82,Card,No
CUST07809,63,Male,Standard,55.05,16,3,16.77,Bank Transfer,No
CUST07810,66,Female,Standard,38.55,57,1,14.16,Card,No
CUST07811,69,Male,Standard,44.0,34,3,25.89,Cash,No
CUST07812,67,Female,Standard,46.92,9,3,20.15,Mobile Wallet,No
CUST07813,60,Male,Premium,65.26,35,8,20.39,Bank Transfer,No
CUST07814,46,Male,Standard,51.97,27,5,30.67,Bank Transfer,No
CUST07815,38,Female,Standard,57.55,39,3,26.81,Bank Transfer,No
CUST07816,43,Female,Standard,48.59,45,7,66.97,Card,No
CUST07817,31,Male,Standard,50.94,60,2,13.16,Mobile Wallet,No
CUST07818,26,Male,Basic,27.13,43,4,4.17,Bank Transfer,No
CUST07819,64,Female,Basic,28.73,61,2,67.81,Card,No
CUST07820,29,Female,Premium,95.6,69,5,20.52,Bank Transfer,Yes
CUST07821,59,Male,Basic,20.77,16,3,6.34,Cash,No
CUST07822,68,Female,Premium,75.41,2,2,11.24,Card,Yes
CUST07823,68,Male,Basic,40.46,19,3,29.87,Bank Transfer,No
CUST07824,23,Male,Standard,52.2,64,4,25.83,Card,No
CUST07825,37,Male,Standard,50.05,20,3,25.36,Bank Transfer,No
CUST07826,41,Female,Basic,25.83,58,3,68.68,Bank Transfer,No
CUST07827,44,Male,Standard,66.13,60,6,18.4,Mobile Wallet,No
CUST07828,55,Male,Standard,59.99,59,4,12.9,Mobile Wallet,No
CUST07829,25,Female,Standard,50.32,51,5,21.79,Card,No
CUST07830,18,Female,Standard,63.39,35,3,18.58,Cash,Yes
CUST07831,66,Female,Basic,29.7,10,4,24.87,Card,No
CUST07832,66,Male,Standard,41.18,36,3,29.99,Bank Transfer,No
CUST07833,41,Female,Basic,41.92,53,2,20.98,,No
CUST07834,64,Female,Basic,32.95,54,4,26.66,Mobile Wallet,No
CUST07835,24,Male,Premium,60.01,16,2,17.61,Card,No
CUST07836,36,Male,Standard,66.48,50,2,19.95,Bank Transfer,No
CUST07837,39,Male,Standard,35.5,26,4,10.87,Bank Transfer,No
CUST07838,52,Male,Standard,49.08,31,2,5.6,Bank Transfer,No
CUST07839,47,Female,Basic,18.18,61,3,10.95,Mobile Wallet,No
CUST07840,46,Male,Standard,41.27,42,2,8.62,Card,No
CUST07841,39,Female,Standard,49.68,1,5,6.05,Mobile Wallet,Yes
CUST07842,28,Male,Basic,26.4,42,5,15.79,Cash,No
CUST07843,37,Male,Premium,78.32,49,3,14.58,Mobile Wallet,No
CUST07844,46,Female,Standard,63.95,19,4,32.06,Bank Transfer,No
CUST07845,68,Female,Basic,40.35,57,4,34.29,Mobile Wallet,No
CUST07846,58,Female,Standard,47.13,8,3,47.24,Card,No
CUST07847,59,Male,Standard,53.35,62,6,39.66,Mobile Wallet,No
CUST07848,51,Male,Basic,39.31,9,7,56.04,Mobile Wallet,Yes
CUST07849,18,Female,Standard,65.45,7,3,23.28,Cash,No
CUST07850,48,Female,Premium,77.19,40,4,18.41,Mobile Wallet,Yes
CUST07851,47,Male,Standard,48.72,61,5,15.39,Card,No
CUST07852,65,Female,Premium,63.76,23,4,40.4,Card,No
CUST07853,35,Female,Premium,76.77,41,0,20.96,Bank Transfer,No
CUST07854,34,Male,Premium,76.79,72,1,39.27,Card,No
CUST07855,55,Female,Basic,15.93,23,5,53.55,Mobile Wallet,No
CUST07856,31,Male,Standard,26.5,11,3,29.81,Card,No
CUST07857,40,Male,Basic,37.17,1,1,3.45,Cash,Yes
CUST07858,42,Male,Standard,43.66,49,1,19.46,Card,No
CUST07859,32,Female,Premium,77.64,44,2,14.04,Card,No
CUST07860,63,Female,Basic,26.9,69,1,2.97,Card,No
CUST07861,39,Female,Standard,52.21,14,2,36.74,Card,Yes
CUST07862,20,Female,Standard,38.07,7,2,15.03,Mobile Wallet,No
CUST07863,36,Male,Basic,17.77,60,1,16.44,Mobile Wallet,No
CUST07864,61,Male,Basic,34.47,24,3,14.42,Bank Transfer,No
CUST07865,51,Female,Standard,71.29,4,4,42.83,Card,No
CUST07866,52,Female,Basic,36.89,27,2,32.15,Mobile Wallet,Yes
CUST07867,67,Female,Standard,31.7,62,4,23.04,Card,No
CUST07868,18,Female,Standard,47.1,7,4,4.75,,No
CUST07869,69,Male,Standard,45.01,54,4,21.03,Mobile Wallet,No
CUST07870,38,Female,Basic,27.32,65,2,28.73,Card,No
CUST07871,46,Male,Standard,63.27,67,6,14.59,Bank Transfer,No
CUST07872,23,Female,Basic,35.09,20,1,,Mobile Wallet,No
CUST07873,54,Female,Premium,86.4,58,7,10.0,Cash,Yes
CUST07874,18,Female,Basic,27.58,48,6,46.11,Mobile Wallet,No
CUST07875,68,Male,Premium,66.51,26,3,22.95,Card,No
CUST07876,18,Female,Standard,57.72,34,4,8.02,Mobile Wallet,Yes
CUST07877,44,Male,Standard,60.1,32,1,32.24,Card,No
CUST07878,38,Male,Basic,23.29,40,4,33.65,Bank Transfer,No
CUST07879,70,Female,Basic,32.16,5,1,40.96,Bank Transfer,No
CUST07880,33,Male,Standard,52.17,10,3,26.11,Bank Transfer,No
CUST07881,61,Male,Basic,39.63,46,1,27.6,Mobile Wallet,No
CUST07882,57,Male,Premium,71.63,32,3,12.12,Bank Transfer,No
CUST07883,43,Female,Standard,64.17,61,4,22.94,Mobile Wallet,No
CUST07884,33,Male,Premium,80.72,42,4,24.21,Mobile Wallet,No
CUST07885,45,Male,Standard,68.4,26,1,27.12,Mobile Wallet,No
CUST07886,18,Female,Basic,43.6,23,4,13.0,Mobile Wallet,No
CUST07887,53,Female,Standard,47.14,9,3,6.8,Card,No
CUST07888,27,Male,Basic,40.76,69,4,30.43,Mobile Wallet,No
CUST07889,60,Male,Basic,24.77,55,4,22.91,Bank Transfer,No
CUST07890,34,Male,Basic,41.74,8,1,8.59,Mobile Wallet,No
CUST07891,40,Male,Premium,76.65,56,2,32.04,Bank Transfer,No
CUST07892,24,Female,Standard,48.87,55,4,14.6,Cash,Yes
CUST07893,61,Female,Standard,48.54,43,3,10.4,Card,No
CUST07894,70,Male,Basic,22.49,56,3,29.74,Bank Transfer,No
CUST07895,24,Female,Standard,52.33,36,1,17.55,Card,No
CUST07896,61,Male,Standard,49.66,18,6,30.84,Bank Transfer,No
CUST07897,32,Female,Basic,38.85,31,2,6.88,Mobile Wallet,Yes
CUST07898,51,Female,Basic,30.99,8,3,40.81,Card,No
CUST07899,63,Male,Standard,60.24,19,3,18.64,Mobile Wallet,No
CUST07900,62,Male,Standard,62.56,22,1,29.42,Mobile Wallet,No
CUST07901,21,Male,Basic,22.64,66,5,10.7,Mobile Wallet,No
CUST07902,31,Male,Premium,83.94,11,3,75.72,Card,Yes
CUST07903,31,Female,Basic,30.33,67,2,98.54,Card,No
CUST07904,33,Female,Standard,51.71,33,0,33.43,Cash,No
CUST07905,24,Male,Basic,33.25,53,1,36.42,Card,No
CUST07906,49,Female,Basic,35.54,45,4,15.42,Bank Transfer,No
CUST07907,36,Female,Premium,94.06,67,2,32.36,Mobile Wallet,No
CUST07908,19,Male,Premium,75.8,39,4,17.53,Card,Yes
CUST07909,27,Male,Standard,45.8,37,3,25.54,Card,Yes
CUST07910,67,Female,Premium,84.51,50,3,27.22,Bank Transfer,Yes
CUST07911,34,Male,Premium,67.49,28,3,12.33,Mobile Wallet,Yes
CUST07912,54,Male,Standard,60.32,14,1,17.94,Card,Yes
CUST07913,29,Female,Premium,68.7,52,3,34.23,Mobile Wallet,No
CUST07914,23,Female,Standard,58.51,30,0,30.09,Cash,No
CUST07915,39,Male,Standard,38.03,30,2,21.21,Mobile Wallet,No
CUST07916,49,Female,Standard,51.46,27,2,40.8,Card,No
CUST07917,58,Male,Basic,29.02,66,2,16.19,Bank Transfer,No
CUST07918,37,Male,Premium,72.15,39,3,7.3,Card,No
CUST07919,18,Female,Basic,30.7,42,3,19.77,Bank Transfer,No
CUST07920,64,Female,Premium,91.22,28,3,11.54,Bank Transfer,No
CUST07921,70,Male,Basic,37.6,63,1,14.66,Mobile Wallet,No
CUST07922,23,Male,Basic,36.9,55,2,19.86,Bank Transfer,No
CUST07923,36,Male,Basic,37.61,18,1,19.78,Card,No
CUST07924,35,Female,Premium,78.93,34,3,25.7,Mobile Wallet,Yes
CUST07925,23,Male,Basic,35.07,57,6,10.01,Card,No
CUST07926,62,Female,Standard,62.55,45,6,17.91,Bank Transfer,No
CUST07927,50,Male,Standard,51.64,38,2,11.69,Bank Transfer,No
CUST07928,40,Female,Basic,26.4,23,0,12.1,Mobile Wallet,No
CUST07929,40,Male,Premium,66.31,31,0,4.74,Card,No
CUST07930,43,Female,Basic,19.01,9,1,14.65,Cash,No
CUST07931,30,Male,Standard,57.7,35,1,35.38,Bank Transfer,No
CUST07932,24,Male,Standard,53.55,25,3,24.6,Mobile Wallet,No
CUST07933,32,Male,Basic,26.65,39,3,20.89,Mobile Wallet,No
CUST07934,61,Male,Basic,33.91,30,1,39.53,Card,No
CUST07935,44,Female,Standard,59.13,5,6,8.09,Cash,Yes
CUST07936,43,Female,Premium,76.91,28,4,35.72,Bank Transfer,No
CUST07937,50,Female,Basic,25.97,7,0,26.13,Bank Transfer,No
CUST07938,32,Female,Basic,21.19,42,3,17.76,Mobile Wallet,No
CUST07939,53,Female,Premium,81.79,42,3,36.95,Card,Yes
CUST07940,62,Male,Basic,23.84,57,2,13.02,Card,No
CUST07941,44,Female,Standard,63.96,64,4,11.0,Cash,No
CUST07942,22,Female,Standard,57.09,63,2,28.33,Bank Transfer,No
CUST07943,19,Female,Basic,28.95,18,5,19.47,Cash,No
CUST07944,50,Female,Standard,55.05,45,1,12.02,Mobile Wallet,No
CUST07945,33,Male,Premium,63.4,20,7,12.74,Bank Transfer,No
CUST07946,40,Male,Standard,47.96,2,3,19.34,Card,No
CUST07947,55,Male,Standard,60.08,64,5,24.2,Bank Transfer,No
CUST07948,33,Male,Standard,37.27,30,2,,Card,No
CUST07949,31,Female,Standard,53.05,22,3,26.86,Mobile Wallet,No
CUST07950,46,Female,Basic,30.17,34,0,10.21,Bank Transfer,No
CUST07951,43,Male,Standard,49.16,35,4,6.69,Bank Transfer,No
CUST07952,52,Male,Standard,54.41,69,2,17.34,Mobile Wallet,No
CUST07953,32,Female,Basic,28.73,57,2,16.58,Card,No
CUST07954,20,Female,Premium,62.91,15,4,10.73,Card,Yes
CUST07955,40,Male,Standard,54.2,39,5,28.86,Mobile Wallet,No
CUST07956,46,Male,Premium,66.96,28,2,33.6,Mobile Wallet,No
CUST07957,51,Male,Basic,18.61,12,6,12.46,Mobile Wallet,No
CUST07958,50,Male,Premium,75.53,67,4,42.54,Card,No
CUST07959,58,Female,Standard,57.3,10,1,18.03,Mobile Wallet,No
CUST07960,58,Female,Premium,58.45,7,4,22.42,Mobile Wallet,Yes
CUST07961,40,Female,Premium,84.93,43,3,33.77,Mobile Wallet,No
CUST07962,24,Male,Premium,85.01,20,2,16.89,Bank Transfer,Yes
CUST07963,20,Female,Premium,93.93,47,2,17.1,Card,No
CUST07964,49,Female,Basic,25.03,28,1,19.17,Bank Transfer,No
CUST07965,48,Male,Standard,57.15,18,5,29.0,Card,No
CUST07966,35,Male,Basic,30.56,57,1,38.88,Bank Transfer,No
CUST07967,60,Male,Standard,44.84,51,3,17.36,Card,No
CUST07968,24,Male,Premium,67.18,37,3,15.85,Bank Transfer,No
CUST07969,58,Male,Basic,22.49,8,1,5.53,Bank Transfer,Yes
CUST07970,18,Male,Standard,58.41,70,3,18.77,Card,No
CUST07971,31,Female,Standard,60.26,44,3,46.74,Card,No
CUST07972,69,Female,Basic,19.58,65,2,38.23,Mobile Wallet,No
CUST07973,49,Female,Basic,36.94,50,1,19.89,Bank Transfer,No
CUST07974,23,Female,Basic,22.57,19,2,20.08,Card,No
CUST07975,56,Female,Basic,39.14,49,2,13.99,,No
CUST07976,27,Female,Standard,51.19,67,2,37.51,Bank Transfer,No
CUST07977,24,Male,Standard,39.97,46,3,13.46,Card,No
CUST07978,43,Male,Basic,32.71,70,5,44.45,Mobile Wallet,No
CUST07979,51,Male,Premium,69.43,30,2,34.92,Mobile Wallet,No
CUST07980,47,Female,Standard,34.77,37,6,22.02,Cash,No
CUST07981,53,Female,Standard,64.38,70,3,32.59,Card,No
CUST07982,38,Male,Basic,32.75,47,4,30.4,Card,No
CUST07983,34,Male,Standard,31.81,30,3,23.94,Bank Transfer,No
CUST07984,50,Male,Standard,62.81,34,4,12.51,Mobile Wallet,No
CUST07985,27,Male,Standard,56.11,61,1,8.26,Bank Transfer,No
CUST07986,68,Male,Standard,47.44,35,3,11.4,Card,No
CUST07987,64,Female,Basic,38.61,66,3,17.45,Bank Transfer,No
CUST07988,59,Female,Premium,91.87,13,3,29.16,Mobile Wallet,Yes
CUST07989,68,Female,Standard,34.14,60,1,41.77,Bank Transfer,No
CUST07990,29,Male,Standard,36.02,9,6,25.13,Mobile Wallet,No
CUST07991,33,Female,Premium,97.85,21,5,3.4,Mobile Wallet,No
CUST07992,58,Male,Standard,54.13,41,3,14.48,Card,No
CUST07993,49,Female,Standard,59.15,65,2,22.15,Bank Transfer,No
CUST07994,32,Male,Standard,62.08,49,7,24.64,Card,No
CUST07995,44,Male,Basic,30.29,69,4,26.21,Card,No
CUST07996,45,Female,Premium,61.27,12,5,20.61,Bank Transfer,Yes
CUST07997,34,Female,Standard,38.45,21,3,14.69,Card,No
CUST07998,63,Female,Standard,48.72,61,4,16.51,Card,Yes
CUST07999,67,Female,Premium,89.1,39,4,18.29,Card,Yes
CUST08000,19,Female,Standard,55.97,72,2,22.76,Cash,No
CUST08001,53,Male,Standard,56.6,22,3,23.74,Card,Yes
CUST08002,67,Female,Premium,81.44,57,4,14.13,Mobile Wallet,No
CUST08003,24,Female,Basic,24.81,37,5,14.94,Bank Transfer,No
CUST08004,30,Male,Basic,33.68,41,3,33.91,Mobile Wallet,No
CUST08005,32,Female,Basic,40.34,7,0,33.7,Card,No
CUST08006,42,Male,Premium,75.71,33,1,11.19,Mobile Wallet,Yes
CUST08007,40,Female,Basic,33.04,3,0,38.87,Bank Transfer,Yes
CUST08008,39,Female,Basic,32.64,39,1,15.26,Card,No
CUST08009,43,Male,Basic,29.26,36,5,24.45,Mobile Wallet,No
CUST08010,50,Female,Basic,29.3,40,2,6.34,Bank Transfer,No
CUST08011,28,Female,Standard,54.67,23,1,22.95,Bank Transfer,No
CUST08012,27,Female,Premium,77.31,66,5,23.81,Cash,Yes
CUST08013,42,Female,Basic,31.4,46,3,25.92,Bank Transfer,No
CUST08014,54,Male,Standard,49.24,6,1,62.83,Bank Transfer,No
CUST08015,65,Male,Standard,50.78,71,4,28.35,Card,No
CUST08016,60,Female,Standard,50.48,56,2,6.72,Card,No
CUST08017,70,Female,Premium,79.03,21,5,13.24,Bank Transfer,No
CUST08018,55,Male,Standard,44.0,67,0,19.65,Bank Transfer,No
CUST08019,58,Male,Basic,29.06,26,2,14.85,Card,No
CUST08020,62,Female,Premium,42.87,25,5,21.92,Card,No
CUST08021,41,Male,Standard,65.72,64,3,12.05,Card,No
CUST08022,57,Male,Basic,22.43,53,3,14.44,Card,No
CUST08023,63,Male,Basic,44.27,50,2,11.7,Bank Transfer,No
CUST08024,50,Male,Premium,90.85,29,3,20.19,Bank Transfer,No
CUST08025,34,Female,Standard,48.32,19,2,23.2,Mobile Wallet,No
CUST08026,41,Male,Standard,28.48,58,1,21.86,Bank Transfer,No
CUST08027,54,Female,Premium,88.71,14,2,6.57,Card,Yes
CUST08028,19,Female,Standard,34.2,15,3,23.58,Bank Transfer,Yes
CUST08029,49,Male,Basic,26.46,63,5,8.82,Mobile Wallet,No
CUST08030,41,Female,Standard,63.62,1,3,26.71,Mobile Wallet,No
CUST08031,26,Female,Standard,60.65,64,6,10.99,Cash,No
CUST08032,21,Male,Standard,46.7,11,4,21.35,Bank Transfer,No
CUST08033,34,Male,Basic,31.28,47,3,6.75,Card,No
CUST08034,34,Male,Basic,26.55,9,6,18.43,Bank Transfer,Yes
CUST08035,70,Female,Standard,58.63,54,3,26.16,Cash,No
CUST08036,67,Female,Premium,69.99,27,2,23.43,Mobile Wallet,No
CUST08037,65,Female,Standard,52.64,1,1,53.21,Mobile Wallet,No
CUST08038,47,Female,Premium,73.65,10,3,21.7,Mobile Wallet,No
CUST08039,57,Male,Standard,57.42,13,2,5.28,Cash,Yes
CUST08040,28,Female,Premium,70.1,29,2,31.58,Card,Yes
CUST08041,38,Male,Basic,29.34,5,3,35.57,Cash,No
CUST08042,38,Male,Standard,50.99,53,6,41.18,Cash,Yes
CUST08043,35,Male,Standard,31.97,39,7,6.6,Mobile Wallet,Yes
CUST08044,46,Male,Basic,28.42,52,3,12.83,Bank Transfer,No
CUST08045,41,Female,Standard,51.98,46,3,25.96,Card,No
CUST08046,27,Male,Premium,72.48,39,1,11.01,Card,No
CUST08047,62,Female,Standard,44.18,42,3,14.99,Bank Transfer,No
CUST08048,34,Male,Premium,75.92,48,2,24.13,Cash,No
CUST08049,35,Male,Standard,76.13,31,4,27.52,Bank Transfer,No
CUST08050,59,Male,Standard,41.26,71,2,6.01,Cash,No
CUST08051,65,Female,Standard,43.11,25,4,30.04,Bank Transfer,No
CUST08052,37,Male,Basic,34.15,4,2,7.18,Mobile Wallet,No
CUST08053,54,Male,Standard,71.41,28,2,20.57,,No
CUST08054,62,Male,Standard,47.68,2,3,16.44,Mobile Wallet,No
CUST08055,35,Male,Premium,75.62,26,5,17.1,Cash,Yes
CUST08056,34,Female,Standard,51.8,72,1,7.72,Card,No
CUST08057,26,Female,Basic,35.18,43,4,32.68,Mobile Wallet,No
CUST08058,31,Male,Basic,34.54,38,1,17.58,Card,No
CUST08059,66,Male,Premium,56.58,21,2,16.41,Bank Transfer,Yes
CUST08060,46,Female,Standard,45.03,50,0,4.36,Mobile Wallet,No
CUST08061,48,Female,Premium,74.22,17,6,7.13,Card,No
CUST08062,21,Female,Standard,60.0,30,2,39.82,Cash,No
CUST08063,35,Male,Standard,35.71,43,3,31.79,Mobile Wallet,No
CUST08064,37,Female,Standard,46.53,38,2,36.04,Mobile Wallet,No
CUST08065,64,Male,Basic,40.44,59,3,28.95,Bank Transfer,No
CUST08066,60,Female,Standard,45.01,59,4,4.6,Bank Transfer,No
CUST08067,61,Female,Standard,46.49,44,2,39.58,Card,No
CUST08068,26,Male,Standard,46.66,31,1,15.57,Bank Transfer,No
CUST08069,30,Female,Premium,80.7,37,4,6.92,Cash,No
CUST08070,32,Male,Basic,35.55,47,2,25.84,Cash,No
CUST08071,44,Female,Standard,38.82,71,3,50.0,Card,No
CUST08072,32,Male,Basic,30.66,71,4,42.32,Mobile Wallet,No
CUST08073,45,Female,Basic,17.14,35,5,2.41,,No
CUST08074,54,Female,Standard,57.58,26,7,15.88,Card,Yes
CUST08075,36,Male,Basic,27.94,56,3,13.98,Card,No
CUST08076,43,Male,Standard,44.08,43,5,11.54,Mobile Wallet,No
CUST08077,69,Male,Basic,31.34,19,1,8.67,Card,No
CUST08078,43,Male,Basic,36.2,22,3,12.34,Bank Transfer,No
CUST08079,42,Female,Basic,28.68,57,3,27.97,Bank Transfer,No
CUST08080,43,Female,Basic,35.98,65,5,12.62,Bank Transfer,No
CUST08081,43,Female,Premium,66.92,34,1,14.59,Cash,No
CUST08082,63,Female,Standard,45.14,50,4,8.95,Mobile Wallet,No
CUST08083,45,Female,Premium,,32,7,44.36,Mobile Wallet,No
CUST08084,66,Female,Basic,37.4,53,2,25.62,Cash,No
CUST08085,35,Male,Standard,44.68,51,2,12.14,Card,No
CUST08086,49,Female,Standard,46.5,20,3,16.52,Cash,No
CUST08087,70,Female,Basic,37.47,58,3,49.73,Bank Transfer,No
CUST08088,20,Male,Standard,53.47,45,4,23.01,Bank Transfer,No
CUST08089,19,Female,Standard,58.48,50,1,34.43,Card,No
CUST08090,50,Female,Standard,60.63,8,1,42.98,Mobile Wallet,No
CUST08091,59,Female,Standard,48.32,21,1,45.11,Mobile Wallet,No
CUST08092,36,Male,Standard,56.84,18,2,26.2,Card,No
CUST08093,34,Male,Basic,30.83,15,2,65.98,Card,No
CUST08094,61,Female,Standard,55.39,10,2,36.96,Card,Yes
CUST08095,50,Male,Premium,85.71,63,2,13.28,Mobile Wallet,No
CUST08096,29,Female,Standard,63.61,20,3,14.14,Cash,No
CUST08097,66,Female,Standard,37.19,62,4,33.52,Bank Transfer,No
CUST08098,20,Female,Standard,45.66,52,5,5.48,Card,No
CUST08099,60,Male,Standard,49.11,30,5,5.72,Mobile Wallet,No
CUST08100,66,Female,Standard,51.21,3,2,17.37,Card,No
CUST08101,43,Female,Basic,41.53,1,2,14.33,Card,Yes
CUST08102,52,Female,Standard,42.56,10,3,13.99,Bank Transfer,Yes
CUST08103,25,Female,Standard,50.37,49,7,23.95,Bank Transfer,Yes
CUST08104,69,Female,Standard,44.56,65,3,21.76,Card,No
CUST08105,53,Male,Standard,32.85,33,2,18.2,Cash,No
CUST08106,70,Female,Standard,46.35,35,3,29.1,Mobile Wallet,Yes
CUST08107,24,Male,Premium,84.58,37,1,14.17,Card,Yes
CUST08108,63,Female,Standard,56.01,51,6,20.18,Cash,Yes
CUST08109,63,Male,Standard,52.95,54,1,13.38,Card,No
CUST08110,53,Female,Standard,59.01,63,4,18.55,Bank Transfer,Yes
CUST08111,33,Female,Basic,,46,2,13.11,Mobile Wallet,No
CUST08112,41,Male,Premium,61.28,46,4,17.73,Bank Transfer,No
CUST08113,18,Male,Standard,18.54,50,4,34.1,Mobile Wallet,No
CUST08114,66,Female,Standard,61.43,7,1,31.67,Bank Transfer,No
CUST08115,42,Male,Standard,45.74,61,5,24.82,Mobile Wallet,No
CUST08116,27,Male,Basic,41.25,12,7,13.07,Bank Transfer,No
CUST08117,33,Female,Premium,69.98,38,5,20.57,Cash,Yes
CUST08118,33,Female,Standard,55.77,39,5,14.39,Card,No
CUST08119,25,Female,Standard,65.53,21,1,25.67,Card,No
CUST08120,46,Female,Basic,36.08,23,2,49.93,Bank Transfer,No
CUST08121,56,Female,Standard,56.65,44,2,60.23,Card,No
CUST08122,45,Male,Basic,15.0,44,1,36.49,Card,No
CUST08123,23,Female,Standard,57.12,21,9,41.94,Card,Yes
CUST08124,33,Male,Standard,69.36,61,2,27.24,Bank Transfer,No
CUST08125,37,Female,Basic,39.17,24,1,47.67,Cash,No
CUST08126,33,Female,Standard,46.44,31,6,10.9,Bank Transfer,No
CUST08127,24,Male,Standard,36.9,5,1,24.14,Card,Yes
CUST08128,58,Female,Premium,68.38,65,3,35.12,Card,No
CUST08129,31,Male,Standard,50.59,37,6,45.72,Mobile Wallet,No
CUST08130,60,Male,Basic,20.19,32,1,18.4,Mobile Wallet,No
CUST08131,43,Male,Basic,39.96,66,3,9.67,Card,No
CUST08132,43,Female,Premium,85.99,34,6,20.14,Bank Transfer,Yes
CUST08133,31,Female,Standard,50.85,29,1,54.06,Cash,No
CUST08134,24,Female,Standard,41.01,5,5,28.76,Cash,Yes
CUST08135,50,Female,Basic,28.42,30,1,4.75,Bank Transfer,No
CUST08136,43,Female,Standard,59.53,45,3,19.13,Bank Transfer,No
CUST08137,62,Female,Premium,84.86,18,2,18.62,Bank Transfer,No
CUST08138,37,Male,Standard,52.34,37,2,27.01,,No
CUST08139,20,Female,Basic,27.1,11,1,50.64,Bank Transfer,No
CUST08140,69,Female,Standard,79.52,4,4,19.99,Bank Transfer,Yes
CUST08141,21,Female,Basic,30.41,46,2,17.71,Mobile Wallet,No
CUST08142,43,Female,Premium,81.52,3,6,12.83,Card,Yes
CUST08143,28,Male,Standard,45.45,53,2,8.44,Bank Transfer,No
CUST08144,19,Male,Standard,61.64,24,5,16.84,Cash,No
CUST08145,31,Male,Standard,45.05,8,3,8.67,Bank Transfer,No
CUST08146,61,Male,Premium,68.16,6,1,21.73,Card,Yes
CUST08147,47,Male,Premium,65.87,18,2,19.75,Card,No
CUST08148,66,Female,Basic,29.1,6,3,6.82,Cash,No
CUST08149,29,Male,Premium,80.91,39,1,22.69,Cash,No
CUST08150,43,Male,Premium,74.58,1,3,5.06,Card,No
CUST08151,61,Female,Standard,51.33,15,4,43.91,Cash,Yes
CUST08152,50,Female,Premium,76.84,14,5,9.48,Mobile Wallet,Yes
CUST08153,30,Male,Standard,53.94,46,3,43.25,Mobile Wallet,No
CUST08154,31,Female,Standard,35.34,41,6,36.38,Mobile Wallet,No
CUST08155,41,Female,Basic,24.48,6,1,17.42,Bank Transfer,No
CUST08156,51,Male,Standard,52.78,20,1,18.45,Mobile Wallet,No
CUST08157,61,Female,Basic,25.59,68,4,14.51,Bank Transfer,No
CUST08158,43,Male,Premium,80.7,40,3,27.89,Cash,No
CUST08159,38,Male,Premium,70.61,19,1,13.68,Cash,No
CUST08160,45,Female,Standard,51.93,69,2,28.16,Cash,No
CUST08161,65,Male,Standard,48.43,2,5,23.81,Mobile Wallet,No
CUST08162,53,Male,Standard,53.79,44,4,6.22,Bank Transfer,No
CUST08163,57,Female,Basic,29.27,53,4,7.85,Mobile Wallet,No
CUST08164,19,Female,Standard,52.65,6,3,9.25,Card,Yes
CUST08165,59,Female,Standard,50.04,43,3,25.08,Bank Transfer,No
CUST08166,26,Female,Basic,38.84,19,2,25.13,Card,No
CUST08167,40,Male,Basic,30.08,18,0,54.83,Bank Transfer,No
CUST08168,32,Female,Standard,56.99,30,4,47.72,Bank Transfer,No
CUST08169,30,Female,Standard,43.62,71,4,28.75,Card,No
CUST08170,40,Male,Premium,87.15,17,1,26.92,Card,Yes
CUST08171,34,Male,Basic,35.55,53,4,22.03,Cash,No
CUST08172,65,Male,Basic,35.07,68,0,32.61,Bank Transfer,No
CUST08173,19,Male,Standard,37.07,64,3,18.69,Mobile Wallet,No
CUST08174,37,Female,Standard,54.8,3,4,11.94,,No
CUST08175,37,Female,Standard,68.15,25,2,7.81,Bank Transfer,No
CUST08176,63,Male,Standard,43.96,30,3,14.93,Mobile Wallet,No
CUST08177,20,Male,Standard,45.1,36,4,25.26,Card,No
CUST08178,29,Male,Standard,47.8,41,0,48.31,Mobile Wallet,No
CUST08179,57,Male,Basic,34.55,23,1,40.57,Bank Transfer,No
CUST08180,19,Female,Standard,45.73,50,6,21.15,Cash,No
CUST08181,53,Male,Basic,37.16,16,0,28.39,Cash,No
CUST08182,31,Female,Basic,27.48,72,1,5.36,Card,No
CUST08183,33,Male,Basic,17.64,30,3,20.29,Mobile Wallet,No
CUST08184,36,Female,Basic,35.01,60,3,47.1,Card,No
CUST08185,51,Female,Premium,90.3,61,3,15.64,Mobile Wallet,No
CUST08186,61,Female,Basic,24.47,6,3,18.96,Card,Yes
CUST08187,63,Female,Basic,24.82,39,3,51.3,Card,No
CUST08188,23,Male,Premium,67.26,5,2,11.88,Mobile Wallet,Yes
CUST08189,30,Female,Standard,35.02,3,3,36.68,Card,No
CUST08190,53,Male,Standard,56.32,30,0,24.67,Card,Yes
CUST08191,39,Female,Standard,44.18,11,3,8.81,Cash,No
CUST08192,35,Female,Standard,53.97,3,3,15.6,Card,No
CUST08193,29,Male,Basic,28.3,15,0,13.4,Bank Transfer,No
CUST08194,69,Male,Basic,37.5,44,4,43.43,Bank Transfer,Yes
CUST08195,47,Female,Premium,75.36,54,2,55.94,Cash,No
CUST08196,70,Female,Basic,22.75,1,3,15.03,Cash,No
CUST08197,68,Male,Basic,,13,2,18.0,Card,No
CUST08198,57,Female,Standard,58.42,63,2,48.39,Mobile Wallet,No
CUST08199,24,Male,Basic,32.75,56,6,34.29,Card,No
CUST08200,49,Male,Standard,63.54,39,1,15.45,Mobile Wallet,No
CUST08201,65,Male,Premium,71.67,39,4,26.61,Cash,No
CUST08202,36,Female,Premium,76.34,67,1,64.17,Bank Transfer,No
CUST08203,23,Female,Standard,43.97,30,6,32.25,Mobile Wallet,No
CUST08204,37,Male,Basic,40.58,41,2,25.89,Bank Transfer,No
CUST08205,44,Male,Premium,82.84,11,6,5.72,Mobile Wallet,Yes
CUST08206,70,Male,Standard,47.64,70,3,11.25,Card,No
CUST08207,60,Male,Basic,35.82,22,3,29.63,Bank Transfer,No
CUST08208,54,Female,Standard,60.76,38,6,17.69,Card,No
CUST08209,65,Male,Standard,45.28,12,2,5.84,Mobile Wallet,No
CUST08210,24,Female,Basic,33.95,36,6,14.91,Bank Transfer,No
CUST08211,22,Male,Standard,44.3,50,3,70.01,Bank Transfer,No
CUST08212,28,Female,Premium,67.7,17,2,5.28,,No
CUST08213,32,Female,Basic,35.08,32,3,14.57,Bank Transfer,No
CUST08214,20,Female,Standard,49.23,45,3,21.2,Bank Transfer,No
CUST08215,22,Female,Standard,64.39,37,2,15.0,Card,No
CUST08216,40,Female,Standard,34.78,67,3,11.02,Mobile Wallet,No
CUST08217,70,Male,Basic,20.95,25,3,40.98,Mobile Wallet,No
CUST08218,54,Male,Standard,55.83,49,1,23.65,Card,No
CUST08219,26,Female,Standard,42.31,43,5,20.8,Cash,No
CUST08220,32,Male,Premium,68.99,19,3,7.01,Mobile Wallet,Yes
CUST08221,20,Male,Premium,92.99,26,4,17.35,Mobile Wallet,No
CUST08222,46,Male,Premium,90.91,15,2,9.4,Bank Transfer,No
CUST08223,23,Male,Basic,30.4,53,5,35.09,Card,No
CUST08224,34,Male,Basic,23.29,20,2,33.7,Bank Transfer,No
CUST08225,43,Male,Standard,46.65,5,3,18.87,Cash,Yes
CUST08226,38,Male,Standard,66.68,64,4,6.19,Bank Transfer,No
CUST08227,25,Female,Premium,76.98,48,1,21.39,Card,No
CUST08228,38,Male,Standard,71.45,40,5,13.95,Card,No
CUST08229,28,Male,Standard,50.76,24,3,22.67,Mobile Wallet,No
CUST08230,55,Male,Basic,30.71,70,3,19.54,Mobile Wallet,No
CUST08231,25,Female,Premium,72.54,12,2,24.18,Cash,No
CUST08232,59,Female,Basic,25.48,4,4,30.68,Bank Transfer,No
CUST08233,41,Male,Basic,16.79,43,4,16.45,Card,No
CUST08234,52,Female,Premium,88.01,52,3,24.65,Card,No
CUST08235,31,Female,Standard,60.74,21,2,21.1,Card,Yes
CUST08236,31,Male,Basic,24.94,69,3,5.22,Card,No
CUST08237,27,Female,Standard,40.8,13,3,37.9,Card,No
CUST08238,29,Male,Basic,36.95,2,3,31.04,Card,No
CUST08239,55,Female,Standard,37.47,6,1,18.46,Card,Yes
CUST08240,61,Male,Basic,33.9,23,6,13.6,Card,No
CUST08241,63,Female,Premium,77.21,36,2,25.03,Mobile Wallet,No
CUST08242,51,Male,Standard,37.93,10,2,19.46,Card,No
CUST08243,58,Male,Standard,61.22,27,3,24.85,Bank Transfer,No
CUST08244,27,Female,Basic,29.82,7,3,27.47,Card,No
CUST08245,34,Male,Basic,35.07,50,2,14.57,Cash,No
CUST08246,34,Male,Standard,72.8,21,2,17.87,Card,Yes
CUST08247,20,Female,Standard,50.87,46,6,12.29,Bank Transfer,Yes
CUST08248,48,Male,Basic,33.07,1,7,15.34,Card,No
CUST08249,68,Male,Standard,52.28,55,3,18.13,Bank Transfer,No
CUST08250,18,Female,Premium,106.86,53,1,20.13,Card,No
CUST08251,29,Male,Standard,54.33,21,1,50.38,Bank Transfer,No
CUST08252,56,Female,Basic,42.35,32,2,33.61,Cash,No
CUST08253,21,Male,Standard,49.59,14,3,9.44,Bank Transfer,No
CUST08254,59,Female,Standard,33.11,39,2,23.89,Mobile Wallet,No
CUST08255,30,Female,Basic,29.44,42,4,34.99,Card,No
CUST08256,51,Male,Basic,34.27,25,0,19.79,Card,No
CUST08257,59,Female,Standard,37.77,29,2,16.15,Card,No
CUST08258,38,Male,Premium,78.16,32,1,5.67,,No
CUST08259,39,Male,Standard,42.23,11,1,6.05,Card,No
CUST08260,21,Female,Basic,33.23,28,3,23.94,Card,No
CUST08261,35,Male,Standard,48.76,69,3,28.54,Card,No
CUST08262,22,Male,Basic,34.35,25,5,3.9,Card,No
CUST08263,36,Female,Basic,18.83,52,1,9.49,Card,No
CUST08264,19,Male,Standard,60.25,41,1,17.03,Bank Transfer,No
CUST08265,29,Male,Premium,88.27,51,3,37.71,Mobile Wallet,Yes
CUST08266,34,Female,Premium,75.59,7,3,45.78,Mobile Wallet,Yes
CUST08267,27,Male,Basic,34.62,33,4,10.16,Card,Yes
CUST08268,51,Male,Standard,47.85,42,3,30.24,Mobile Wallet,No
CUST08269,23,Female,Basic,28.74,57,3,19.42,Card,No
CUST08270,25,Male,Basic,31.62,11,4,19.9,Bank Transfer,No
CUST08271,68,Male,Premium,67.37,70,2,13.21,Bank Transfer,No
CUST08272,28,Female,Premium,61.77,67,7,1.0,Mobile Wallet,Yes
CUST08273,29,Male,Basic,30.96,30,4,35.3,Cash,No
CUST08274,26,Male,Basic,15.86,23,1,45.03,Cash,No
CUST08275,19,Female,Basic,25.63,51,3,15.13,Mobile Wallet,No
CUST08276,25,Female,Standard,45.32,5,2,26.36,Card,No
CUST08277,28,Male,Premium,82.84,50,1,40.43,Bank Transfer,No
CUST08278,70,Male,Basic,24.43,44,1,41.62,Card,No
CUST08279,53,Female,Standard,39.48,15,5,18.69,Card,Yes
CUST08280,27,Male,Basic,47.66,2,1,5.6,Cash,No
CUST08281,38,Male,Basic,25.09,24,5,15.83,Cash,No
CUST08282,37,Male,Standard,68.9,54,1,49.94,Card,No
CUST08283,65,Female,Premium,79.58,10,5,23.81,Bank Transfer,No
CUST08284,25,Male,Basic,24.18,35,2,2.08,Mobile Wallet,No
CUST08285,53,Male,Basic,32.63,41,3,34.17,Card,No
CUST08286,46,Female,Basic,30.2,47,4,1.71,Card,No
CUST08287,59,Female,Standard,52.2,30,0,26.21,Cash,No
CUST08288,29,Female,Basic,30.35,38,2,26.05,Card,No
CUST08289,31,Male,Standard,49.57,26,3,24.86,Mobile Wallet,Yes
CUST08290,65,Male,Standard,53.48,20,2,23.02,Mobile Wallet,No
CUST08291,67,Female,Basic,33.65,36,1,5.14,Card,No
CUST08292,38,Male,Standard,67.02,64,7,91.28,Card,No
CUST08293,39,Male,Basic,22.84,43,2,21.4,Bank Transfer,No
CUST08294,38,Male,Standard,42.37,40,6,29.3,Bank Transfer,No
CUST08295,61,Male,Standard,34.96,18,2,6.45,Bank Transfer,Yes
CUST08296,67,Female,Premium,70.03,22,0,51.38,Cash,Yes
CUST08297,47,Female,Basic,28.19,16,2,14.37,Mobile Wallet,No
CUST08298,56,Male,Standard,61.27,3,5,19.1,Card,No
CUST08299,37,Female,Basic,25.87,69,4,31.73,Cash,No
CUST08300,41,Male,Premium,92.87,27,6,24.68,Card,Yes
CUST08301,40,Male,Standard,35.34,40,4,44.94,Cash,No
CUST08302,24,Female,Basic,24.9,4,4,34.42,,Yes
CUST08303,26,Female,Basic,21.0,43,4,11.9,Mobile Wallet,No
CUST08304,18,Male,Premium,77.99,52,4,15.03,Cash,No
CUST08305,43,Male,Premium,77.52,52,3,24.89,Card,No
CUST08306,55,Male,Premium,81.07,66,3,28.11,Cash,No
CUST08307,55,Male,Premium,,62,6,50.75,Card,No
CUST08308,61,Female,Premium,79.79,63,4,20.63,Cash,No
CUST08309,39,Female,Standard,61.63,51,3,21.35,Mobile Wallet,No
CUST08310,61,Male,Basic,34.25,64,1,44.8,Mobile Wallet,No
CUST08311,27,Male,Basic,,56,3,31.46,Card,No
CUST08312,23,Female,Standard,56.06,11,4,14.12,Cash,No
CUST08313,34,Male,Standard,58.12,35,3,22.01,Mobile Wallet,Yes
CUST08314,68,Female,Standard,44.0,11,3,9.37,Cash,No
CUST08315,67,Male,Basic,29.75,33,3,24.96,Mobile Wallet,No
CUST08316,55,Female,Standard,44.11,66,5,6.58,Bank Transfer,No
CUST08317,41,Male,Basic,33.99,1,4,35.0,Mobile Wallet,No
CUST08318,68,Male,Standard,54.73,33,4,21.87,Card,No
CUST08319,27,Male,Standard,65.99,27,2,14.87,Card,Yes
CUST08320,25,Female,Basic,24.25,65,7,43.89,Card,No
CUST08321,38,Female,Premium,87.13,45,6,16.85,,No
CUST08322,23,Male,Standard,47.48,44,0,31.24,Bank Transfer,No
CUST08323,38,Male,Premium,71.75,40,3,15.52,Mobile Wallet,No
CUST08324,56,Male,Basic,23.98,45,2,25.24,Card,No
CUST08325,41,Male,Basic,38.07,2,6,32.85,Card,No
CUST08326,50,Female,Basic,15.0,41,4,3.48,Mobile Wallet,No
CUST08327,35,Female,Basic,19.11,52,1,27.81,Card,No
CUST08328,45,Female,Basic,34.2,17,3,35.9,Cash,No
CUST08329,69,Male,Basic,33.06,50,3,11.71,Card,No
CUST08330,49,Male,Premium,60.61,41,1,15.02,Bank Transfer,No
CUST08331,29,Female,Premium,83.52,5,4,44.83,Bank Transfer,No
CUST08332,65,Male,Premium,59.31,52,3,44.08,Mobile Wallet,No
CUST08333,59,Female,Premium,64.38,48,2,27.69,Mobile Wallet,No
CUST08334,44,Female,Standard,43.65,13,3,32.53,Card,Yes
CUST08335,27,Female,Standard,57.11,55,3,14.51,Cash,No
CUST08336,63,Female,Basic,36.02,34,1,18.67,Cash,No
CUST08337,69,Male,Basic,32.08,55,3,24.26,Bank Transfer,No
CUST08338,59,Female,Standard,49.07,44,9,14.72,Card,No
CUST08339,49,Male,Premium,65.06,41,1,27.14,Card,No
CUST08340,59,Female,Standard,55.38,2,0,37.83,Card,No
CUST08341,43,Female,Premium,55.23,56,1,9.52,Card,Yes
CUST08342,42,Female,Basic,38.09,13,3,17.34,Mobile Wallet,No
CUST08343,28,Female,Standard,34.57,48,0,21.96,Bank Transfer,No
CUST08344,40,Male,Standard,45.43,40,5,44.96,Card,No
CUST08345,51,Male,Premium,83.01,60,2,39.85,Mobile Wallet,No
CUST08346,69,Male,Premium,74.72,37,3,16.55,Mobile Wallet,No
CUST08347,57,Male,Standard,57.78,21,5,10.9,Card,No
CUST08348,40,Female,Basic,38.68,18,3,30.32,Card,No
CUST08349,46,Male,Basic,34.37,55,5,13.41,Card,No
CUST08350,48,Male,Standard,54.12,63,4,19.72,,No
CUST08351,24,Female,Premium,73.85,60,3,25.8,Cash,No
CUST08352,57,Male,Basic,37.85,46,4,37.42,Card,No
CUST08353,50,Male,Basic,23.9,16,3,15.58,,No
CUST08354,38,Male,Basic,28.2,44,4,21.2,Mobile Wallet,No
CUST08355,19,Male,Premium,69.42,12,2,4.27,Card,No
CUST08356,35,Female,Standard,50.83,64,0,36.43,Bank Transfer,No
CUST08357,64,Female,Standard,60.03,28,1,28.36,Card,No
CUST08358,50,Male,Standard,70.33,55,4,27.75,Card,No
CUST08359,54,Female,Basic,34.06,28,2,21.84,Mobile Wallet,No
CUST08360,51,Male,Basic,26.18,38,5,20.75,Bank Transfer,No
CUST08361,37,Male,Premium,64.96,55,3,16.04,Cash,Yes
CUST08362,52,Male,Premium,70.4,14,5,46.95,Bank Transfer,No
CUST08363,68,Female,Standard,38.82,31,9,9.93,Bank Transfer,Yes
CUST08364,67,Female,Standard,50.61,63,2,5.87,Mobile Wallet,No
CUST08365,35,Female,Premium,90.08,46,5,30.31,Mobile Wallet,No
CUST08366,63,Female,Standard,31.8,4,1,59.48,Mobile Wallet,No
CUST08367,41,Female,Basic,27.12,20,3,36.14,Cash,No
CUST08368,25,Female,Standard,71.75,72,4,11.36,Bank Transfer,No
CUST08369,47,Male,Standard,48.93,24,3,30.83,Bank Transfer,No
CUST08370,61,Female,Standard,48.92,38,4,11.46,Mobile Wallet,No
CUST08371,70,Male,Premium,84.67,24,7,11.82,Card,No
CUST08372,27,Male,Premium,79.31,69,4,7.21,Card,No
CUST08373,40,Female,Basic,28.35,48,3,15.41,Card,No
CUST08374,69,Male,Standard,33.59,45,6,21.75,Bank Transfer,No
CUST08375,66,Male,Basic,30.31,21,6,17.53,Cash,No
CUST08376,28,Male,Standard,44.39,66,5,42.73,Bank Transfer,No
CUST08377,19,Female,Standard,38.25,53,4,25.78,Mobile Wallet,No
CUST08378,43,Female,Standard,41.39,65,3,62.34,Cash,No
CUST08379,53,Male,Premium,76.65,8,6,20.36,Card,Yes
CUST08380,50,Female,Standard,41.51,34,2,32.17,Mobile Wallet,No
CUST08381,64,Male,Premium,66.4,10,4,7.77,Cash,No
CUST08382,30,Female,Basic,27.06,1,5,18.95,Card,No
CUST08383,57,Male,Basic,37.58,35,4,10.17,Bank Transfer,Yes
CUST08384,42,Male,Standard,61.74,55,5,40.23,Bank Transfer,No
CUST08385,21,Female,Premium,61.9,26,0,29.99,Cash,No
CUST08386,59,Female,Standard,46.7,68,2,14.66,Mobile Wallet,No
CUST08387,36,Female,Basic,35.42,5,4,37.09,Bank Transfer,No
CUST08388,35,Female,Standard,63.04,67,0,26.4,Bank Transfer,No
CUST08389,54,Female,Standard,46.23,19,1,41.44,Bank Transfer,Yes
CUST08390,47,Male,Premium,63.44,43,2,43.4,Mobile Wallet,No
CUST08391,36,Male,Standard,33.95,39,6,50.56,Mobile Wallet,No
CUST08392,40,Male,Premium,70.52,27,6,23.78,Cash,No
CUST08393,33,Female,Standard,41.85,22,3,16.04,Card,No
CUST08394,18,Female,Basic,35.7,49,3,19.16,Cash,No
CUST08395,29,Male,Standard,42.11,58,2,11.52,Card,No
CUST08396,41,Male,Standard,55.13,59,2,10.11,Bank Transfer,No
CUST08397,51,Male,Premium,92.9,40,0,24.3,Bank Transfer,No
CUST08398,70,Male,Basic,39.99,15,4,18.44,Mobile Wallet,No
CUST08399,25,Female,Basic,35.22,32,3,33.35,Mobile Wallet,No
CUST08400,35,Male,Basic,30.13,58,1,47.17,Card,No
CUST08401,65,Female,Standard,48.81,56,3,17.34,Mobile Wallet,No
CUST08402,22,Male,Basic,42.35,52,0,8.01,Card,No
CUST08403,43,Female,Standard,47.82,28,2,74.91,Cash,No
CUST08404,47,Female,Premium,78.01,24,4,18.1,Card,No
CUST08405,30,Female,Standard,47.24,37,4,7.91,Card,No
CUST08406,36,Female,Standard,57.64,62,4,23.57,Cash,No
CUST08407,46,Male,Premium,92.16,5,1,26.07,Card,No
CUST08408,20,Male,Standard,58.8,44,2,17.74,Card,No
CUST08409,43,Male,Basic,31.57,50,2,38.29,Bank Transfer,No
CUST08410,57,Female,Basic,17.72,1,7,34.97,Card,No
CUST08411,29,Male,Standard,52.74,64,1,12.73,Card,No
CUST08412,19,Male,Basic,27.83,72,2,39.35,Cash,No
CUST08413,28,Male,Standard,41.48,1,1,14.66,Mobile Wallet,No
CUST08414,61,Female,Premium,85.44,15,5,44.14,Mobile Wallet,No
CUST08415,45,Female,Standard,41.94,1,5,16.84,Bank Transfer,No
CUST08416,35,Female,Standard,45.68,52,2,24.61,Mobile Wallet,No
CUST08417,30,Male,Basic,,41,2,30.1,Cash,No
CUST08418,54,Male,Premium,66.33,63,4,18.13,Card,No
CUST08419,39,Male,Premium,81.22,46,0,31.6,Mobile Wallet,No
CUST08420,29,Female,Standard,45.69,21,2,13.17,Mobile Wallet,No
CUST08421,19,Male,Standard,70.43,65,3,16.07,Card,No
CUST08422,54,Female,Standard,67.69,52,4,9.09,Mobile Wallet,No
CUST08423,24,Female,Basic,26.22,31,2,20.55,Bank Transfer,No
CUST08424,43,Female,Basic,24.78,71,2,28.06,Bank Transfer,No
CUST08425,43,Female,Basic,22.63,36,0,12.79,Cash,No
CUST08426,41,Male,Standard,52.39,24,3,52.98,Cash,No
CUST08427,29,Male,Basic,34.52,38,1,12.81,Cash,No
CUST08428,33,Female,Basic,34.43,68,5,23.3,Card,No
CUST08429,40,Male,Basic,27.06,2,3,44.19,Card,No
CUST08430,57,Female,Standard,41.32,66,2,23.81,Card,No
CUST08431,26,Male,Standard,44.06,57,2,27.81,Card,No
CUST08432,49,Male,Basic,,63,5,15.11,Mobile Wallet,No
CUST08433,32,Female,Premium,87.25,71,3,13.11,Card,No
CUST08434,54,Female,Standard,50.37,41,2,11.94,Card,No
CUST08435,30,Female,Basic,27.91,7,3,10.67,Mobile Wallet,No
CUST08436,22,Female,Basic,29.67,57,4,46.32,Card,No
CUST08437,28,Male,Standard,41.26,45,2,32.85,Bank Transfer,No
CUST08438,27,Female,Basic,32.03,8,2,37.72,Card,No
CUST08439,69,Male,Basic,48.96,3,3,31.62,Card,Yes
CUST08440,30,Female,Standard,48.16,32,7,14.26,Card,No
CUST08441,58,Male,Standard,58.55,68,1,47.27,Cash,No
CUST08442,70,Female,Standard,50.82,10,2,8.97,Card,Yes
CUST08443,63,Male,Standard,62.8,18,1,38.21,Card,No
CUST08444,67,Male,Premium,70.61,53,4,25.05,Card,No
CUST08445,32,Male,Basic,29.96,11,4,5.78,Card,No
CUST08446,59,Female,Basic,26.83,32,4,17.1,Cash,Yes
CUST08447,24,Female,Premium,83.95,6,0,1.96,Bank Transfer,No
CUST08448,57,Female,Standard,,38,5,24.53,Bank Transfer,No
CUST08449,45,Female,Standard,55.44,55,4,17.6,Bank Transfer,No
CUST08450,49,Male,Basic,34.0,28,3,21.8,Mobile Wallet,No
CUST08451,52,Male,Basic,28.47,26,6,20.59,Card,No
CUST08452,32,Male,Basic,17.37,72,1,28.23,Bank Transfer,No
CUST08453,65,Female,Standard,64.59,22,2,29.74,Mobile Wallet,No
CUST08454,53,Male,Basic,18.8,6,3,20.39,Bank Transfer,No
CUST08455,38,Male,Standard,54.88,36,0,13.79,Cash,No
CUST08456,23,Female,Standard,50.73,11,1,27.95,Card,No
CUST08457,18,Female,Basic,26.51,34,1,16.24,Bank Transfer,Yes
CUST08458,21,Male,Basic,27.42,3,4,16.41,Card,No
CUST08459,28,Female,Standard,32.34,50,3,12.35,Cash,No
CUST08460,61,Female,Basic,36.16,36,1,46.69,Card,No
CUST08461,43,Female,Basic,37.38,55,5,14.62,Bank Transfer,No
CUST08462,54,Female,Basic,24.8,30,4,25.36,Bank Transfer,No
CUST08463,40,Male,Standard,48.14,62,2,8.39,Cash,No
CUST08464,46,Male,Standard,53.36,53,4,12.19,Cash,No
CUST08465,38,Male,Basic,32.95,50,4,13.94,Cash,No
CUST08466,65,Male,Standard,47.37,32,6,15.8,Mobile Wallet,No
CUST08467,62,Male,Premium,102.34,9,2,9.37,Bank Transfer,Yes
CUST08468,62,Female,Standard,53.68,16,2,3.99,,Yes
CUST08469,66,Male,Basic,31.6,38,3,12.07,Bank Transfer,No
CUST08470,44,Male,Standard,66.64,19,7,25.06,Cash,No
CUST08471,56,Female,Standard,51.03,36,0,11.71,Card,No
CUST08472,57,Female,Premium,78.58,11,2,39.49,Card,No
CUST08473,30,Female,Premium,89.59,63,4,27.85,Card,No
CUST08474,40,Male,Standard,49.76,43,3,8.53,Bank Transfer,No
CUST08475,33,Female,Standard,63.58,33,1,14.63,Card,No
CUST08476,47,Female,Premium,77.94,49,3,25.44,Card,No
CUST08477,21,Female,Premium,53.45,51,3,16.71,Mobile Wallet,No
CUST08478,57,Male,Standard,60.33,50,2,27.53,Cash,Yes
CUST08479,33,Female,Basic,32.15,24,5,48.75,Mobile Wallet,No
CUST08480,48,Female,Basic,43.72,21,3,29.86,Bank Transfer,No
CUST08481,70,Male,Standard,54.06,26,1,20.49,Bank Transfer,No
CUST08482,59,Female,Standard,58.11,19,3,21.88,Mobile Wallet,No
CUST08483,42,Male,Premium,83.41,67,4,6.61,Bank Transfer,No
CUST08484,61,Male,Premium,76.28,66,4,27.98,Bank Transfer,No
CUST08485,29,Female,Basic,24.5,41,2,16.15,Bank Transfer,No
CUST08486,43,Male,Standard,40.6,64,2,70.25,Mobile Wallet,No
CUST08487,54,Female,Basic,39.03,33,1,33.34,Cash,No
CUST08488,65,Female,Standard,58.01,32,5,24.73,Card,No
CUST08489,50,Female,Standard,42.04,25,1,7.48,Cash,No
CUST08490,45,Female,Basic,22.3,60,4,20.14,Bank Transfer,No
CUST08491,26,Male,Basic,31.68,3,4,19.64,Card,Yes
CUST08492,29,Female,Basic,25.17,51,0,8.81,Card,No
CUST08493,22,Female,Basic,20.86,7,6,64.49,Mobile Wallet,No
CUST08494,69,Female,Premium,75.96,61,6,24.82,Mobile Wallet,Yes
CUST08495,45,Male,Basic,31.41,25,4,4.17,Bank Transfer,No
CUST08496,52,Male,Basic,31.2,8,0,40.55,Cash,No
CUST08497,22,Female,Basic,26.68,25,2,7.1,Card,No
CUST08498,51,Male,Premium,74.15,63,2,17.38,Bank Transfer,No
CUST08499,63,Male,Basic,40.56,32,4,37.24,Bank Transfer,No
CUST08500,51,Female,Basic,27.07,32,4,48.15,Mobile Wallet,No
CUST08501,30,Female,Standard,51.01,53,6,9.15,Mobile Wallet,No
CUST08502,56,Female,Basic,33.47,25,6,15.82,Bank Transfer,Yes
CUST08503,59,Female,Basic,37.19,26,3,22.25,Card,No
CUST08504,62,Female,Standard,41.33,8,2,23.3,Bank Transfer,No
CUST08505,65,Male,Basic,30.8,69,5,12.05,Cash,No
CUST08506,31,Female,Premium,94.9,2,2,30.11,Cash,Yes
CUST08507,28,Female,Standard,48.27,19,1,38.63,Card,No
CUST08508,59,Female,Standard,74.39,67,3,12.51,Mobile Wallet,Yes
CUST08509,55,Female,Basic,37.43,70,1,21.1,Mobile Wallet,No
CUST08510,21,Female,Premium,51.26,8,4,44.14,Card,Yes
CUST08511,70,Male,Standard,55.11,59,2,24.35,Bank Transfer,No
CUST08512,50,Female,Basic,20.89,5,1,10.5,Mobile Wallet,No
CUST08513,24,Male,Basic,25.55,31,2,23.6,Card,No
CUST08514,58,Female,Standard,57.57,13,4,17.5,Card,Yes
CUST08515,25,Female,Standard,50.99,1,3,7.76,Mobile Wallet,Yes
CUST08516,54,Female,Premium,64.34,46,3,20.36,Cash,No
CUST08517,68,Male,Standard,41.75,4,3,11.23,Card,No
CUST08518,27,Female,Standard,61.51,20,1,6.09,Bank Transfer,No
CUST08519,60,Female,Basic,40.13,32,3,17.5,Bank Transfer,No
CUST08520,32,Female,Standard,39.62,3,4,20.47,Mobile Wallet,No
CUST08521,55,Female,Premium,64.71,52,2,13.29,Card,No
CUST08522,32,Female,Standard,43.86,11,2,19.89,Mobile Wallet,No
CUST08523,22,Female,Basic,37.33,9,6,21.03,,No
CUST08524,46,Female,Basic,28.87,57,1,10.5,Mobile Wallet,No
CUST08525,36,Male,Basic,31.36,62,2,40.61,Mobile Wallet,No
CUST08526,68,Female,Standard,50.79,56,4,29.24,Mobile Wallet,Yes
CUST08527,27,Female,Premium,93.12,51,2,24.05,Bank Transfer,No
CUST08528,29,Female,Basic,30.86,2,3,41.76,Mobile Wallet,No
CUST08529,21,Male,Basic,25.0,15,4,20.3,Mobile Wallet,No
CUST08530,48,Male,Standard,41.62,69,2,32.94,Card,No
CUST08531,35,Female,Premium,68.25,39,3,38.45,Card,Yes
CUST08532,33,Male,Standard,48.19,34,1,22.15,Mobile Wallet,No
CUST08533,57,Female,Basic,26.84,43,4,12.06,Bank Transfer,Yes
CUST08534,53,Female,Basic,19.31,66,1,10.73,Mobile Wallet,No
CUST08535,42,Male,Standard,62.46,45,1,15.89,Bank Transfer,No
CUST08536,40,Female,Premium,103.68,27,3,12.82,Cash,Yes
CUST08537,29,Male,Basic,43.01,67,4,33.22,Card,No
CUST08538,51,Male,Standard,49.25,62,4,26.58,Bank Transfer,No
CUST08539,53,Male,Standard,49.29,64,1,21.42,Mobile Wallet,No
CUST08540,54,Female,Standard,52.08,2,1,45.13,Bank Transfer,No
CUST08541,20,Female,Basic,39.12,28,4,49.98,Cash,No
CUST08542,26,Female,Premium,67.42,41,3,13.56,Card,No
CUST08543,70,Female,Standard,46.25,52,2,17.03,Cash,No
CUST08544,35,Female,Standard,49.56,14,5,20.81,Card,Yes
CUST08545,60,Female,Standard,54.27,61,6,12.04,Cash,No
CUST08546,52,Female,Premium,60.3,50,3,43.72,Bank Transfer,Yes
CUST08547,51,Male,Standard,42.59,13,1,6.25,Bank Transfer,No
CUST08548,58,Female,Standard,53.9,68,3,26.39,Mobile Wallet,No
CUST08549,31,Female,Standard,54.36,19,6,56.07,Bank Transfer,No
CUST08550,21,Female,Standard,72.88,36,2,8.77,Card,No
CUST08551,46,Male,Basic,17.41,70,4,11.16,Bank Transfer,No
CUST08552,58,Male,Premium,91.34,12,5,14.2,Mobile Wallet,Yes
CUST08553,62,Male,Premium,57.86,13,4,28.82,Mobile Wallet,No
CUST08554,67,Female,Basic,18.95,24,3,5.5,Card,No
CUST08555,32,Male,Basic,33.85,46,2,30.84,Card,No
CUST08556,45,Male,Basic,15.22,15,2,20.8,Card,No
CUST08557,59,Female,Premium,81.75,46,2,17.8,Mobile Wallet,No
CUST08558,33,Female,Standard,52.04,35,3,26.97,Cash,Yes
CUST08559,29,Female,Standard,42.38,18,3,31.86,Mobile Wallet,No
CUST08560,69,Male,Premium,78.67,22,1,28.78,Card,No
CUST08561,22,Female,Standard,57.19,25,2,23.67,Bank Transfer,Yes
CUST08562,51,Female,Premium,75.18,24,3,15.98,Bank Transfer,No
CUST08563,59,Female,Standard,48.91,6,2,18.02,Card,No
CUST08564,18,Female,Standard,34.42,36,4,25.66,Card,No
CUST08565,56,Female,Standard,50.86,10,2,12.08,Bank Transfer,No
CUST08566,49,Female,Standard,45.8,12,2,28.42,Cash,No
CUST08567,43,Male,Premium,72.06,69,1,22.98,Card,No
CUST08568,34,Female,Standard,47.18,20,2,19.49,,No
CUST08569,65,Male,Standard,46.53,37,2,29.84,Card,No
CUST08570,44,Male,Basic,35.75,18,2,40.42,Mobile Wallet,No
CUST08571,41,Female,Basic,31.04,41,1,24.65,Mobile Wallet,No
CUST08572,52,Male,Standard,64.38,12,5,18.49,Card,No
CUST08573,63,Male,Standard,52.66,69,1,21.97,Bank Transfer,No
CUST08574,59,Male,Premium,47.22,64,0,19.52,Bank Transfer,No
CUST08575,56,Female,Standard,54.16,30,1,8.17,Mobile Wallet,No
CUST08576,43,Male,Standard,36.26,17,2,13.56,,No
CUST08577,66,Male,Standard,60.14,35,2,20.39,Cash,No
CUST08578,55,Male,Standard,82.52,40,3,12.95,Cash,No
CUST08579,40,Male,Premium,77.72,19,4,24.58,Card,Yes
CUST08580,39,Female,Standard,43.25,60,4,14.11,Bank Transfer,No
CUST08581,21,Female,Basic,31.65,47,4,38.29,Bank Transfer,No
CUST08582,66,Male,Standard,52.99,2,1,93.09,Card,No
CUST08583,26,Female,Basic,31.35,70,2,12.63,Card,No
CUST08584,21,Female,Basic,16.3,42,4,22.21,Mobile Wallet,No
CUST08585,24,Male,Basic,40.79,60,5,16.01,Card,No
CUST08586,40,Female,Standard,53.88,11,2,27.2,Card,Yes
CUST08587,19,Female,Basic,47.13,27,6,11.34,Mobile Wallet,No
CUST08588,66,Male,Basic,32.89,14,1,58.66,Mobile Wallet,No
CUST08589,41,Male,Basic,27.19,59,5,18.87,Card,No
CUST08590,57,Female,Basic,31.78,8,2,47.23,Card,Yes
CUST08591,48,Female,Basic,40.36,66,0,8.36,Card,No
CUST08592,64,Female,Basic,24.96,5,2,13.64,Bank Transfer,No
CUST08593,48,Female,Basic,34.09,30,4,8.56,Mobile Wallet,No
CUST08594,64,Male,Basic,33.06,25,1,62.86,Cash,No
CUST08595,57,Male,Basic,34.16,25,1,57.2,Bank Transfer,No
CUST08596,65,Male,Premium,86.58,62,4,15.21,Bank Transfer,No
CUST08597,68,Male,Standard,66.38,65,2,20.24,Cash,No
CUST08598,60,Male,Standard,44.52,1,0,22.35,Card,No
CUST08599,51,Female,Premium,50.64,47,4,36.79,Mobile Wallet,No
CUST08600,41,Female,Basic,42.41,27,4,32.18,Mobile Wallet,No
CUST08601,66,Male,Basic,32.61,38,2,17.4,Cash,No
CUST08602,43,Male,Premium,52.8,19,1,21.23,Mobile Wallet,No
CUST08603,33,Male,Standard,60.6,40,1,68.01,Card,No
CUST08604,64,Female,Premium,65.16,12,2,24.95,Mobile Wallet,No
CUST08605,30,Female,Premium,80.92,66,3,14.98,Bank Transfer,No
CUST08606,32,Female,Basic,36.83,72,3,11.74,Mobile Wallet,No
CUST08607,44,Male,Premium,98.39,33,4,29.46,Card,No
CUST08608,21,Male,Premium,66.07,13,0,30.32,Card,No
CUST08609,33,Male,Standard,57.75,43,2,14.88,Card,No
CUST08610,47,Male,Premium,75.14,21,4,22.98,Card,No
CUST08611,61,Male,Basic,27.0,34,7,8.74,Card,No
CUST08612,47,Female,Standard,63.08,30,5,32.03,Card,No
CUST08613,53,Male,Basic,30.16,20,3,14.21,Card,No
CUST08614,20,Female,Basic,28.25,36,7,45.85,Card,Yes
CUST08615,39,Female,Standard,38.48,7,1,35.05,Card,No
CUST08616,66,Female,Basic,26.82,69,6,30.4,Cash,No
CUST08617,39,Female,Standard,37.32,9,2,21.81,Bank Transfer,No
CUST08618,67,Female,Standard,42.26,45,0,15.0,Mobile Wallet,Yes
CUST08619,67,Male,Standard,43.23,18,4,14.98,Mobile Wallet,Yes
CUST08620,66,Male,Basic,20.16,47,1,8.24,Mobile Wallet,No
CUST08621,29,Male,Standard,49.61,1,6,,Card,No
CUST08622,38,Female,Premium,87.15,72,3,8.6,Mobile Wallet,No
CUST08623,21,Female,Standard,42.43,53,2,37.05,Mobile Wallet,No
CUST08624,48,Female,Standard,52.17,37,6,25.04,Card,No
CUST08625,61,Female,Standard,69.61,20,6,8.4,Mobile Wallet,No
CUST08626,48,Female,Standard,54.77,71,2,18.45,Bank Transfer,No
CUST08627,40,Female,Standard,53.84,58,3,32.01,Card,No
CUST08628,70,Male,Premium,94.28,41,3,21.82,Cash,No
CUST08629,37,Female,Standard,30.19,38,5,16.7,Card,No
CUST08630,32,Female,Standard,48.0,44,4,38.87,Card,No
CUST08631,40,Male,Standard,39.78,15,2,8.94,Cash,No
CUST08632,45,Female,Standard,60.23,35,6,17.84,Cash,No
CUST08633,33,Male,Standard,65.72,27,5,9.83,Mobile Wallet,No
CUST08634,54,Male,Standard,40.9,21,2,14.99,Bank Transfer,Yes
CUST08635,38,Male,Standard,49.79,40,3,20.34,Mobile Wallet,No
CUST08636,32,Female,Basic,24.69,44,2,29.91,Card,No
CUST08637,34,Male,Standard,58.28,44,4,14.58,Mobile Wallet,No
CUST08638,67,Male,Premium,70.32,5,4,16.6,Bank Transfer,Yes
CUST08639,54,Female,Basic,29.02,49,4,24.84,Bank Transfer,No
CUST08640,30,Male,Premium,97.54,69,2,4.8,Mobile Wallet,No
CUST08641,36,Female,Basic,35.31,21,4,31.22,Mobile Wallet,No
CUST08642,47,Female,Basic,18.47,8,2,18.71,Cash,No
CUST08643,62,Male,Standard,47.26,66,2,45.65,Card,No
CUST08644,35,Female,Standard,46.27,37,1,17.18,Card,No
CUST08645,31,Female,Standard,62.54,14,3,9.46,Card,No
CUST08646,53,Male,Basic,37.3,34,3,18.43,Mobile Wallet,No
CUST08647,53,Male,Basic,38.4,60,4,10.52,Mobile Wallet,No
CUST08648,37,Male,Standard,68.05,61,0,18.49,Bank Transfer,No
CUST08649,69,Male,Basic,28.54,46,5,14.27,Mobile Wallet,No
CUST08650,36,Female,Standard,69.34,21,1,32.26,Card,No
CUST08651,62,Male,Standard,37.0,18,1,5.87,Card,No
CUST08652,61,Male,Standard,48.55,61,2,7.89,Bank Transfer,No
CUST08653,24,Male,Basic,26.84,69,2,40.11,Bank Transfer,No
CUST08654,61,Female,Basic,29.43,34,5,3.44,Bank Transfer,No
CUST08655,70,Female,Standard,51.83,54,5,31.71,Card,No
CUST08656,21,Female,Basic,25.49,29,5,,Bank Transfer,No
CUST08657,51,Female,Standard,54.42,41,2,14.48,Mobile Wallet,No
CUST08658,19,Female,Premium,52.3,70,4,23.89,Card,No
CUST08659,22,Male,Basic,36.04,58,3,15.68,Mobile Wallet,No
CUST08660,27,Female,Basic,32.98,30,4,41.32,Cash,No
CUST08661,49,Female,Basic,36.17,33,2,16.65,Bank Transfer,No
CUST08662,59,Female,Premium,82.64,63,4,19.82,Card,No
CUST08663,58,Male,Basic,30.8,34,3,64.76,Bank Transfer,No
CUST08664,30,Male,Premium,97.75,49,3,41.17,Bank Transfer,No
CUST08665,56,Female,Standard,55.24,12,2,6.75,Card,No
CUST08666,22,Male,Basic,23.61,22,4,25.57,Mobile Wallet,No
CUST08667,27,Female,Basic,28.93,24,1,14.89,Bank Transfer,No
CUST08668,27,Male,Standard,47.8,56,1,4.88,Card,No
CUST08669,55,Male,Standard,38.67,25,0,19.9,Mobile Wallet,No
CUST08670,44,Female,Standard,43.39,66,2,13.47,Cash,No
CUST08671,68,Male,Basic,43.7,1,2,31.3,Card,Yes
CUST08672,38,Female,Standard,64.33,34,2,20.96,Card,No
CUST08673,25,Female,Basic,23.25,5,3,36.66,Mobile Wallet,No
CUST08674,18,Female,Standard,61.38,17,3,17.96,Mobile Wallet,No
CUST08675,45,Male,Basic,37.67,1,1,12.61,Mobile Wallet,No
CUST08676,66,Male,Standard,63.63,21,6,60.93,Card,Yes
CUST08677,56,Female,Basic,15.0,6,6,11.08,Card,Yes
CUST08678,31,Female,Standard,60.39,39,3,46.89,Mobile Wallet,No
CUST08679,38,Male,Standard,30.57,59,3,70.31,Mobile Wallet,No
CUST08680,47,Female,Basic,25.83,20,1,10.64,Bank Transfer,Yes
CUST08681,38,Male,Standard,39.51,64,2,17.14,Cash,No
CUST08682,66,Male,Basic,23.36,24,1,19.18,Cash,No
CUST08683,26,Male,Basic,26.08,41,3,32.18,Mobile Wallet,No
CUST08684,34,Female,Premium,82.04,67,3,32.87,Mobile Wallet,No
CUST08685,22,Female,Basic,36.54,38,2,14.68,Card,Yes
CUST08686,48,Male,Standard,58.2,38,2,22.97,Cash,Yes
CUST08687,69,Female,Premium,79.19,28,3,25.45,Bank Transfer,Yes
CUST08688,57,Female,Basic,25.78,10,4,11.42,Bank Transfer,No
CUST08689,55,Male,Premium,,24,2,30.09,Bank Transfer,No
CUST08690,60,Male,Basic,35.99,62,3,15.15,Mobile Wallet,No
CUST08691,36,Female,Standard,52.89,52,2,21.46,Card,No
CUST08692,53,Male,Standard,36.16,71,3,29.15,Cash,No
CUST08693,67,Female,Premium,93.23,24,1,15.04,Mobile Wallet,No
CUST08694,50,Male,Standard,56.65,50,6,20.11,Card,No
CUST08695,30,Male,Standard,57.04,38,4,53.11,Cash,No
CUST08696,31,Female,Standard,59.19,69,6,23.85,Card,No
CUST08697,50,Female,Basic,19.46,18,3,37.21,Mobile Wallet,No
CUST08698,46,Female,Standard,35.41,72,1,32.06,Mobile Wallet,No
CUST08699,60,Female,Basic,53.72,49,4,34.53,Card,No
CUST08700,66,Female,Standard,42.64,17,3,15.36,Card,No
CUST08701,53,Male,Standard,41.8,53,4,26.92,Card,No
CUST08702,61,Male,Premium,56.72,6,4,16.97,Mobile Wallet,No
CUST08703,27,Female,Standard,44.77,66,3,21.08,Bank Transfer,No
CUST08704,48,Male,Standard,51.68,5,3,13.96,Cash,No
CUST08705,23,Female,Basic,32.63,2,2,22.15,Bank Transfer,No
CUST08706,18,Male,Basic,24.62,62,6,28.29,Mobile Wallet,No
CUST08707,24,Male,Standard,61.01,5,3,32.33,Bank Transfer,No
CUST08708,44,Female,Standard,44.5,31,2,39.42,Mobile Wallet,No
CUST08709,38,Female,Standard,46.96,63,3,16.28,Card,No
CUST08710,45,Female,Standard,53.51,18,2,54.31,Card,No
CUST08711,33,Male,Basic,32.88,57,3,21.98,Card,No
CUST08712,63,Female,Standard,41.98,72,7,48.55,Cash,No
CUST08713,40,Female,Basic,39.76,62,3,19.49,Mobile Wallet,No
CUST08714,69,Female,Basic,28.57,4,3,3.43,Card,No
CUST08715,37,Female,Basic,37.51,62,4,23.67,Card,No
CUST08716,55,Female,Standard,50.12,46,2,13.62,Bank Transfer,No
CUST08717,42,Female,Standard,,71,3,17.43,Mobile Wallet,No
CUST08718,45,Male,Basic,20.62,21,3,21.23,Bank Transfer,No
CUST08719,22,Male,Standard,41.41,60,3,32.13,Card,No
CUST08720,38,Male,Standard,48.8,45,2,25.73,Cash,No
CUST08721,35,Male,Premium,54.49,22,5,19.0,Bank Transfer,No
CUST08722,64,Female,Standard,26.39,65,4,26.42,Cash,No
CUST08723,23,Female,Basic,29.88,6,1,33.96,Card,No
CUST08724,46,Male,Premium,86.08,65,7,22.85,Bank Transfer,Yes
CUST08725,36,Male,Basic,17.71,27,1,13.02,Card,No
CUST08726,50,Male,Standard,51.91,10,2,26.01,Cash,No
CUST08727,18,Female,Standard,56.15,55,3,16.22,Mobile Wallet,No
CUST08728,62,Female,Basic,24.28,34,3,4.64,Card,No
CUST08729,20,Female,Standard,50.88,41,2,3.99,Card,No
CUST08730,59,Male,Basic,32.28,32,3,17.93,Bank Transfer,No
CUST08731,38,Male,Premium,66.04,67,4,10.08,Mobile Wallet,No
CUST08732,52,Male,Basic,34.44,51,4,18.24,Card,No
CUST08733,58,Male,Standard,39.76,39,7,16.88,Bank Transfer,No
CUST08734,57,Male,Standard,57.08,5,2,33.79,Card,No
CUST08735,20,Female,Basic,24.79,58,6,40.9,Cash,No
CUST08736,42,Female,Standard,64.0,17,3,19.01,Card,No
CUST08737,62,Female,Premium,69.89,23,7,8.29,Bank Transfer,Yes
CUST08738,55,Female,Standard,61.4,46,6,21.46,Cash,Yes
CUST08739,62,Female,Standard,39.26,7,1,17.56,Cash,No
CUST08740,37,Male,Standard,66.46,62,3,14.5,Bank Transfer,No
CUST08741,69,Female,Premium,65.5,7,2,14.59,Bank Transfer,Yes
CUST08742,61,Male,Basic,29.13,15,3,23.28,Mobile Wallet,No
CUST08743,62,Female,Standard,36.96,30,6,12.45,Card,No
CUST08744,51,Male,Basic,40.52,20,3,30.52,Bank Transfer,No
CUST08745,38,Male,Premium,79.23,67,2,23.87,Bank Transfer,No
CUST08746,65,Male,Standard,27.13,54,4,58.59,Card,No
CUST08747,40,Male,Premium,72.78,50,2,8.79,Mobile Wallet,No
CUST08748,23,Male,Premium,75.84,71,1,25.84,Card,No
CUST08749,68,Male,Basic,18.78,49,6,14.56,Mobile Wallet,No
CUST08750,70,Female,Basic,27.41,50,2,18.47,Card,No
CUST08751,30,Male,Basic,37.25,3,3,18.64,Card,No
CUST08752,66,Male,Standard,66.53,64,5,15.68,Bank Transfer,No
CUST08753,40,Female,Standard,51.99,46,1,30.49,Card,No
CUST08754,26,Male,Standard,44.53,22,4,11.24,Bank Transfer,No
CUST08755,34,Female,Basic,37.34,52,4,22.96,Card,No
CUST08756,19,Female,Standard,32.89,37,2,23.82,Card,No
CUST08757,36,Male,Standard,48.75,60,2,32.53,Cash,Yes
CUST08758,36,Male,Basic,23.71,67,2,29.25,Mobile Wallet,No
CUST08759,24,Female,Basic,30.71,48,1,29.43,Cash,No
CUST08760,59,Male,Standard,35.83,30,5,10.81,Bank Transfer,No
CUST08761,59,Female,Standard,54.72,43,4,42.14,Cash,No
CUST08762,37,Male,Premium,81.97,10,1,19.91,Mobile Wallet,No
CUST08763,26,Female,Standard,47.11,71,4,9.53,Card,No
CUST08764,34,Male,Standard,55.08,2,5,9.23,Card,No
CUST08765,44,Male,Standard,48.97,72,3,33.0,Cash,Yes
CUST08766,64,Female,Basic,23.98,67,3,11.36,Card,No
CUST08767,19,Female,Basic,35.06,46,7,27.08,Card,No
CUST08768,53,Female,Basic,23.01,41,5,25.71,Mobile Wallet,No
CUST08769,36,Female,Basic,31.37,4,1,16.03,Card,No
CUST08770,34,Male,Basic,25.21,8,2,43.56,Card,No
CUST08771,22,Female,Standard,55.9,10,2,38.42,Card,Yes
CUST08772,56,Female,Standard,49.42,5,2,20.94,Mobile Wallet,No
CUST08773,35,Male,Standard,39.81,59,3,29.11,Mobile Wallet,No
CUST08774,70,Male,Basic,26.86,58,4,22.54,Bank Transfer,No
CUST08775,24,Female,Standard,45.7,23,2,17.67,Card,No
CUST08776,34,Male,Standard,49.51,61,3,37.26,Mobile Wallet,Yes
CUST08777,56,Female,Premium,66.91,17,2,24.34,Card,No
CUST08778,53,Male,Premium,88.6,28,5,35.78,Card,No
CUST08779,57,Female,Standard,40.46,18,2,47.06,Card,No
CUST08780,62,Male,Standard,62.21,52,3,45.28,Card,No
CUST08781,21,Female,Basic,25.38,58,4,14.32,Bank Transfer,No
CUST08782,55,Female,Basic,30.46,41,1,33.49,Card,No
CUST08783,42,Male,Premium,84.99,1,5,25.34,Card,No
CUST08784,22,Male,Standard,45.94,17,8,38.21,Bank Transfer,No
CUST08785,47,Female,Standard,51.99,4,1,30.22,Bank Transfer,No
CUST08786,29,Female,Premium,70.39,46,1,11.93,Card,Yes
CUST08787,21,Male,Standard,34.41,70,3,33.79,Mobile Wallet,No
CUST08788,41,Male,Basic,40.45,6,4,37.9,Card,No
CUST08789,46,Male,Basic,24.86,23,5,8.49,Cash,No
CUST08790,26,Male,Basic,47.15,1,1,22.64,Mobile Wallet,No
CUST08791,21,Male,Standard,70.15,61,0,7.86,Card,No
CUST08792,68,Male,Standard,46.52,22,3,20.54,Cash,No
CUST08793,41,Male,Premium,86.97,65,1,25.25,Mobile Wallet,No
CUST08794,31,Male,Standard,47.16,57,3,3.23,Card,No
CUST08795,22,Male,Basic,19.82,36,5,18.02,Cash,No
CUST08796,35,Female,Basic,40.81,25,3,7.14,Mobile Wallet,No
CUST08797,59,Male,Standard,38.29,16,2,17.04,Card,No
CUST08798,36,Male,Premium,73.76,26,4,43.51,Card,No
CUST08799,29,Female,Basic,37.33,5,2,20.37,Bank Transfer,Yes
CUST08800,35,Female,Premium,58.46,22,4,22.03,Cash,No
CUST08801,34,Female,Basic,37.56,14,2,31.74,Bank Transfer,No
CUST08802,47,Female,Basic,20.65,70,5,63.59,Mobile Wallet,No
CUST08803,41,Female,Premium,56.5,17,1,27.09,Mobile Wallet,No
CUST08804,28,Female,Basic,35.22,1,1,12.36,Card,No
CUST08805,52,Male,Standard,67.32,18,1,24.34,Card,No
CUST08806,40,Female,Basic,19.54,11,0,29.14,Card,No
CUST08807,34,Female,Premium,74.44,12,2,5.88,Card,Yes
CUST08808,18,Female,Premium,77.38,34,3,25.13,Mobile Wallet,No
CUST08809,32,Male,Premium,73.65,8,3,27.91,Bank Transfer,Yes
CUST08810,49,Female,Basic,23.1,42,3,39.75,Cash,Yes
CUST08811,26,Male,Basic,21.09,14,3,18.4,Mobile Wallet,No
CUST08812,32,Female,Standard,34.04,51,3,9.44,Mobile Wallet,No
CUST08813,45,Female,Basic,52.88,9,1,48.11,Bank Transfer,No
CUST08814,41,Male,Standard,38.88,38,4,14.25,Bank Transfer,No
CUST08815,52,Male,Standard,52.54,29,1,17.57,Cash,No
CUST08816,39,Female,Basic,24.7,29,7,29.48,Cash,No
CUST08817,44,Male,Standard,55.08,28,2,26.14,Mobile Wallet,No
CUST08818,36,Male,Premium,75.59,6,3,29.25,Card,Yes
CUST08819,62,Female,Premium,76.18,2,3,16.52,Card,Yes
CUST08820,29,Female,Standard,52.03,53,1,,Card,No
CUST08821,37,Female,Basic,32.37,31,1,23.1,Mobile Wallet,No
CUST08822,18,Male,Basic,19.54,37,2,44.74,Bank Transfer,No
CUST08823,38,Female,Basic,29.07,56,9,48.95,Mobile Wallet,No
CUST08824,66,Female,Basic,29.61,40,4,18.36,Bank Transfer,No
CUST08825,62,Male,Premium,86.11,12,4,12.84,Card,Yes
CUST08826,18,Male,Basic,28.03,55,5,20.85,Card,No
CUST08827,27,Female,Basic,33.7,57,4,33.19,Card,No
CUST08828,64,Male,Basic,25.43,45,5,34.79,Card,No
CUST08829,49,Female,Basic,26.13,25,2,13.45,Mobile Wallet,No
CUST08830,56,Male,Basic,32.18,42,1,1.72,Mobile Wallet,No
CUST08831,39,Female,Standard,33.1,18,7,21.47,Card,No
CUST08832,35,Male,Standard,44.07,30,3,46.22,Bank Transfer,No
CUST08833,65,Male,Basic,26.54,18,2,39.39,Bank Transfer,No
CUST08834,63,Male,Basic,26.91,7,1,51.95,Mobile Wallet,No
CUST08835,49,Male,Standard,49.98,30,2,27.68,Mobile Wallet,No
CUST08836,44,Female,Standard,71.92,5,2,13.94,Mobile Wallet,No
CUST08837,45,Male,Basic,34.38,69,7,,Card,No
CUST08838,35,Female,Premium,92.44,33,4,23.44,Mobile Wallet,Yes
CUST08839,56,Male,Standard,43.74,6,1,18.96,Card,No
CUST08840,66,Male,Standard,21.14,48,3,42.99,Card,No
CUST08841,46,Female,Premium,95.72,4,1,8.72,Cash,No
CUST08842,35,Male,Standard,54.44,13,4,15.09,Mobile Wallet,No
CUST08843,61,Male,Premium,71.62,26,5,21.32,Card,No
CUST08844,25,Female,Premium,61.16,49,3,19.09,Cash,No
CUST08845,48,Male,Basic,39.22,20,5,7.8,Mobile Wallet,Yes
CUST08846,51,Female,Premium,61.09,32,2,11.04,Bank Transfer,No
CUST08847,24,Male,Basic,17.34,65,7,27.09,Bank Transfer,No
CUST08848,53,Male,Basic,36.85,53,0,16.55,,No
CUST08849,35,Male,Premium,69.09,65,3,25.36,Card,No
CUST08850,55,Female,Premium,89.45,3,0,24.87,Cash,No
CUST08851,26,Male,Standard,55.23,21,5,70.73,Card,No
CUST08852,26,Male,Basic,21.79,43,5,14.47,Mobile Wallet,No
CUST08853,63,Male,Standard,45.42,25,3,49.0,Card,Yes
CUST08854,25,Male,Standard,44.94,67,0,18.22,Bank Transfer,No
CUST08855,68,Male,Basic,36.76,35,1,26.31,Mobile Wallet,No
CUST08856,52,Male,Premium,80.07,23,1,77.85,Card,Yes
CUST08857,35,Male,Basic,30.19,13,2,13.64,Bank Transfer,No
CUST08858,22,Male,Basic,24.78,23,3,35.66,Card,Yes
CUST08859,31,Male,Basic,20.51,63,5,4.16,Cash,No
CUST08860,45,Female,Standard,47.61,15,6,24.9,Card,Yes
CUST08861,47,Male,Standard,40.04,26,2,22.37,Cash,No
CUST08862,21,Female,Basic,40.6,67,3,28.89,Card,No
CUST08863,56,Female,Standard,51.02,61,1,27.97,Card,No
CUST08864,37,Female,Basic,27.9,28,3,12.2,Cash,No
CUST08865,42,Male,Standard,52.77,34,2,11.14,Card,No
CUST08866,45,Female,Standard,33.05,16,1,5.61,Card,No
CUST08867,29,Female,Basic,21.87,43,5,44.04,Card,No
CUST08868,19,Female,Standard,54.26,11,5,31.14,Bank Transfer,No
CUST08869,60,Male,Standard,55.2,24,1,44.2,Bank Transfer,No
CUST08870,31,Female,Standard,58.95,25,5,33.26,Card,No
CUST08871,39,Male,Standard,63.03,19,4,9.04,Cash,No
CUST08872,48,Female,Premium,66.1,34,3,27.95,Mobile Wallet,Yes
CUST08873,40,Female,Premium,72.12,66,5,17.38,Card,No
CUST08874,65,Male,Basic,28.01,72,2,15.81,Card,No
CUST08875,37,Male,Standard,58.44,5,4,8.8,Mobile Wallet,No
CUST08876,55,Female,Basic,43.66,66,2,14.92,Bank Transfer,No
CUST08877,21,Female,Basic,33.24,54,1,14.57,Card,No
CUST08878,32,Female,Basic,37.82,24,4,65.96,Card,No
CUST08879,41,Male,Premium,71.94,51,2,44.58,Mobile Wallet,No
CUST08880,42,Male,Standard,51.07,24,2,38.23,Bank Transfer,No
CUST08881,18,Female,Basic,33.57,50,1,21.15,Cash,No
CUST08882,24,Female,Basic,37.53,54,5,19.5,Card,No
CUST08883,48,Male,Premium,57.76,17,3,9.82,Bank Transfer,No
CUST08884,29,Male,Standard,51.58,35,5,40.1,Mobile Wallet,No
CUST08885,59,Female,Basic,24.96,30,1,18.08,Card,No
CUST08886,22,Male,Premium,76.3,47,3,42.36,Card,No
CUST08887,61,Female,Standard,46.76,42,1,38.79,Cash,No
CUST08888,67,Male,Basic,22.26,22,2,28.09,Card,No
CUST08889,59,Female,Standard,64.42,31,3,41.85,Bank Transfer,No
CUST08890,55,Female,Premium,63.08,51,4,13.94,Bank Transfer,No
CUST08891,29,Female,Premium,64.74,37,2,22.28,Card,No
CUST08892,56,Male,Basic,30.28,13,3,57.46,Bank Transfer,No
CUST08893,35,Female,Basic,28.43,31,3,28.65,Cash,No
CUST08894,19,Female,Basic,25.93,14,5,35.4,Card,No
CUST08895,27,Male,Standard,55.95,39,8,15.73,Cash,Yes
CUST08896,32,Female,Standard,64.31,38,2,33.15,Mobile Wallet,No
CUST08897,47,Female,Basic,26.18,18,5,21.83,Bank Transfer,No
CUST08898,61,Female,Standard,54.34,39,7,15.27,Card,No
CUST08899,34,Male,Standard,56.48,67,2,17.79,,No
CUST08900,21,Male,Standard,50.66,41,3,37.95,Card,No
CUST08901,24,Male,Premium,80.22,46,4,23.7,Mobile Wallet,Yes
CUST08902,58,Male,Standard,69.14,49,2,9.14,Bank Transfer,No
CUST08903,48,Female,Basic,18.07,27,5,46.38,Card,No
CUST08904,68,Male,Standard,45.19,23,5,44.67,Bank Transfer,No
CUST08905,56,Male,Premium,61.27,35,5,33.98,Bank Transfer,No
CUST08906,51,Male,Basic,26.43,13,4,12.7,Mobile Wallet,Yes
CUST08907,23,Female,Premium,80.71,26,2,16.67,Card,No
CUST08908,67,Female,Basic,19.0,35,2,45.01,Bank Transfer,No
CUST08909,55,Female,Basic,24.47,41,3,15.94,Bank Transfer,No
CUST08910,62,Male,Basic,32.71,6,3,51.39,Card,No
CUST08911,68,Female,Premium,84.3,72,1,7.41,Mobile Wallet,No
CUST08912,51,Female,Standard,37.65,52,4,26.89,Card,Yes
CUST08913,61,Male,Basic,37.97,53,2,29.62,Cash,No
CUST08914,32,Female,Premium,83.47,8,3,27.71,Mobile Wallet,Yes
CUST08915,31,Male,Standard,55.86,47,1,30.46,,No
CUST08916,23,Male,Premium,82.1,64,3,15.84,Card,No
CUST08917,67,Female,Basic,28.77,34,1,44.81,Bank Transfer,No
CUST08918,54,Male,Basic,32.03,29,4,25.46,Mobile Wallet,No
CUST08919,67,Male,Standard,75.77,35,2,32.24,Mobile Wallet,No
CUST08920,49,Male,Standard,35.88,48,4,31.99,Card,No
CUST08921,20,Male,Standard,49.81,65,2,9.02,Bank Transfer,No
CUST08922,20,Male,Standard,60.49,69,4,19.35,Mobile Wallet,No
CUST08923,39,Male,Standard,61.43,67,0,18.23,Cash,No
CUST08924,39,Female,Basic,18.3,14,4,7.95,Card,No
CUST08925,27,Male,Standard,61.86,46,0,,Mobile Wallet,No
CUST08926,68,Male,Standard,35.36,27,1,12.42,Mobile Wallet,No
CUST08927,20,Male,Basic,28.95,46,1,11.18,Mobile Wallet,No
CUST08928,29,Male,Basic,32.91,29,3,,Mobile Wallet,No
CUST08929,46,Female,Standard,52.8,1,5,12.6,Cash,No
CUST08930,65,Female,Premium,66.92,3,1,26.75,Bank Transfer,No
CUST08931,34,Male,Basic,27.12,26,3,29.45,Mobile Wallet,No
CUST08932,24,Female,Basic,35.05,21,1,20.12,Mobile Wallet,No
CUST08933,30,Male,Basic,30.52,24,0,29.41,Bank Transfer,No
CUST08934,19,Male,Premium,80.69,45,4,19.72,Mobile Wallet,No
CUST08935,21,Male,Standard,,29,0,12.57,Card,No
CUST08936,27,Male,Premium,77.14,18,1,18.82,Card,No
CUST08937,56,Female,Premium,86.05,3,1,33.85,Mobile Wallet,No
CUST08938,41,Female,Basic,34.12,51,6,11.8,Card,No
CUST08939,34,Male,Basic,26.67,18,2,30.2,Cash,No
CUST08940,69,Male,Standard,59.07,37,6,21.02,Mobile Wallet,Yes
CUST08941,23,Female,Basic,42.12,63,5,44.13,Cash,No
CUST08942,36,Female,Basic,26.57,19,3,25.49,Mobile Wallet,Yes
CUST08943,22,Male,Basic,23.24,23,1,20.27,Card,No
CUST08944,49,Female,Standard,46.58,55,3,20.56,Mobile Wallet,No
CUST08945,27,Male,Standard,45.36,24,2,30.73,Cash,Yes
CUST08946,26,Female,Basic,35.37,26,3,35.53,Mobile Wallet,No
CUST08947,44,Female,Standard,49.9,54,2,7.54,Mobile Wallet,No
CUST08948,30,Female,Basic,48.81,33,5,9.1,Card,No
CUST08949,36,Female,Standard,38.72,57,1,44.61,Card,No
CUST08950,38,Male,Standard,55.63,9,7,85.67,Mobile Wallet,Yes
CUST08951,41,Male,Basic,36.54,64,3,52.22,Cash,No
CUST08952,55,Female,Standard,31.08,59,3,39.93,Card,No
CUST08953,21,Male,Standard,54.0,16,3,12.27,Card,Yes
CUST08954,41,Female,Basic,30.49,5,2,29.27,Bank Transfer,No
CUST08955,52,Female,Basic,34.43,44,3,38.03,Card,No
CUST08956,20,Male,Premium,75.13,46,3,15.43,Cash,Yes
CUST08957,21,Male,Basic,25.42,10,2,35.59,Mobile Wallet,No
CUST08958,54,Male,Standard,58.71,58,2,18.96,Cash,No
CUST08959,57,Female,Premium,77.49,70,3,15.65,Mobile Wallet,No
CUST08960,65,Male,Basic,27.6,64,2,46.35,Mobile Wallet,Yes
CUST08961,52,Male,Basic,32.62,70,3,21.87,Mobile Wallet,No
CUST08962,48,Male,Premium,48.12,60,4,16.89,Mobile Wallet,No
CUST08963,61,Male,Basic,38.68,25,4,27.61,Bank Transfer,Yes
CUST08964,42,Female,Standard,56.85,11,5,4.25,Card,Yes
CUST08965,57,Female,Standard,65.94,63,1,10.89,Card,Yes
CUST08966,30,Female,Standard,54.68,26,1,29.9,Mobile Wallet,No
CUST08967,21,Female,Premium,68.25,41,5,24.77,Card,No
CUST08968,63,Female,Premium,64.28,53,5,20.56,Bank Transfer,No
CUST08969,31,Female,Standard,47.73,24,2,30.84,Mobile Wallet,No
CUST08970,30,Female,Premium,76.18,72,7,16.1,Cash,No
CUST08971,44,Male,Premium,80.83,7,7,13.98,Mobile Wallet,Yes
CUST08972,23,Female,Premium,72.87,64,4,18.04,Bank Transfer,Yes
CUST08973,34,Female,Standard,44.34,72,1,12.19,Card,No
CUST08974,53,Female,Basic,27.86,46,0,49.19,Mobile Wallet,No
CUST08975,57,Female,Standard,59.93,51,1,36.38,Cash,No
CUST08976,66,Male,Basic,36.15,71,4,9.68,Bank Transfer,No
CUST08977,52,Female,Basic,28.17,6,1,34.27,Bank Transfer,No
CUST08978,34,Female,Basic,31.17,30,3,20.1,Card,No
CUST08979,58,Male,Premium,71.73,16,2,77.57,Cash,No
CUST08980,19,Female,Basic,25.11,57,1,21.84,Cash,Yes
CUST08981,30,Female,Standard,30.16,65,1,39.31,Cash,No
CUST08982,69,Female,Standard,58.52,61,0,19.35,Bank Transfer,No
CUST08983,19,Female,Basic,34.64,17,6,36.6,Card,No
CUST08984,69,Female,Standard,43.24,63,4,22.68,Cash,No
CUST08985,45,Female,Standard,56.46,7,5,14.0,Mobile Wallet,Yes
CUST08986,60,Female,Premium,72.25,35,4,7.88,Bank Transfer,Yes
CUST08987,43,Male,Basic,24.5,69,7,44.29,Bank Transfer,No
CUST08988,39,Male,Basic,22.53,30,3,29.99,Card,No
CUST08989,64,Female,Standard,44.68,44,2,28.72,Cash,No
CUST08990,60,Male,Basic,26.23,6,4,3.45,Mobile Wallet,No
CUST08991,20,Female,Basic,27.53,56,6,7.87,Bank Transfer,No
CUST08992,52,Male,Basic,37.17,8,3,6.22,Cash,No
CUST08993,29,Female,Standard,53.35,20,1,12.54,Mobile Wallet,No
CUST08994,41,Male,Basic,27.37,30,1,25.13,Mobile Wallet,No
CUST08995,22,Female,Standard,51.38,62,4,17.94,Cash,No
CUST08996,37,Male,Premium,77.52,26,2,38.67,Card,Yes
CUST08997,56,Male,Standard,53.75,66,1,17.46,Card,No
CUST08998,56,Female,Basic,35.86,61,1,63.56,Mobile Wallet,No
CUST08999,30,Female,Standard,44.41,61,2,27.3,Cash,No
CUST09000,58,Male,Basic,36.56,45,5,23.91,Card,No
CUST09001,70,Male,Basic,25.25,46,1,8.06,Card,No
CUST09002,62,Female,Basic,29.16,24,5,18.93,Card,No
CUST09003,29,Male,Standard,54.89,16,3,27.5,Bank Transfer,No
CUST09004,30,Female,Standard,55.54,16,3,15.12,Card,Yes
CUST09005,27,Male,Premium,54.82,66,3,30.71,Bank Transfer,No
CUST09006,50,Male,Premium,81.25,1,4,14.42,Card,Yes
CUST09007,57,Female,Basic,37.42,25,2,32.06,Cash,Yes
CUST09008,33,Female,Standard,68.69,14,1,14.24,,Yes
CUST09009,62,Female,Basic,29.53,7,3,17.42,Bank Transfer,Yes
CUST09010,52,Male,Standard,72.31,21,4,19.22,Card,Yes
CUST09011,20,Male,Basic,40.52,49,2,8.56,Card,No
CUST09012,22,Male,Premium,67.98,4,2,9.24,Card,Yes
CUST09013,43,Female,Premium,103.76,12,1,16.17,Card,Yes
CUST09014,28,Male,Basic,28.61,22,3,28.1,Mobile Wallet,No
CUST09015,24,Male,Standard,59.02,34,4,7.38,Bank Transfer,No
CUST09016,70,Female,Standard,49.24,26,3,62.91,Card,No
CUST09017,27,Male,Standard,34.94,28,3,7.31,Bank Transfer,No
CUST09018,59,Male,Standard,30.39,19,2,20.14,Mobile Wallet,No
CUST09019,69,Female,Standard,39.39,31,2,3.26,Bank Transfer,No
CUST09020,51,Female,Premium,86.69,14,4,45.7,Mobile Wallet,Yes
CUST09021,20,Female,Standard,47.98,23,2,22.94,,No
CUST09022,25,Female,Standard,60.35,8,2,16.51,Bank Transfer,Yes
CUST09023,48,Female,Premium,63.96,38,3,14.08,Cash,No
CUST09024,28,Female,Premium,83.42,10,4,29.26,Mobile Wallet,Yes
CUST09025,62,Female,Basic,46.47,30,2,24.94,Card,Yes
CUST09026,24,Female,Basic,15.0,7,3,36.5,Bank Transfer,No
CUST09027,62,Female,Standard,69.59,2,3,58.85,Card,Yes
CUST09028,19,Male,Premium,78.03,22,2,44.75,Bank Transfer,No
CUST09029,23,Female,Basic,26.6,5,5,16.16,Card,Yes
CUST09030,58,Female,Standard,37.95,67,3,38.3,Mobile Wallet,No
CUST09031,49,Male,Basic,33.35,69,2,19.46,Cash,No
CUST09032,37,Female,Standard,50.37,56,3,14.31,Cash,No
CUST09033,51,Male,Premium,65.83,20,1,38.41,Card,No
CUST09034,67,Male,Standard,67.69,70,3,7.93,Cash,No
CUST09035,33,Female,Standard,72.39,68,8,71.83,Cash,No
CUST09036,42,Male,Premium,69.04,57,4,20.47,Card,No
CUST09037,29,Female,Basic,29.86,21,4,5.88,Mobile Wallet,No
CUST09038,24,Female,Premium,76.02,17,1,21.8,Bank Transfer,No
CUST09039,56,Male,Standard,57.11,27,1,22.25,Bank Transfer,No
CUST09040,34,Male,Standard,59.43,39,3,23.48,Bank Transfer,No
CUST09041,62,Male,Standard,49.97,67,2,21.73,Mobile Wallet,No
CUST09042,28,Female,Standard,52.99,70,3,20.96,Card,No
CUST09043,23,Female,Premium,,69,4,16.69,Cash,No
CUST09044,40,Male,Premium,60.39,13,6,30.28,Card,Yes
CUST09045,44,Female,Premium,80.19,50,4,19.5,Mobile Wallet,No
CUST09046,63,Female,Basic,26.79,10,1,17.85,Mobile Wallet,No
CUST09047,23,Male,Basic,34.39,56,0,29.54,Mobile Wallet,No
CUST09048,55,Male,Standard,43.12,44,5,3.18,Card,No
CUST09049,19,Male,Premium,80.3,28,2,19.77,Mobile Wallet,Yes
CUST09050,39,Male,Standard,29.36,37,2,6.49,Cash,No
CUST09051,37,Male,Premium,64.35,36,0,39.76,Mobile Wallet,No
CUST09052,42,Male,Premium,72.92,56,2,21.48,Bank Transfer,No
CUST09053,32,Male,Standard,61.13,57,5,12.89,Card,No
CUST09054,66,Male,Premium,69.62,36,3,43.0,,No
CUST09055,46,Male,Premium,70.56,1,3,9.7,Mobile Wallet,Yes
CUST09056,25,Male,Premium,86.13,43,4,7.86,Card,No
CUST09057,54,Female,Standard,45.38,9,3,12.14,Mobile Wallet,No
CUST09058,66,Female,Premium,69.32,67,3,30.09,Bank Transfer,No
CUST09059,69,Male,Basic,27.45,32,2,21.78,Cash,No
CUST09060,50,Female,Standard,28.75,70,3,9.5,Card,No
CUST09061,39,Female,Basic,26.35,58,3,43.04,Mobile Wallet,No
CUST09062,67,Female,Basic,29.96,52,7,32.47,Card,No
CUST09063,64,Female,Premium,81.58,70,6,36.45,Cash,Yes
CUST09064,22,Female,Standard,49.56,28,8,21.47,Cash,No
CUST09065,56,Female,Basic,35.63,65,2,45.93,Mobile Wallet,No
CUST09066,35,Male,Standard,36.18,40,4,12.04,Mobile Wallet,No
CUST09067,55,Male,Premium,88.86,20,5,18.46,Bank Transfer,Yes
CUST09068,70,Female,Premium,72.46,10,3,43.59,Mobile Wallet,Yes
CUST09069,54,Female,Basic,45.57,62,4,24.16,Card,No
CUST09070,47,Male,Premium,62.81,37,0,39.99,Card,Yes
CUST09071,68,Female,Standard,56.04,60,5,16.6,Mobile Wallet,No
CUST09072,48,Female,Standard,46.05,67,3,13.73,Bank Transfer,No
CUST09073,27,Female,Standard,54.42,52,1,29.42,Card,No
CUST09074,32,Female,Premium,79.11,35,0,3.09,Card,Yes
CUST09075,59,Female,Premium,65.98,62,4,31.78,Bank Transfer,No
CUST09076,65,Male,Basic,32.82,12,3,10.08,Mobile Wallet,No
CUST09077,61,Male,Standard,26.18,29,1,30.42,Mobile Wallet,No
CUST09078,35,Female,Standard,56.31,30,2,14.26,Cash,Yes
CUST09079,40,Male,Standard,65.55,22,3,24.17,Card,No
CUST09080,50,Female,Standard,52.67,53,5,24.03,Bank Transfer,No
CUST09081,33,Female,Standard,43.34,22,5,1.86,Bank Transfer,No
CUST09082,55,Female,Standard,45.9,60,4,34.78,Cash,No
CUST09083,52,Female,Basic,25.49,49,1,42.39,Mobile Wallet,No
CUST09084,51,Female,Standard,44.68,49,1,23.04,Mobile Wallet,No
CUST09085,45,Female,Standard,40.48,7,4,9.42,Bank Transfer,No
CUST09086,19,Female,Standard,43.47,46,3,22.06,Mobile Wallet,No
CUST09087,47,Female,Premium,74.8,11,1,23.18,Mobile Wallet,No
CUST09088,30,Female,Basic,31.0,16,3,39.82,Bank Transfer,No
CUST09089,58,Male,Standard,33.89,54,3,45.45,Bank Transfer,No
CUST09090,33,Female,Standard,45.71,57,1,74.7,Mobile Wallet,No
CUST09091,22,Male,Basic,37.73,36,5,21.13,Bank Transfer,No
CUST09092,45,Male,Basic,17.78,51,3,13.68,Bank Transfer,No
CUST09093,70,Female,Premium,86.12,22,2,67.94,Bank Transfer,Yes
CUST09094,56,Male,Standard,35.8,37,4,30.67,Cash,No
CUST09095,62,Female,Standard,56.65,3,0,12.34,Bank Transfer,No
CUST09096,37,Female,Standard,65.05,35,1,31.41,Cash,No
CUST09097,41,Female,Premium,65.92,38,4,11.89,Bank Transfer,No
CUST09098,44,Female,Standard,37.94,55,4,38.81,Card,Yes
CUST09099,47,Male,Premium,69.33,41,2,25.17,Cash,No
CUST09100,62,Male,Basic,34.22,38,4,34.61,Cash,No
CUST09101,44,Female,Standard,43.0,34,1,53.92,Card,No
CUST09102,43,Male,Basic,22.15,11,4,37.86,Cash,No
CUST09103,24,Male,Premium,86.35,14,7,27.44,Cash,Yes
CUST09104,59,Male,Standard,30.07,21,5,11.78,Bank Transfer,No
CUST09105,64,Female,Standard,44.12,28,2,52.72,Cash,No
CUST09106,70,Male,Basic,31.21,60,4,11.32,Bank Transfer,No
CUST09107,55,Male,Standard,49.43,34,0,10.54,Card,No
CUST09108,22,Male,Basic,25.82,65,1,43.98,Bank Transfer,No
CUST09109,40,Female,Standard,57.89,4,4,28.37,Mobile Wallet,No
CUST09110,45,Male,Premium,73.45,56,6,19.52,Mobile Wallet,No
CUST09111,51,Male,Standard,66.16,70,3,16.68,Card,Yes
CUST09112,70,Female,Basic,32.41,10,3,24.83,Mobile Wallet,No
CUST09113,32,Male,Premium,82.72,35,3,24.9,Card,No
CUST09114,49,Female,Premium,90.28,10,3,19.93,Card,No
CUST09115,43,Female,Standard,62.27,63,2,39.98,Card,No
CUST09116,65,Female,Standard,65.96,25,4,36.33,Cash,No
CUST09117,48,Female,Premium,68.7,32,3,8.23,Bank Transfer,No
CUST09118,36,Female,Standard,49.19,56,3,31.84,Bank Transfer,No
CUST09119,26,Female,Standard,29.0,26,4,30.23,Cash,Yes
CUST09120,46,Male,Standard,61.05,68,1,35.0,Bank Transfer,No
CUST09121,68,Female,Basic,19.48,27,1,30.1,Card,No
CUST09122,56,Male,Premium,85.98,11,5,36.54,Mobile Wallet,Yes
CUST09123,21,Male,Standard,57.96,53,4,5.04,Bank Transfer,No
CUST09124,20,Female,Standard,60.69,32,3,15.47,Cash,Yes
CUST09125,46,Male,Basic,29.72,59,1,20.16,Card,No
CUST09126,69,Male,Basic,46.31,30,2,31.87,Bank Transfer,No
CUST09127,28,Male,Standard,49.86,9,3,28.42,Mobile Wallet,Yes
CUST09128,50,Female,Standard,49.01,11,1,24.54,Card,No
CUST09129,55,Male,Standard,43.21,17,2,17.13,Cash,No
CUST09130,28,Male,Basic,26.29,11,3,18.72,Bank Transfer,No
CUST09131,44,Female,Basic,33.17,57,4,20.49,Mobile Wallet,No
CUST09132,50,Male,Standard,49.28,50,6,25.43,Cash,Yes
CUST09133,38,Male,Standard,38.79,53,4,21.93,Card,No
CUST09134,56,Male,Basic,30.95,66,0,10.38,Card,No
CUST09135,48,Female,Basic,17.42,43,0,16.18,Bank Transfer,No
CUST09136,55,Male,Premium,99.74,39,5,24.14,Card,Yes
CUST09137,63,Male,Basic,31.35,42,4,31.35,Bank Transfer,No
CUST09138,19,Female,Premium,71.6,34,5,17.07,Card,No
CUST09139,44,Female,Standard,50.48,25,4,26.56,Bank Transfer,Yes
CUST09140,53,Female,Standard,40.76,9,2,41.01,Cash,No
CUST09141,28,Male,Basic,31.58,12,3,14.81,Card,No
CUST09142,64,Female,Premium,83.45,10,2,24.78,Cash,Yes
CUST09143,35,Female,Basic,18.45,34,6,46.71,Cash,No
CUST09144,18,Female,Standard,34.56,26,2,16.99,Card,No
CUST09145,52,Male,Basic,28.06,35,3,28.24,Mobile Wallet,No
CUST09146,52,Female,Premium,75.03,56,3,18.4,Card,No
CUST09147,48,Female,Premium,94.39,56,3,31.25,Bank Transfer,No
CUST09148,45,Female,Standard,59.67,48,7,11.95,Mobile Wallet,No
CUST09149,56,Female,Basic,33.18,23,4,25.32,Mobile Wallet,Yes
CUST09150,18,Female,Standard,39.09,65,3,36.39,Bank Transfer,No
CUST09151,42,Male,Premium,62.98,8,4,30.16,Card,Yes
CUST09152,60,Male,Standard,55.45,13,0,8.01,Bank Transfer,No
CUST09153,55,Female,Premium,86.53,49,2,15.89,Mobile Wallet,No
CUST09154,37,Female,Standard,48.2,10,4,12.33,Cash,No
CUST09155,20,Female,Basic,36.04,3,4,6.18,Card,No
CUST09156,68,Male,Basic,34.1,28,3,16.55,Bank Transfer,No
CUST09157,19,Male,Standard,65.58,27,4,11.15,Bank Transfer,Yes
CUST09158,35,Male,Standard,45.44,11,7,7.46,Mobile Wallet,No
CUST09159,61,Male,Basic,27.75,12,0,24.68,Mobile Wallet,No
CUST09160,27,Female,Basic,29.16,7,4,21.92,Mobile Wallet,Yes
CUST09161,22,Female,Standard,51.03,42,0,49.21,Mobile Wallet,No
CUST09162,26,Female,Basic,19.64,10,3,8.07,Mobile Wallet,No
CUST09163,19,Female,Basic,16.06,61,3,7.21,Bank Transfer,No
CUST09164,51,Male,Premium,51.3,64,6,3.88,Bank Transfer,No
CUST09165,55,Female,Basic,27.28,28,2,5.04,Bank Transfer,No
CUST09166,48,Male,Basic,28.44,26,3,15.87,Cash,No
CUST09167,27,Male,Standard,58.76,52,1,18.11,Card,No
CUST09168,67,Female,Premium,79.96,4,3,36.43,Bank Transfer,No
CUST09169,29,Male,Standard,73.57,22,3,24.83,Card,Yes
CUST09170,53,Male,Basic,30.18,10,0,28.87,Cash,No
CUST09171,38,Female,Premium,75.17,4,3,51.62,Card,No
CUST09172,66,Male,Standard,39.09,7,1,26.96,Card,Yes
CUST09173,64,Male,Standard,47.95,63,3,29.57,Card,No
CUST09174,23,Female,Standard,54.74,67,4,17.0,Mobile Wallet,No
CUST09175,65,Male,Standard,51.82,30,2,9.63,Mobile Wallet,No
CUST09176,66,Male,Standard,41.37,21,6,3.38,Mobile Wallet,Yes
CUST09177,20,Female,Premium,63.39,48,1,28.84,,No
CUST09178,27,Male,Standard,63.81,17,0,44.26,Bank Transfer,No
CUST09179,22,Female,Premium,87.51,67,1,21.45,Mobile Wallet,Yes
CUST09180,63,Male,Standard,80.87,9,0,23.5,Mobile Wallet,No
CUST09181,43,Male,Basic,28.31,40,2,18.54,Cash,No
CUST09182,38,Female,Standard,50.39,59,2,11.49,Mobile Wallet,No
CUST09183,62,Female,Basic,31.32,69,2,30.65,Card,No
CUST09184,43,Male,Basic,15.0,41,2,5.4,Cash,No
CUST09185,55,Female,Standard,51.99,68,4,17.77,Bank Transfer,No
CUST09186,61,Male,Standard,48.79,48,2,40.65,Card,No
CUST09187,43,Female,Basic,15.0,61,3,18.85,Mobile Wallet,No
CUST09188,25,Male,Standard,49.99,5,3,,Mobile Wallet,Yes
CUST09189,22,Male,Basic,24.46,7,4,15.57,Mobile Wallet,No
CUST09190,32,Male,Premium,78.44,6,4,39.18,Bank Transfer,Yes
CUST09191,33,Male,Basic,27.96,29,1,14.49,Card,Yes
CUST09192,18,Male,Standard,46.99,51,3,16.99,Cash,No
CUST09193,33,Female,Standard,41.83,28,4,18.94,Bank Transfer,No
CUST09194,54,Female,Standard,66.67,57,2,20.73,Cash,Yes
CUST09195,20,Male,Basic,27.09,63,4,38.02,Bank Transfer,No
CUST09196,69,Male,Standard,53.3,38,3,36.63,Mobile Wallet,No
CUST09197,64,Female,Premium,64.36,49,3,10.48,Mobile Wallet,No
CUST09198,48,Female,Standard,48.85,12,5,15.83,Mobile Wallet,No
CUST09199,30,Female,Standard,51.54,45,3,27.41,Card,No
CUST09200,33,Female,Standard,42.52,45,2,9.95,Card,No
CUST09201,60,Female,Basic,20.4,5,1,30.47,Bank Transfer,No
CUST09202,38,Male,Basic,18.41,65,4,10.74,Bank Transfer,No
CUST09203,19,Male,Premium,92.99,35,3,40.72,Mobile Wallet,No
CUST09204,44,Female,Premium,73.5,35,3,23.71,Card,No
CUST09205,55,Female,Standard,47.73,31,3,25.23,Card,No
CUST09206,43,Female,Standard,34.9,36,4,74.88,Card,No
CUST09207,55,Female,Standard,60.01,40,3,30.72,Card,No
CUST09208,63,Female,Basic,,40,2,8.74,Bank Transfer,No
CUST09209,42,Female,Standard,54.29,61,4,32.3,Card,No
CUST09210,28,Female,Premium,82.71,12,0,16.54,Mobile Wallet,No
CUST09211,25,Female,Standard,61.74,13,4,11.36,Bank Transfer,No
CUST09212,25,Female,Basic,33.83,30,4,13.03,Cash,No
CUST09213,50,Male,Basic,,40,1,8.21,Mobile Wallet,No
CUST09214,70,Female,Basic,17.02,17,4,38.23,Bank Transfer,No
CUST09215,24,Female,Standard,45.23,22,1,34.96,Bank Transfer,No
CUST09216,55,Male,Premium,70.67,56,6,7.01,Bank Transfer,No
CUST09217,38,Male,Premium,51.18,62,0,10.4,Card,No
CUST09218,25,Male,Premium,74.36,57,2,8.56,Mobile Wallet,No
CUST09219,68,Female,Standard,22.77,15,1,15.62,Cash,No
CUST09220,38,Female,Standard,39.29,54,2,12.93,Mobile Wallet,No
CUST09221,37,Female,Premium,62.91,16,4,39.28,Cash,No
CUST09222,25,Female,Standard,43.8,24,8,29.04,Card,Yes
CUST09223,63,Male,Premium,94.57,25,1,30.88,Mobile Wallet,No
CUST09224,48,Female,Standard,35.66,46,3,6.47,Card,No
CUST09225,67,Female,Basic,22.18,55,6,30.05,Card,No
CUST09226,46,Male,Standard,33.25,1,7,13.11,Mobile Wallet,Yes
CUST09227,65,Female,Standard,55.25,50,6,14.02,Card,Yes
CUST09228,26,Female,Basic,33.78,50,1,32.4,Card,No
CUST09229,32,Female,Standard,43.83,33,4,11.47,Mobile Wallet,No
CUST09230,47,Female,Premium,98.44,71,5,15.12,Bank Transfer,Yes
CUST09231,43,Male,Standard,54.38,28,3,10.67,Cash,No
CUST09232,27,Male,Basic,34.96,32,6,16.81,Cash,No
CUST09233,46,Male,Standard,36.13,8,0,28.9,Card,Yes
CUST09234,33,Male,Standard,68.82,44,6,25.9,Card,No
CUST09235,53,Female,Standard,52.38,28,3,19.62,Card,No
CUST09236,37,Female,Standard,45.65,67,5,14.77,Bank Transfer,No
CUST09237,62,Female,Standard,51.97,7,3,11.51,Mobile Wallet,Yes
CUST09238,54,Male,Standard,45.83,6,1,25.27,Bank Transfer,No
CUST09239,39,Male,Basic,28.81,45,5,7.5,Mobile Wallet,No
CUST09240,24,Male,Standard,33.05,14,3,14.56,Mobile Wallet,Yes
CUST09241,40,Female,Standard,45.98,45,4,11.41,Bank Transfer,No
CUST09242,58,Female,Basic,17.82,59,4,20.5,Card,No
CUST09243,57,Male,Basic,33.62,40,6,11.9,Cash,No
CUST09244,46,Male,Standard,40.44,46,3,21.79,Cash,No
CUST09245,33,Female,Premium,87.77,59,3,17.46,Bank Transfer,No
CUST09246,55,Female,Standard,44.5,37,1,2.5,Bank Transfer,No
CUST09247,45,Female,Standard,52.58,68,4,48.99,Card,No
CUST09248,65,Male,Standard,46.18,65,4,29.98,Bank Transfer,No
CUST09249,55,Male,Basic,28.22,28,4,27.34,Bank Transfer,Yes
CUST09250,48,Male,Basic,27.25,41,2,18.89,Card,No
CUST09251,31,Male,Premium,73.9,15,1,12.58,Card,No
CUST09252,70,Female,Standard,46.43,39,3,41.41,Card,No
CUST09253,50,Female,Standard,63.03,66,3,16.58,Bank Transfer,No
CUST09254,26,Female,Basic,39.29,28,2,18.96,Card,No
CUST09255,44,Male,Premium,78.14,31,5,31.79,Bank Transfer,Yes
CUST09256,41,Female,Premium,,12,2,20.15,Bank Transfer,No
CUST09257,30,Female,Basic,28.3,13,1,20.38,Bank Transfer,Yes
CUST09258,43,Female,Standard,42.82,3,3,12.95,Bank Transfer,No
CUST09259,46,Female,Basic,38.33,63,1,,Mobile Wallet,No
CUST09260,68,Female,Standard,39.64,29,1,20.41,Bank Transfer,No
CUST09261,66,Male,Basic,28.74,64,4,7.6,Mobile Wallet,No
CUST09262,60,Female,Basic,35.19,66,3,19.29,Card,No
CUST09263,45,Female,Basic,16.66,50,2,3.22,Card,No
CUST09264,45,Male,Premium,107.62,17,3,36.84,Card,No
CUST09265,25,Male,Premium,96.18,56,4,13.42,Bank Transfer,No
CUST09266,40,Female,Basic,21.64,7,2,20.23,Mobile Wallet,No
CUST09267,46,Female,Standard,58.8,36,4,15.21,Mobile Wallet,No
CUST09268,22,Female,Basic,36.67,40,4,11.61,Card,No
CUST09269,59,Female,Basic,27.22,1,6,40.99,Card,No
CUST09270,24,Male,Premium,75.25,42,4,49.09,Card,Yes
CUST09271,59,Female,Basic,35.11,36,1,15.21,Card,No
CUST09272,53,Male,Standard,56.44,39,4,66.8,Bank Transfer,No
CUST09273,58,Female,Standard,54.28,1,8,54.57,Cash,Yes
CUST09274,44,Female,Basic,37.0,63,4,18.45,Bank Transfer,No
CUST09275,63,Female,Standard,63.48,56,2,44.21,Card,No
CUST09276,19,Male,Premium,51.72,31,4,9.59,Bank Transfer,No
CUST09277,42,Female,Standard,56.28,1,5,16.17,Mobile Wallet,Yes
CUST09278,26,Female,Basic,29.93,41,3,17.32,Cash,No
CUST09279,70,Male,Premium,86.12,11,2,21.33,Cash,No
CUST09280,44,Female,Premium,71.97,6,3,27.89,Card,No
CUST09281,18,Male,Basic,23.34,51,2,10.92,Bank Transfer,No
CUST09282,40,Female,Basic,33.32,64,1,20.05,Card,No
CUST09283,27,Male,Basic,28.02,20,1,42.06,Mobile Wallet,No
CUST09284,59,Male,Basic,29.79,4,3,30.4,Card,No
CUST09285,69,Male,Standard,87.76,39,1,22.35,Cash,No
CUST09286,42,Female,Basic,29.62,47,1,33.33,Card,No
CUST09287,20,Male,Basic,21.09,22,2,20.63,Bank Transfer,No
CUST09288,23,Male,Basic,44.53,42,4,7.91,Card,No
CUST09289,23,Female,Standard,46.44,35,4,17.85,Bank Transfer,No
CUST09290,70,Male,Standard,54.4,25,1,9.94,Cash,No
CUST09291,19,Female,Standard,47.48,3,5,68.46,Card,No
CUST09292,35,Female,Basic,28.1,51,3,13.09,Mobile Wallet,No
CUST09293,40,Male,Standard,42.33,12,0,29.27,Bank Transfer,No
CUST09294,19,Male,Basic,25.11,14,5,16.35,Card,No
CUST09295,29,Female,Premium,85.5,40,3,22.48,Mobile Wallet,No
CUST09296,39,Male,Standard,49.95,32,1,7.15,Card,No
CUST09297,54,Male,Basic,41.83,50,5,12.24,Mobile Wallet,No
CUST09298,37,Male,Basic,42.86,68,1,8.79,Mobile Wallet,No
CUST09299,56,Male,Basic,15.26,29,3,51.3,Card,No
CUST09300,41,Female,Basic,33.37,31,2,30.83,Cash,Yes
CUST09301,65,Female,Standard,46.18,24,2,18.1,Bank Transfer,No
CUST09302,37,Male,Premium,86.38,11,2,69.63,Bank Transfer,No
CUST09303,18,Female,Basic,31.36,30,1,86.1,Bank Transfer,No
CUST09304,18,Male,Standard,42.69,19,5,16.76,Card,No
CUST09305,34,Male,Standard,45.07,36,2,4.76,Mobile Wallet,Yes
CUST09306,18,Male,Standard,32.33,6,4,43.93,Mobile Wallet,No
CUST09307,70,Male,Basic,23.47,2,3,15.49,Bank Transfer,Yes
CUST09308,69,Female,Basic,38.41,19,3,21.65,Card,Yes
CUST09309,62,Male,Premium,94.19,46,7,27.38,Cash,Yes
CUST09310,47,Female,Premium,73.91,40,1,12.73,Card,No
CUST09311,58,Male,Basic,32.08,18,3,19.33,Card,No
CUST09312,64,Female,Basic,31.95,36,5,17.48,Bank Transfer,No
CUST09313,20,Female,Standard,39.89,46,4,38.7,Cash,No
CUST09314,63,Female,Standard,47.84,56,2,22.58,Bank Transfer,No
CUST09315,28,Female,Standard,48.16,52,4,17.69,Card,No
CUST09316,41,Male,Basic,32.74,54,3,21.25,Bank Transfer,No
CUST09317,39,Female,Premium,76.02,56,4,10.23,Card,No
CUST09318,61,Male,Standard,56.32,20,4,25.91,Mobile Wallet,No
CUST09319,62,Female,Basic,33.98,1,4,11.73,Bank Transfer,Yes
CUST09320,43,Female,Standard,62.33,23,2,7.22,Card,No
CUST09321,30,Female,Basic,29.99,38,5,11.16,Mobile Wallet,No
CUST09322,18,Male,Standard,38.51,20,5,3.2,Bank Transfer,No
CUST09323,41,Female,Standard,64.87,4,2,23.83,Card,No
CUST09324,27,Male,Basic,35.07,69,5,36.33,Card,Yes
CUST09325,52,Male,Standard,55.56,6,4,11.04,Card,No
CUST09326,41,Male,Basic,34.76,63,3,13.73,Mobile Wallet,No
CUST09327,45,Female,Standard,59.45,1,1,9.12,Bank Transfer,No
CUST09328,53,Female,Standard,54.13,63,5,71.99,Card,No
CUST09329,33,Female,Standard,76.38,54,6,21.58,Card,No
CUST09330,57,Female,Basic,30.54,69,1,5.65,Bank Transfer,No
CUST09331,33,Female,Standard,45.82,43,3,58.72,Card,Yes
CUST09332,34,Female,Standard,62.78,5,2,13.02,Mobile Wallet,No
CUST09333,68,Female,Standard,56.8,70,1,7.48,Card,No
CUST09334,32,Male,Standard,41.91,66,2,31.7,Cash,No
CUST09335,33,Female,Standard,58.74,10,1,17.0,Card,Yes
CUST09336,32,Male,Premium,50.28,36,2,40.43,Card,No
CUST09337,51,Male,Basic,34.59,35,3,16.24,Card,No
CUST09338,28,Female,Standard,54.36,45,1,29.94,Card,No
CUST09339,18,Female,Standard,58.11,23,4,34.27,Mobile Wallet,No
CUST09340,32,Male,Standard,51.9,62,3,28.76,Card,No
CUST09341,43,Male,Standard,47.36,47,2,13.83,Bank Transfer,Yes
CUST09342,68,Female,Premium,85.5,16,5,11.56,Card,Yes
CUST09343,21,Male,Standard,49.6,37,3,16.71,Cash,No
CUST09344,60,Male,Premium,60.91,42,4,15.79,Mobile Wallet,No
CUST09345,22,Male,Basic,22.78,35,6,39.27,Card,No
CUST09346,52,Male,Standard,41.54,40,4,34.19,Card,No
CUST09347,30,Female,Basic,26.33,16,2,15.11,Card,No
CUST09348,27,Female,Standard,47.46,69,3,17.13,Bank Transfer,No
CUST09349,28,Male,Standard,30.6,11,1,11.47,Bank Transfer,Yes
CUST09350,35,Male,Standard,47.95,51,5,9.26,Card,No
CUST09351,51,Male,Standard,55.07,50,6,24.21,Card,No
CUST09352,56,Female,Basic,42.27,67,3,25.68,Bank Transfer,No
CUST09353,58,Female,Standard,41.81,67,5,2.11,Mobile Wallet,No
CUST09354,59,Male,Standard,51.93,65,2,6.25,Mobile Wallet,No
CUST09355,67,Male,Basic,35.22,12,3,50.01,Mobile Wallet,No
CUST09356,40,Male,Basic,27.05,7,1,24.94,Card,No
CUST09357,24,Female,Standard,60.35,43,1,6.58,Card,No
CUST09358,56,Male,Standard,63.01,46,4,38.64,Cash,Yes
CUST09359,20,Male,Basic,24.46,22,1,15.43,Mobile Wallet,No
CUST09360,29,Male,Basic,38.4,6,0,54.76,Card,No
CUST09361,24,Male,Basic,29.77,38,4,21.66,Bank Transfer,No
CUST09362,66,Male,Premium,75.03,39,3,16.17,Bank Transfer,No
CUST09363,43,Female,Standard,45.78,60,2,22.81,Card,No
CUST09364,50,Female,Basic,25.52,62,2,22.65,Bank Transfer,No
CUST09365,54,Female,Premium,64.08,27,2,55.92,Bank Transfer,No
CUST09366,65,Male,Basic,37.01,49,5,36.99,Cash,No
CUST09367,32,Female,Basic,29.47,15,3,44.15,Mobile Wallet,No
CUST09368,19,Male,Premium,73.93,33,2,22.61,Mobile Wallet,Yes
CUST09369,58,Female,Premium,69.58,46,2,24.74,Card,No
CUST09370,24,Female,Standard,34.88,71,3,10.93,Cash,No
CUST09371,49,Male,Standard,53.46,13,2,18.16,Card,No
CUST09372,21,Male,Basic,32.02,53,1,38.28,Mobile Wallet,No
CUST09373,37,Male,Premium,92.47,39,2,45.87,Bank Transfer,No
CUST09374,67,Female,Standard,60.92,50,3,7.65,Bank Transfer,No
CUST09375,70,Male,Basic,31.37,70,3,16.13,Mobile Wallet,Yes
CUST09376,53,Female,Standard,26.32,60,0,8.6,Mobile Wallet,No
CUST09377,49,Female,Premium,85.97,9,1,41.27,Mobile Wallet,No
CUST09378,45,Female,Premium,64.59,4,3,,Bank Transfer,No
CUST09379,30,Male,Standard,69.95,21,1,31.07,Cash,Yes
CUST09380,18,Male,Standard,68.95,12,0,8.78,Bank Transfer,Yes
CUST09381,52,Male,Basic,27.94,50,7,24.66,Mobile Wallet,No
CUST09382,65,Female,Standard,36.23,13,3,17.95,Bank Transfer,No
CUST09383,47,Female,Standard,38.91,52,1,26.14,Cash,No
CUST09384,53,Male,Basic,28.47,21,4,20.21,Mobile Wallet,No
CUST09385,42,Female,Premium,71.26,55,6,22.16,Bank Transfer,No
CUST09386,33,Female,Premium,68.24,10,4,18.66,Mobile Wallet,No
CUST09387,36,Female,Basic,28.48,29,6,19.37,Mobile Wallet,No
CUST09388,18,Male,Premium,78.41,11,1,15.21,Card,Yes
CUST09389,22,Female,Standard,60.93,30,2,31.43,Bank Transfer,No
CUST09390,68,Female,Standard,46.13,40,2,10.7,Mobile Wallet,No
CUST09391,39,Male,Premium,59.09,49,4,28.84,Card,Yes
CUST09392,41,Male,Basic,28.95,3,1,44.72,Bank Transfer,No
CUST09393,60,Male,Standard,52.67,1,4,35.1,Mobile Wallet,No
CUST09394,62,Male,Basic,32.19,32,8,23.43,Bank Transfer,No
CUST09395,69,Male,Standard,47.07,39,3,8.61,Cash,No
CUST09396,54,Male,Standard,56.99,2,1,32.19,Mobile Wallet,No
CUST09397,70,Female,Basic,34.65,31,1,35.3,Card,No
CUST09398,53,Female,Standard,58.68,18,2,11.61,Card,No
CUST09399,53,Female,Basic,32.02,7,2,35.89,Cash,No
CUST09400,21,Female,Basic,15.0,5,2,11.01,Bank Transfer,No
CUST09401,53,Male,Basic,30.04,29,4,30.54,Card,No
CUST09402,69,Female,Standard,40.45,68,2,22.79,Cash,No
CUST09403,70,Male,Premium,73.38,46,4,38.0,Mobile Wallet,No
CUST09404,35,Male,Premium,64.9,56,4,16.2,Card,No
CUST09405,67,Female,Premium,88.28,3,1,42.0,Cash,No
CUST09406,33,Female,Premium,87.09,13,0,24.62,Cash,No
CUST09407,58,Male,Basic,25.09,67,14,21.01,Mobile Wallet,Yes
CUST09408,35,Male,Standard,51.73,72,7,21.65,Bank Transfer,No
CUST09409,39,Male,Standard,44.42,50,5,41.35,Mobile Wallet,No
CUST09410,19,Male,Basic,27.05,4,2,16.15,Card,No
CUST09411,38,Female,Standard,49.7,42,2,15.75,Bank Transfer,No
CUST09412,53,Male,Standard,44.81,24,5,29.04,Card,No
CUST09413,61,Female,Premium,92.96,19,4,,Cash,Yes
CUST09414,56,Male,Standard,46.66,40,2,14.71,Cash,No
CUST09415,64,Male,Premium,55.93,34,4,,Bank Transfer,No
CUST09416,56,Male,Basic,28.83,7,1,7.36,Cash,Yes
CUST09417,46,Female,Basic,,38,2,58.45,Mobile Wallet,No
CUST09418,43,Male,Premium,75.75,19,4,36.65,Mobile Wallet,No
CUST09419,38,Female,Basic,32.02,45,4,74.37,Card,No
CUST09420,34,Female,Standard,36.06,20,5,21.69,Card,No
CUST09421,33,Female,Standard,31.94,2,1,11.21,Cash,Yes
CUST09422,48,Male,Premium,61.17,37,2,7.65,Bank Transfer,No
CUST09423,68,Female,Basic,29.92,31,3,42.27,Card,No
CUST09424,26,Female,Basic,22.56,42,2,27.63,Card,No
CUST09425,48,Male,Standard,64.86,6,4,44.93,Card,Yes
CUST09426,31,Male,Standard,52.19,9,1,28.02,Mobile Wallet,Yes
CUST09427,66,Female,Basic,15.0,53,3,36.91,Card,No
CUST09428,54,Female,Premium,66.94,11,3,16.52,Card,No
CUST09429,19,Male,Standard,25.01,16,2,24.98,Bank Transfer,No
CUST09430,69,Female,Premium,70.8,13,4,20.85,Card,Yes
CUST09431,65,Female,Basic,36.02,38,5,27.43,Bank Transfer,No
CUST09432,63,Female,Standard,52.59,13,5,30.9,Bank Transfer,No
CUST09433,31,Male,Premium,78.18,15,6,14.65,Mobile Wallet,Yes
CUST09434,50,Female,Standard,52.66,18,2,9.98,Card,Yes
CUST09435,52,Male,Basic,30.81,16,1,37.31,Cash,Yes
CUST09436,56,Male,Premium,83.61,41,4,37.37,Card,No
CUST09437,64,Male,Standard,58.15,50,0,25.8,Card,No
CUST09438,68,Female,Premium,74.73,69,6,16.93,Bank Transfer,No
CUST09439,37,Male,Basic,34.23,66,0,13.65,Mobile Wallet,No
CUST09440,19,Female,Standard,46.98,41,3,22.09,Bank Transfer,No
CUST09441,68,Male,Premium,76.67,27,1,13.06,Cash,No
CUST09442,58,Female,Standard,50.3,59,8,16.45,Card,Yes
CUST09443,36,Female,Basic,41.43,65,5,5.28,Mobile Wallet,No
CUST09444,54,Female,Basic,28.74,14,3,41.43,Card,No
CUST09445,35,Male,Basic,33.91,35,4,,Card,No
CUST09446,33,Female,Standard,56.95,23,4,18.53,Card,No
CUST09447,21,Female,Standard,51.13,22,2,16.67,Mobile Wallet,No
CUST09448,29,Male,Basic,27.56,27,2,23.23,Bank Transfer,No
CUST09449,46,Male,Basic,15.0,50,1,10.62,Mobile Wallet,No
CUST09450,24,Female,Standard,68.53,25,4,16.88,Bank Transfer,No
CUST09451,31,Male,Standard,42.98,54,3,19.87,Bank Transfer,No
CUST09452,29,Male,Standard,58.82,49,4,20.34,Mobile Wallet,No
CUST09453,52,Male,Standard,56.87,3,2,27.69,Cash,No
CUST09454,22,Female,Premium,72.78,25,1,40.57,Bank Transfer,Yes
CUST09455,34,Male,Basic,32.97,68,5,30.46,Bank Transfer,No
CUST09456,59,Female,Standard,51.03,57,5,13.29,Bank Transfer,No
CUST09457,49,Male,Standard,45.3,15,3,42.09,Mobile Wallet,Yes
CUST09458,27,Male,Basic,27.09,67,4,20.13,Card,No
CUST09459,60,Female,Standard,41.36,11,5,25.27,Card,No
CUST09460,34,Male,Premium,88.94,3,4,20.96,Card,No
CUST09461,22,Male,Basic,28.09,18,1,44.69,Mobile Wallet,Yes
CUST09462,62,Male,Basic,36.68,53,5,19.89,Mobile Wallet,No
CUST09463,59,Male,Standard,43.4,9,6,22.46,Card,No
CUST09464,26,Female,Standard,52.01,72,3,26.39,Card,No
CUST09465,66,Female,Standard,51.03,40,3,11.28,Card,No
CUST09466,50,Female,Standard,56.66,56,0,24.55,Card,No
CUST09467,53,Female,Premium,81.16,14,8,23.85,Card,Yes
CUST09468,53,Female,Basic,37.78,61,3,37.25,Bank Transfer,No
CUST09469,35,Female,Basic,27.03,13,1,39.28,Bank Transfer,No
CUST09470,26,Female,Basic,18.07,47,2,4.31,Bank Transfer,No
CUST09471,46,Male,Standard,35.04,5,7,59.13,Mobile Wallet,No
CUST09472,67,Female,Standard,64.41,5,4,22.37,Bank Transfer,No
CUST09473,31,Female,Premium,63.62,12,2,16.65,Card,No
CUST09474,42,Female,Standard,52.77,35,3,21.66,Mobile Wallet,No
CUST09475,32,Male,Standard,47.04,26,2,28.94,Cash,No
CUST09476,23,Female,Basic,26.28,1,5,33.25,Mobile Wallet,No
CUST09477,59,Female,Standard,46.57,10,2,34.43,Bank Transfer,Yes
CUST09478,46,Female,Basic,32.9,38,3,37.71,Bank Transfer,No
CUST09479,32,Male,Premium,45.78,24,6,24.82,Card,No
CUST09480,46,Female,Standard,59.41,47,0,21.48,Mobile Wallet,No
CUST09481,21,Male,Basic,20.03,2,2,52.22,Mobile Wallet,No
CUST09482,35,Male,Standard,48.38,2,5,69.27,Card,No
CUST09483,67,Male,Basic,30.55,30,3,12.95,Card,No
CUST09484,66,Male,Standard,44.92,25,4,32.5,Card,No
CUST09485,61,Female,Basic,15.0,62,2,18.84,Cash,No
CUST09486,56,Male,Standard,35.0,1,3,11.44,Cash,No
CUST09487,33,Male,Standard,44.42,63,5,12.41,Mobile Wallet,No
CUST09488,28,Female,Standard,41.25,59,4,27.43,Card,No
CUST09489,31,Male,Standard,32.43,54,2,15.04,Card,No
CUST09490,20,Male,Basic,33.79,69,2,14.43,Mobile Wallet,No
CUST09491,68,Male,Standard,48.86,55,4,31.82,Cash,No
CUST09492,67,Male,Standard,52.97,42,3,16.63,Card,No
CUST09493,59,Male,Standard,55.77,53,4,46.45,Bank Transfer,No
CUST09494,55,Male,Premium,78.62,65,3,12.67,Bank Transfer,No
CUST09495,62,Female,Basic,39.63,9,3,4.07,Bank Transfer,No
CUST09496,59,Female,Standard,58.95,71,2,9.61,Bank Transfer,No
CUST09497,35,Female,Standard,60.98,51,2,28.96,Mobile Wallet,No
CUST09498,37,Female,Standard,55.78,16,4,20.49,Card,No
CUST09499,65,Male,Standard,54.89,53,5,14.39,Bank Transfer,Yes
CUST09500,42,Male,Basic,25.49,70,1,16.33,Mobile Wallet,No
CUST09501,55,Male,Standard,58.09,62,1,8.35,Card,No
CUST09502,30,Female,Basic,32.4,37,5,33.01,Mobile Wallet,No
CUST09503,21,Female,Standard,53.22,61,7,18.63,Card,No
CUST09504,31,Male,Standard,56.63,57,2,18.52,Bank Transfer,No
CUST09505,50,Male,Basic,36.35,45,3,25.23,Card,No
CUST09506,45,Female,Standard,23.68,17,1,41.86,Mobile Wallet,No
CUST09507,69,Female,Basic,19.81,2,4,6.31,Mobile Wallet,Yes
CUST09508,54,Female,Standard,65.09,37,3,,Card,No
CUST09509,25,Female,Standard,34.16,54,5,60.72,Mobile Wallet,No
CUST09510,61,Male,Standard,51.77,42,1,37.91,Card,No
CUST09511,51,Female,Premium,78.42,29,1,23.0,Bank Transfer,No
CUST09512,61,Female,Standard,50.46,65,4,9.55,Card,No
CUST09513,22,Male,Basic,22.87,40,3,27.38,Bank Transfer,No
CUST09514,22,Male,Premium,63.48,11,5,16.67,Card,Yes
CUST09515,48,Male,Basic,22.51,58,4,25.28,Cash,No
CUST09516,62,Female,Standard,43.35,20,1,5.24,Cash,Yes
CUST09517,26,Female,Premium,67.22,66,2,27.52,Card,No
CUST09518,59,Female,Standard,31.31,31,3,9.48,Mobile Wallet,No
CUST09519,49,Female,Basic,34.94,5,2,60.57,Card,Yes
CUST09520,50,Male,Basic,38.97,50,3,31.32,Card,No
CUST09521,20,Male,Basic,36.38,9,5,31.02,Card,Yes
CUST09522,47,Female,Standard,,41,8,29.5,Mobile Wallet,No
CUST09523,67,Female,Basic,40.37,10,3,17.07,Bank Transfer,No
CUST09524,29,Female,Standard,49.27,53,4,22.09,Mobile Wallet,No
CUST09525,46,Male,Standard,55.4,49,0,35.26,Bank Transfer,No
CUST09526,20,Female,Premium,72.03,26,5,11.92,Bank Transfer,Yes
CUST09527,43,Male,Premium,93.89,67,6,22.29,Bank Transfer,No
CUST09528,47,Female,Premium,65.61,36,2,13.66,Bank Transfer,Yes
CUST09529,26,Male,Basic,25.29,23,3,29.63,Bank Transfer,Yes
CUST09530,43,Male,Standard,54.37,39,3,10.8,Bank Transfer,No
CUST09531,19,Female,Basic,29.09,59,4,56.08,Bank Transfer,No
CUST09532,20,Male,Basic,22.01,23,3,34.41,Mobile Wallet,No
CUST09533,63,Male,Standard,57.0,23,2,26.11,Cash,No
CUST09534,21,Female,Premium,50.57,43,0,25.99,Mobile Wallet,No
CUST09535,42,Male,Basic,27.3,25,2,16.07,Bank Transfer,No
CUST09536,68,Female,Basic,36.12,60,4,24.8,Bank Transfer,Yes
CUST09537,30,Male,Basic,32.83,33,1,5.53,Card,No
CUST09538,56,Male,Standard,56.69,33,4,42.62,Card,No
CUST09539,61,Male,Premium,87.92,65,1,12.98,Mobile Wallet,Yes
CUST09540,52,Male,Basic,28.78,47,7,49.72,Card,No
CUST09541,40,Female,Standard,37.67,33,4,25.7,Cash,No
CUST09542,26,Female,Premium,73.32,38,1,40.55,Card,Yes
CUST09543,19,Female,Basic,28.65,24,11,23.06,Bank Transfer,No
CUST09544,58,Male,Standard,54.43,49,3,22.77,Mobile Wallet,No
CUST09545,61,Male,Basic,32.14,30,7,29.49,Cash,No
CUST09546,48,Female,Standard,30.54,58,4,25.77,Cash,No
CUST09547,61,Female,Standard,53.53,59,2,9.73,Bank Transfer,No
CUST09548,64,Female,Standard,49.14,16,0,6.6,Card,No
CUST09549,19,Female,Basic,37.41,16,1,21.71,Bank Transfer,No
CUST09550,49,Male,Basic,34.24,33,4,17.59,Bank Transfer,No
CUST09551,35,Female,Basic,31.5,39,2,24.47,Cash,No
CUST09552,30,Male,Standard,50.91,46,4,64.7,Card,Yes
CUST09553,63,Female,Premium,75.08,38,3,24.84,Bank Transfer,No
CUST09554,22,Male,Premium,80.56,23,4,2.74,Mobile Wallet,No
CUST09555,59,Female,Basic,52.76,26,4,32.22,Card,No
CUST09556,61,Female,Premium,78.62,49,3,14.64,Mobile Wallet,No
CUST09557,27,Male,Basic,32.88,24,4,13.62,Card,No
CUST09558,60,Male,Standard,61.55,42,6,13.14,Mobile Wallet,No
CUST09559,42,Female,Standard,58.59,27,0,18.85,Mobile Wallet,Yes
CUST09560,51,Male,Basic,27.5,2,0,65.49,Cash,No
CUST09561,54,Female,Basic,24.82,8,6,26.43,Bank Transfer,No
CUST09562,47,Male,Basic,34.02,41,3,26.13,Card,No
CUST09563,24,Female,Standard,63.71,13,3,10.83,Card,Yes
CUST09564,23,Female,Standard,38.84,22,3,42.45,Bank Transfer,No
CUST09565,20,Female,Standard,59.05,47,1,15.4,Bank Transfer,No
CUST09566,30,Female,Premium,74.52,47,5,58.45,Card,No
CUST09567,20,Female,Standard,42.32,65,5,4.08,Bank Transfer,Yes
CUST09568,43,Female,Standard,45.03,69,7,23.52,Card,No
CUST09569,41,Female,Standard,42.11,29,4,21.82,Card,No
CUST09570,70,Female,Basic,25.61,30,5,10.53,Bank Transfer,No
CUST09571,23,Male,Basic,18.21,46,2,4.42,Bank Transfer,No
CUST09572,60,Male,Standard,35.21,6,3,19.44,Cash,No
CUST09573,66,Male,Standard,39.2,6,4,15.54,Bank Transfer,No
CUST09574,59,Female,Premium,73.31,52,1,9.98,Mobile Wallet,Yes
CUST09575,29,Female,Basic,41.2,5,2,8.94,Bank Transfer,No
CUST09576,66,Female,Basic,44.0,41,1,29.41,Card,No
CUST09577,53,Male,Basic,31.84,20,6,26.33,Card,No
CUST09578,19,Male,Basic,29.61,20,4,50.57,Bank Transfer,No
CUST09579,28,Male,Standard,42.41,39,2,33.14,Card,No
CUST09580,56,Male,Premium,63.1,30,3,20.74,Bank Transfer,No
CUST09581,51,Male,Standard,46.69,48,5,13.54,Mobile Wallet,No
CUST09582,43,Female,Standard,48.06,60,3,23.75,Bank Transfer,No
CUST09583,35,Male,Standard,63.65,23,2,61.44,Cash,Yes
CUST09584,38,Female,Basic,24.9,60,3,6.95,Mobile Wallet,No
CUST09585,53,Female,Premium,66.64,50,3,18.16,Card,No
CUST09586,57,Female,Standard,49.09,13,3,21.23,Bank Transfer,Yes
CUST09587,69,Male,Basic,25.55,38,1,13.2,Bank Transfer,No
CUST09588,63,Male,Standard,64.41,39,4,13.1,Bank Transfer,No
CUST09589,61,Female,Standard,49.85,68,5,30.41,Card,No
CUST09590,39,Male,Basic,33.97,19,1,34.15,Bank Transfer,No
CUST09591,70,Male,Basic,30.91,52,1,19.12,Cash,No
CUST09592,47,Female,Standard,52.29,41,1,21.67,Bank Transfer,No
CUST09593,67,Female,Basic,26.35,27,1,29.15,Cash,No
CUST09594,60,Female,Basic,30.98,23,2,36.63,,No
CUST09595,47,Female,Standard,59.65,19,5,44.18,Card,No
CUST09596,25,Female,Standard,45.99,35,2,19.92,Card,No
CUST09597,51,Male,Standard,41.06,5,4,22.99,Mobile Wallet,No
CUST09598,64,Female,Premium,59.41,5,1,27.15,Bank Transfer,No
CUST09599,26,Male,Standard,56.82,6,1,8.67,Bank Transfer,No
CUST09600,68,Male,Standard,57.96,41,1,18.05,Mobile Wallet,No
CUST09601,37,Female,Premium,64.48,41,4,6.94,Card,Yes
CUST09602,57,Female,Standard,64.11,54,1,19.03,Mobile Wallet,No
CUST09603,42,Male,Basic,27.09,44,3,11.01,Card,No
CUST09604,36,Female,Basic,30.67,48,5,30.02,Card,No
CUST09605,22,Male,Standard,48.8,37,3,46.96,Bank Transfer,No
CUST09606,28,Female,Standard,46.9,56,3,58.43,Mobile Wallet,No
CUST09607,32,Female,Premium,70.58,33,2,44.71,Cash,No
CUST09608,25,Male,Standard,62.69,35,2,24.91,Mobile Wallet,No
CUST09609,36,Male,Premium,98.13,6,2,10.25,Card,Yes
CUST09610,40,Female,Basic,31.72,46,2,9.12,Mobile Wallet,No
CUST09611,44,Female,Standard,53.29,36,3,29.93,Card,No
CUST09612,57,Female,Premium,87.75,44,3,21.05,Card,No
CUST09613,49,Male,Basic,40.99,7,1,24.01,Bank Transfer,No
CUST09614,43,Female,Basic,25.33,7,4,34.94,Bank Transfer,No
CUST09615,44,Female,Standard,59.02,29,1,7.15,Mobile Wallet,No
CUST09616,36,Female,Standard,49.17,65,2,30.38,Cash,No
CUST09617,67,Female,Basic,36.39,60,3,20.01,,No
CUST09618,59,Male,Standard,45.35,35,4,27.28,Bank Transfer,No
CUST09619,46,Male,Basic,36.88,57,4,41.71,Card,No
CUST09620,56,Male,Standard,45.0,29,2,4.87,Bank Transfer,No
CUST09621,58,Female,Premium,54.38,38,1,28.33,Mobile Wallet,No
CUST09622,50,Female,Basic,29.16,12,1,37.18,Bank Transfer,No
CUST09623,36,Female,Basic,25.69,58,4,27.84,Card,No
CUST09624,54,Male,Standard,41.23,6,1,41.21,Cash,No
CUST09625,36,Male,Standard,55.5,36,5,23.49,Cash,No
CUST09626,50,Male,Basic,23.42,52,3,14.6,Mobile Wallet,No
CUST09627,64,Male,Standard,58.42,27,3,33.66,Card,No
CUST09628,33,Female,Premium,81.74,25,1,7.33,Cash,No
CUST09629,40,Male,Basic,32.02,40,5,6.78,Cash,No
CUST09630,24,Male,Basic,16.96,36,4,17.48,Bank Transfer,No
CUST09631,43,Female,Standard,41.33,60,5,28.18,Bank Transfer,No
CUST09632,49,Male,Standard,57.15,29,3,37.49,Bank Transfer,No
CUST09633,29,Female,Basic,20.88,3,4,35.41,Cash,No
CUST09634,25,Female,Standard,54.74,13,3,23.1,Card,No
CUST09635,22,Female,Premium,,68,5,5.94,Card,No
CUST09636,59,Female,Basic,23.05,11,5,21.28,Card,No
CUST09637,45,Female,Standard,58.31,48,4,17.72,Bank Transfer,No
CUST09638,70,Male,Basic,26.03,60,5,17.46,Cash,No
CUST09639,22,Male,Standard,40.59,2,4,28.93,Mobile Wallet,Yes
CUST09640,66,Female,Standard,43.49,70,3,27.35,Mobile Wallet,Yes
CUST09641,43,Male,Standard,46.36,13,2,18.31,Bank Transfer,No
CUST09642,22,Female,Standard,37.28,35,4,16.18,Mobile Wallet,No
CUST09643,39,Male,Basic,23.65,51,3,32.34,Card,No
CUST09644,32,Male,Standard,40.66,56,4,19.5,Bank Transfer,No
CUST09645,30,Male,Standard,49.5,40,2,22.82,Card,No
CUST09646,45,Male,Basic,28.86,59,4,24.53,Card,No
CUST09647,50,Male,Premium,83.29,12,2,19.64,Cash,No
CUST09648,60,Male,Basic,33.8,16,0,13.61,Card,No
CUST09649,40,Male,Standard,36.91,53,3,29.39,Bank Transfer,No
CUST09650,50,Female,Standard,56.61,41,2,62.87,Card,No
CUST09651,60,Female,Standard,38.06,20,3,22.75,Card,No
CUST09652,35,Female,Basic,26.85,40,0,27.69,Card,No
CUST09653,67,Male,Basic,22.13,61,3,10.59,Bank Transfer,No
CUST09654,70,Male,Basic,36.13,34,0,7.82,,No
CUST09655,47,Female,Standard,59.01,19,6,24.89,Cash,No
CUST09656,43,Female,Standard,53.14,45,2,22.09,Card,No
CUST09657,33,Male,Standard,48.43,29,1,8.42,Bank Transfer,No
CUST09658,30,Female,Premium,93.03,19,0,17.24,Card,No
CUST09659,56,Female,Premium,71.3,56,0,17.39,Mobile Wallet,No
CUST09660,50,Female,Standard,69.21,27,3,43.16,Cash,Yes
CUST09661,43,Female,Standard,50.54,2,0,17.49,Cash,No
CUST09662,65,Male,Basic,40.11,40,5,1.0,Cash,No
CUST09663,18,Female,Premium,54.36,65,4,16.1,Bank Transfer,Yes
CUST09664,66,Female,Premium,81.47,8,4,17.68,Card,Yes
CUST09665,55,Female,Basic,,27,4,39.43,Bank Transfer,Yes
CUST09666,19,Female,Standard,45.64,30,5,14.57,Cash,Yes
CUST09667,66,Male,Premium,68.18,25,2,24.81,Mobile Wallet,No
CUST09668,23,Female,Basic,23.02,49,2,9.25,Card,No
CUST09669,63,Female,Standard,50.31,56,0,24.83,Cash,No
CUST09670,67,Female,Basic,38.0,65,5,12.42,Mobile Wallet,No
CUST09671,55,Female,Standard,55.17,31,5,35.08,Bank Transfer,No
CUST09672,59,Female,Basic,16.58,60,3,36.2,Mobile Wallet,No
CUST09673,41,Male,Basic,19.56,34,1,59.25,,No
CUST09674,35,Female,Basic,25.74,17,6,6.01,Bank Transfer,No
CUST09675,44,Female,Premium,75.35,29,2,16.54,Cash,Yes
CUST09676,58,Male,Standard,47.9,72,4,21.0,Mobile Wallet,No
CUST09677,25,Female,Standard,56.79,6,4,8.51,Mobile Wallet,No
CUST09678,45,Male,Standard,69.4,6,4,4.51,Mobile Wallet,No
CUST09679,27,Female,Basic,26.52,3,3,59.14,Mobile Wallet,No
CUST09680,34,Male,Premium,63.38,31,2,64.16,Cash,No
CUST09681,46,Male,Premium,80.45,52,4,15.39,Mobile Wallet,No
CUST09682,23,Female,Standard,50.49,8,2,52.94,Card,No
CUST09683,31,Male,Standard,31.35,26,4,31.26,Card,No
CUST09684,39,Female,Standard,61.97,15,1,36.64,Bank Transfer,No
CUST09685,23,Male,Basic,15.24,56,4,48.68,Card,No
CUST09686,43,Male,Basic,33.63,62,0,11.43,Bank Transfer,No
CUST09687,56,Female,Standard,42.02,13,4,30.16,Card,Yes
CUST09688,29,Male,Premium,76.24,46,2,15.25,Bank Transfer,No
CUST09689,52,Female,Basic,26.45,54,3,34.18,Mobile Wallet,No
CUST09690,31,Male,Standard,24.64,9,2,10.3,Card,No
CUST09691,39,Male,Basic,20.96,3,2,5.96,,No
CUST09692,68,Female,Basic,37.18,23,3,32.67,Bank Transfer,No
CUST09693,40,Female,Standard,53.67,12,5,5.82,Bank Transfer,Yes
CUST09694,65,Male,Basic,37.88,41,5,21.38,Bank Transfer,No
CUST09695,24,Female,Premium,62.88,44,0,55.12,,No
CUST09696,57,Female,Standard,73.72,58,6,29.28,Cash,No
CUST09697,67,Male,Basic,35.09,11,2,18.84,,Yes
CUST09698,42,Male,Standard,44.73,19,4,28.95,Card,No
CUST09699,30,Female,Standard,43.41,59,5,31.63,Card,No
CUST09700,38,Male,Basic,33.58,37,3,41.22,Bank Transfer,No
CUST09701,58,Female,Standard,68.25,10,5,2.38,Mobile Wallet,No
CUST09702,27,Female,Standard,44.82,33,3,14.2,Cash,Yes
CUST09703,70,Female,Basic,32.5,20,1,18.99,Bank Transfer,No
CUST09704,26,Female,Premium,55.82,44,5,18.54,Bank Transfer,No
CUST09705,32,Female,Basic,30.68,13,1,14.94,Card,No
CUST09706,69,Female,Basic,41.78,63,1,31.21,Mobile Wallet,No
CUST09707,19,Male,Standard,39.45,14,6,31.96,Card,No
CUST09708,42,Female,Basic,26.44,54,2,21.99,Mobile Wallet,No
CUST09709,30,Male,Standard,64.62,42,1,16.34,Card,No
CUST09710,51,Female,Standard,50.02,38,3,15.72,Mobile Wallet,No
CUST09711,68,Male,Basic,31.97,72,4,19.63,Card,No
CUST09712,51,Male,Premium,83.37,36,5,28.84,Mobile Wallet,Yes
CUST09713,52,Male,Standard,47.3,9,5,39.81,Bank Transfer,No
CUST09714,55,Female,Standard,54.53,5,3,39.0,Card,No
CUST09715,20,Male,Standard,58.89,15,5,30.76,Card,Yes
CUST09716,59,Male,Basic,26.86,24,0,15.56,Card,No
CUST09717,23,Female,Standard,49.45,64,5,27.29,Mobile Wallet,No
CUST09718,65,Male,Premium,105.37,48,1,11.38,Card,Yes
CUST09719,66,Male,Basic,45.3,43,4,7.99,Mobile Wallet,Yes
CUST09720,36,Female,Standard,65.78,39,3,17.69,Mobile Wallet,No
CUST09721,20,Male,Standard,45.68,25,6,21.38,Cash,No
CUST09722,35,Male,Basic,30.33,5,2,15.91,Cash,No
CUST09723,56,Female,Standard,,60,5,13.12,Mobile Wallet,No
CUST09724,26,Male,Basic,45.46,7,4,25.03,Card,Yes
CUST09725,69,Male,Basic,36.86,18,5,52.8,Mobile Wallet,Yes
CUST09726,29,Male,Basic,34.87,6,1,37.28,Bank Transfer,No
CUST09727,22,Male,Standard,54.45,12,4,27.93,Mobile Wallet,Yes
CUST09728,20,Female,Basic,41.94,33,4,19.25,Mobile Wallet,No
CUST09729,28,Female,Premium,83.34,21,3,38.58,Mobile Wallet,Yes
CUST09730,47,Female,Standard,49.45,58,3,10.96,Bank Transfer,No
CUST09731,21,Female,Basic,27.98,42,3,41.6,Card,No
CUST09732,22,Male,Standard,60.94,46,5,10.82,Mobile Wallet,Yes
CUST09733,18,Female,Standard,35.48,3,3,5.01,Card,No
CUST09734,44,Female,Basic,26.42,57,4,17.61,Bank Transfer,No
CUST09735,45,Male,Basic,22.12,53,5,17.41,Mobile Wallet,No
CUST09736,46,Male,Basic,15.0,62,1,19.57,Mobile Wallet,No
CUST09737,35,Male,Basic,37.32,13,2,17.59,Card,Yes
CUST09738,29,Female,Premium,81.36,51,2,20.06,Bank Transfer,No
CUST09739,30,Male,Standard,50.72,19,2,25.84,Cash,No
CUST09740,58,Male,Premium,95.94,59,3,30.23,Mobile Wallet,No
CUST09741,19,Male,Standard,57.52,62,4,15.9,Cash,No
CUST09742,54,Female,Basic,28.96,37,6,13.12,Card,No
CUST09743,62,Female,Premium,94.93,15,0,14.79,Card,Yes
CUST09744,33,Female,Basic,26.96,70,9,24.96,,No
CUST09745,65,Female,Basic,29.35,12,1,26.53,Card,No
CUST09746,41,Female,Standard,67.7,50,3,29.41,Cash,No
CUST09747,52,Female,Basic,25.19,47,4,54.96,Bank Transfer,No
CUST09748,39,Female,Basic,38.33,16,2,17.19,Card,Yes
CUST09749,53,Male,Standard,55.33,16,5,26.77,Cash,Yes
CUST09750,28,Male,Premium,75.6,67,1,6.57,Card,No
CUST09751,63,Male,Basic,30.33,34,4,27.45,Cash,No
CUST09752,46,Female,Basic,24.77,46,4,14.58,Cash,No
CUST09753,52,Female,Standard,55.45,64,4,2.92,Card,No
CUST09754,65,Male,Standard,57.49,49,0,18.51,Cash,No
CUST09755,32,Male,Basic,27.69,21,4,10.59,Card,No
CUST09756,48,Female,Premium,66.86,53,3,2.1,Card,No
CUST09757,59,Female,Standard,51.78,62,5,10.42,Bank Transfer,No
CUST09758,58,Female,Standard,34.81,54,3,24.74,Bank Transfer,No
CUST09759,60,Female,Premium,80.55,3,3,17.77,Cash,No
CUST09760,33,Female,Premium,72.0,53,4,17.57,Cash,No
CUST09761,27,Female,Basic,25.23,12,4,35.0,Bank Transfer,No
CUST09762,66,Female,Basic,52.35,38,1,30.13,Cash,No
CUST09763,49,Female,Standard,40.1,18,1,19.65,Mobile Wallet,No
CUST09764,68,Male,Premium,73.33,35,4,44.69,Card,Yes
CUST09765,19,Female,Standard,44.22,70,1,8.7,Card,No
CUST09766,41,Female,Standard,42.32,71,0,9.61,Bank Transfer,No
CUST09767,40,Female,Standard,39.5,17,2,50.54,Mobile Wallet,No
CUST09768,19,Male,Basic,,21,2,2.87,Bank Transfer,No
CUST09769,55,Male,Premium,62.68,70,4,8.13,Card,No
CUST09770,48,Female,Standard,49.77,47,3,3.64,Mobile Wallet,No
CUST09771,68,Male,Premium,59.34,37,3,24.06,Card,No
CUST09772,57,Male,Standard,45.8,54,3,41.98,Mobile Wallet,No
CUST09773,43,Male,Premium,51.56,15,2,46.4,Mobile Wallet,No
CUST09774,46,Female,Basic,25.04,11,4,6.63,Cash,No
CUST09775,20,Female,Standard,44.87,9,1,16.72,Card,No
CUST09776,31,Female,Premium,91.58,68,3,37.03,Bank Transfer,No
CUST09777,42,Female,Standard,48.99,3,1,42.06,Cash,No
CUST09778,65,Female,Standard,54.26,13,2,67.51,Card,No
CUST09779,18,Female,Basic,24.46,6,1,32.99,Mobile Wallet,No
CUST09780,70,Female,Standard,48.34,1,4,,Mobile Wallet,Yes
CUST09781,20,Male,Premium,67.13,5,4,46.72,Bank Transfer,Yes
CUST09782,43,Female,Basic,33.0,66,0,22.59,Mobile Wallet,No
CUST09783,35,Female,Standard,50.63,41,2,17.43,Mobile Wallet,No
CUST09784,26,Female,Standard,39.58,50,2,21.91,Cash,No
CUST09785,55,Female,Basic,32.96,7,4,4.01,Bank Transfer,Yes
CUST09786,40,Female,Basic,45.24,21,3,19.58,Cash,No
CUST09787,38,Female,Standard,41.72,53,3,4.42,Bank Transfer,No
CUST09788,18,Female,Basic,22.76,20,1,15.82,Mobile Wallet,No
CUST09789,38,Female,Premium,70.44,65,5,20.24,Card,No
CUST09790,44,Male,Standard,34.66,32,3,42.97,Bank Transfer,No
CUST09791,59,Male,Standard,58.85,6,3,14.94,Card,No
CUST09792,23,Female,Basic,20.15,41,2,,Mobile Wallet,No
CUST09793,61,Female,Standard,63.3,33,0,63.31,Card,No
CUST09794,53,Male,Standard,50.63,25,2,21.76,Bank Transfer,No
CUST09795,45,Female,Basic,20.59,24,2,7.98,Cash,No
CUST09796,62,Female,Standard,49.78,12,0,24.56,Card,No
CUST09797,34,Male,Premium,75.58,37,1,29.43,Mobile Wallet,Yes
CUST09798,57,Female,Basic,22.34,50,0,18.67,Bank Transfer,No
CUST09799,69,Female,Standard,43.3,9,3,14.78,Card,No
CUST09800,20,Female,Premium,79.21,67,3,21.47,Card,No
CUST09801,29,Male,Basic,37.88,4,2,19.2,Bank Transfer,No
CUST09802,56,Male,Premium,67.39,54,2,30.31,Bank Transfer,No
CUST09803,29,Female,Standard,54.35,6,0,35.83,Mobile Wallet,No
CUST09804,19,Male,Basic,23.23,66,5,42.71,Cash,No
CUST09805,63,Male,Basic,21.78,37,2,34.61,Bank Transfer,No
CUST09806,39,Male,Basic,31.31,45,5,65.18,Cash,No
CUST09807,40,Female,Basic,32.55,14,7,48.69,Bank Transfer,Yes
CUST09808,47,Male,Basic,24.12,43,5,11.49,Bank Transfer,No
CUST09809,22,Male,Basic,21.54,66,2,27.53,Mobile Wallet,No
CUST09810,26,Male,Basic,34.89,7,3,10.34,Mobile Wallet,No
CUST09811,38,Female,Standard,48.51,55,3,26.37,Card,No
CUST09812,28,Male,Premium,77.3,37,4,21.48,Card,Yes
CUST09813,22,Male,Premium,80.41,16,4,36.09,Card,No
CUST09814,52,Female,Standard,43.1,17,1,52.3,Cash,No
CUST09815,44,Male,Premium,65.54,71,5,13.21,Mobile Wallet,No
CUST09816,66,Male,Basic,23.86,1,5,22.38,Card,Yes
CUST09817,19,Male,Basic,35.73,2,1,16.26,Mobile Wallet,No
CUST09818,41,Female,Basic,23.76,33,2,24.72,Card,No
CUST09819,48,Female,Standard,35.81,13,8,16.79,Card,No
CUST09820,50,Male,Premium,77.14,65,6,32.34,Bank Transfer,No
CUST09821,56,Male,Standard,62.95,51,5,24.78,Card,No
CUST09822,47,Male,Standard,42.78,33,1,29.76,Mobile Wallet,No
CUST09823,63,Male,Standard,47.68,3,4,5.16,Card,Yes
CUST09824,54,Male,Basic,31.95,60,3,36.73,Card,No
CUST09825,68,Male,Standard,39.78,44,2,21.38,Mobile Wallet,No
CUST09826,45,Female,Standard,40.94,5,3,32.59,Bank Transfer,No
CUST09827,48,Male,Basic,28.36,47,2,17.71,Card,No
CUST09828,28,Male,Basic,22.08,43,1,47.36,Card,No
CUST09829,40,Male,Standard,79.12,47,2,6.5,Bank Transfer,Yes
CUST09830,19,Female,Standard,62.45,6,5,32.23,Mobile Wallet,No
CUST09831,57,Male,Basic,28.3,60,4,37.28,Cash,No
CUST09832,58,Female,Standard,51.3,36,6,42.63,Card,No
CUST09833,44,Male,Premium,57.83,37,5,27.01,Card,Yes
CUST09834,52,Male,Standard,54.02,6,7,27.64,Bank Transfer,No
CUST09835,19,Male,Basic,24.81,30,1,3.03,Mobile Wallet,No
CUST09836,56,Male,Standard,43.32,10,2,41.47,Mobile Wallet,No
CUST09837,54,Male,Standard,45.51,28,5,33.6,Bank Transfer,No
CUST09838,38,Male,Basic,33.55,6,3,14.06,Card,No
CUST09839,22,Female,Basic,24.56,24,1,27.16,Card,No
CUST09840,69,Male,Standard,63.34,52,1,36.98,Card,No
CUST09841,62,Male,Standard,53.91,68,1,8.4,Card,No
CUST09842,38,Male,Basic,24.6,45,8,67.16,Bank Transfer,No
CUST09843,46,Female,Standard,37.52,27,1,24.02,Card,No
CUST09844,37,Male,Premium,56.3,68,3,13.48,Cash,No
CUST09845,55,Female,Premium,77.91,13,3,22.71,Mobile Wallet,Yes
CUST09846,37,Male,Standard,43.3,19,2,45.12,Bank Transfer,No
CUST09847,67,Male,Standard,55.64,33,1,20.17,Bank Transfer,No
CUST09848,42,Female,Premium,96.71,13,4,57.02,Cash,Yes
CUST09849,19,Female,Premium,83.94,7,4,20.39,Cash,Yes
CUST09850,49,Male,Premium,74.24,33,1,67.87,Mobile Wallet,No
CUST09851,43,Female,Basic,21.36,32,1,11.87,Mobile Wallet,No
CUST09852,23,Female,Basic,25.38,45,2,20.28,Card,No
CUST09853,58,Male,Premium,80.69,56,2,25.36,Card,No
CUST09854,20,Male,Premium,91.78,72,6,24.26,Mobile Wallet,No
CUST09855,50,Male,Standard,52.9,46,4,19.64,Card,No
CUST09856,18,Female,Premium,61.22,19,7,10.04,Bank Transfer,No
CUST09857,68,Male,Standard,49.89,34,2,18.44,Bank Transfer,No
CUST09858,22,Male,Standard,55.34,63,4,27.72,Mobile Wallet,No
CUST09859,30,Female,Standard,29.39,70,6,18.64,Bank Transfer,No
CUST09860,36,Female,Standard,60.69,54,3,22.5,Bank Transfer,No
CUST09861,29,Male,Standard,55.21,55,2,10.32,Mobile Wallet,No
CUST09862,65,Female,Premium,84.92,50,3,26.01,Mobile Wallet,No
CUST09863,42,Female,Standard,31.46,65,3,,Mobile Wallet,No
CUST09864,68,Female,Premium,67.22,45,3,31.18,Card,No
CUST09865,52,Male,Premium,94.69,30,2,15.95,Mobile Wallet,No
CUST09866,29,Male,Basic,36.89,61,6,11.61,Cash,No
CUST09867,47,Male,Basic,,59,2,21.36,Cash,No
CUST09868,22,Female,Standard,54.56,2,3,24.1,Bank Transfer,Yes
CUST09869,51,Male,Basic,40.53,30,3,25.51,Mobile Wallet,No
CUST09870,39,Male,Standard,61.52,46,1,14.67,Card,No
CUST09871,56,Female,Basic,38.1,68,3,13.69,Mobile Wallet,No
CUST09872,30,Female,Standard,52.01,19,2,12.21,Bank Transfer,No
CUST09873,64,Male,Basic,22.15,5,0,27.56,Card,No
CUST09874,20,Female,Basic,36.54,57,5,29.86,Cash,No
CUST09875,70,Male,Basic,32.72,63,8,4.92,Mobile Wallet,No
CUST09876,37,Male,Premium,80.24,52,3,15.68,Mobile Wallet,Yes
CUST09877,48,Male,Standard,36.68,59,3,10.21,Mobile Wallet,No
CUST09878,22,Female,Premium,79.76,60,6,13.5,Bank Transfer,No
CUST09879,41,Female,Premium,91.54,20,4,6.87,Mobile Wallet,Yes
CUST09880,57,Male,Premium,96.79,33,3,22.36,Card,No
CUST09881,50,Male,Standard,46.92,12,1,4.54,Card,No
CUST09882,25,Male,Standard,49.71,21,2,24.25,Bank Transfer,No
CUST09883,41,Male,Basic,40.42,56,6,8.27,Card,No
CUST09884,67,Female,Basic,27.17,23,0,18.4,Cash,No
CUST09885,37,Male,Premium,70.68,20,5,17.35,Cash,No
CUST09886,33,Male,Basic,26.23,49,4,35.02,Cash,No
CUST09887,67,Female,Premium,75.24,47,5,18.46,Cash,Yes
CUST09888,69,Male,Standard,56.01,70,1,5.06,Card,No
CUST09889,29,Male,Standard,50.86,45,3,5.1,Card,No
CUST09890,30,Male,Basic,28.62,35,0,15.27,Card,No
CUST09891,62,Male,Standard,59.45,72,3,30.27,Cash,No
CUST09892,59,Male,Standard,48.89,27,2,24.11,Bank Transfer,No
CUST09893,56,Female,Standard,44.93,47,3,15.41,Card,No
CUST09894,42,Female,Standard,65.91,32,3,31.95,Card,Yes
CUST09895,63,Female,Basic,29.73,29,2,22.45,Card,No
CUST09896,49,Female,Basic,26.71,71,2,16.98,Card,No
CUST09897,41,Male,Basic,30.72,53,3,26.19,Card,No
CUST09898,65,Female,Basic,18.63,56,2,17.59,Mobile Wallet,No
CUST09899,64,Female,Basic,41.45,43,4,14.63,Bank Transfer,No
CUST09900,61,Female,Basic,31.17,4,3,14.2,Bank Transfer,No
CUST09901,26,Female,Standard,58.72,64,5,22.51,Card,No
CUST09902,57,Female,Standard,43.6,23,1,10.7,Mobile Wallet,No
CUST09903,67,Female,Basic,31.85,60,3,25.19,Mobile Wallet,Yes
CUST09904,40,Female,Standard,56.36,30,3,21.72,Bank Transfer,Yes
CUST09905,67,Female,Standard,33.93,43,1,28.63,Mobile Wallet,No
CUST09906,30,Male,Standard,34.63,48,2,22.13,Card,No
CUST09907,49,Female,Standard,53.34,7,3,37.74,Bank Transfer,Yes
CUST09908,67,Male,Standard,46.15,31,4,71.19,Card,No
CUST09909,32,Female,Basic,38.1,19,3,19.57,Bank Transfer,No
CUST09910,53,Female,Standard,50.0,52,3,19.1,Cash,No
CUST09911,66,Female,Basic,24.44,68,4,23.63,Mobile Wallet,No
CUST09912,22,Male,Standard,40.9,6,3,42.65,Card,Yes
CUST09913,39,Male,Premium,92.77,60,1,40.54,Bank Transfer,Yes
CUST09914,33,Female,Standard,40.06,12,5,35.27,Mobile Wallet,No
CUST09915,58,Male,Standard,57.19,38,2,31.78,Mobile Wallet,No
CUST09916,27,Female,Premium,101.47,13,3,18.54,Bank Transfer,Yes
CUST09917,41,Male,Basic,27.39,28,3,10.47,Bank Transfer,No
CUST09918,35,Male,Premium,78.6,5,4,20.5,Bank Transfer,Yes
CUST09919,66,Male,Basic,31.65,46,1,28.47,Card,Yes
CUST09920,35,Female,Premium,75.37,46,5,93.25,Card,No
CUST09921,24,Male,Basic,33.45,27,5,9.62,Bank Transfer,Yes
CUST09922,21,Male,Basic,25.4,26,2,11.0,Card,No
CUST09923,43,Female,Standard,30.22,62,2,10.49,Bank Transfer,No
CUST09924,22,Male,Premium,84.08,68,3,15.27,Card,No
CUST09925,33,Female,Basic,35.12,72,3,31.23,Bank Transfer,No
CUST09926,52,Female,Standard,48.29,12,3,28.05,Cash,No
CUST09927,43,Male,Standard,59.91,52,7,23.41,Cash,No
CUST09928,35,Female,Basic,29.94,37,5,43.35,Card,No
CUST09929,46,Male,Standard,46.76,25,2,43.27,Card,No
CUST09930,40,Male,Standard,41.96,39,0,11.0,Card,No
CUST09931,70,Female,Basic,41.05,67,2,12.65,Bank Transfer,No
CUST09932,31,Male,Standard,60.18,19,1,9.76,Card,No
CUST09933,32,Male,Premium,63.65,71,5,12.45,Mobile Wallet,No
CUST09934,66,Female,Standard,46.76,24,1,14.1,Bank Transfer,No
CUST09935,50,Female,Premium,54.67,51,2,16.54,Mobile Wallet,No
CUST09936,42,Male,Basic,23.4,45,3,31.86,Mobile Wallet,No
CUST09937,38,Female,Basic,31.09,8,0,48.58,Card,No
CUST09938,34,Female,Premium,97.45,72,1,24.52,Bank Transfer,No
CUST09939,40,Female,Premium,84.76,45,8,27.15,Mobile Wallet,No
CUST09940,60,Female,Basic,,2,3,5.95,Mobile Wallet,No
CUST09941,34,Male,Standard,32.14,30,4,16.45,Card,No
CUST09942,31,Male,Premium,48.52,67,0,14.93,Mobile Wallet,No
CUST09943,46,Female,Basic,17.91,45,4,23.33,Card,No
CUST09944,37,Male,Basic,26.61,26,4,27.13,Card,No
CUST09945,47,Female,Standard,52.22,17,1,14.35,Cash,Yes
CUST09946,36,Female,Premium,83.36,38,5,29.12,Cash,Yes
CUST09947,70,Male,Standard,73.73,67,2,23.39,Mobile Wallet,No
CUST09948,56,Male,Standard,48.08,57,5,29.4,Card,No
CUST09949,30,Male,Basic,42.15,33,1,47.83,Bank Transfer,No
CUST09950,35,Male,Standard,51.2,72,1,12.82,Mobile Wallet,No
CUST09951,40,Female,Basic,27.29,64,0,34.65,Mobile Wallet,No
CUST09952,63,Female,Premium,58.7,23,6,14.47,Bank Transfer,No
CUST09953,50,Male,Standard,42.41,12,0,20.6,Mobile Wallet,No
CUST09954,56,Female,Standard,53.84,8,2,30.98,Bank Transfer,Yes
CUST09955,57,Male,Premium,92.25,72,5,,Bank Transfer,No
CUST09956,35,Male,Basic,23.06,38,4,9.23,Bank Transfer,No
CUST09957,26,Male,Premium,77.21,33,2,2.4,Bank Transfer,No
CUST09958,50,Female,Standard,41.75,48,2,16.41,Card,No
CUST09959,49,Female,Basic,30.31,45,0,31.27,Cash,No
CUST09960,34,Male,Basic,33.87,23,0,77.35,Card,No
CUST09961,36,Male,Premium,77.03,43,2,20.22,Bank Transfer,No
CUST09962,44,Male,Premium,90.67,25,3,14.56,Card,Yes
CUST09963,23,Male,Basic,24.88,15,1,28.47,Bank Transfer,Yes
CUST09964,52,Female,Basic,27.02,10,5,10.87,Bank Transfer,No
CUST09965,54,Female,Premium,64.25,20,5,61.15,Card,No
CUST09966,51,Male,Basic,24.44,16,2,10.72,Bank Transfer,No
CUST09967,37,Male,Standard,38.22,57,4,21.58,Cash,No
CUST09968,42,Female,Standard,69.62,46,3,48.13,Card,No
CUST09969,21,Male,Premium,55.87,1,2,27.18,Mobile Wallet,Yes
CUST09970,27,Female,Standard,56.61,25,4,12.45,Bank Transfer,No
CUST09971,27,Female,Standard,,56,3,17.6,Cash,Yes
CUST09972,41,Male,Premium,65.51,46,2,4.06,Cash,No
CUST09973,38,Female,Basic,43.86,59,3,11.67,Bank Transfer,No
CUST09974,28,Female,Basic,36.57,62,4,13.15,Mobile Wallet,No
CUST09975,44,Female,Basic,28.56,61,3,31.14,Card,No
CUST09976,33,Female,Premium,86.18,8,3,6.37,Card,No
CUST09977,43,Male,Standard,56.92,41,2,26.0,Card,No
CUST09978,47,Female,Basic,36.18,15,3,36.48,Mobile Wallet,No
CUST09979,66,Female,Standard,49.7,44,2,17.26,Card,No
CUST09980,33,Female,Standard,50.66,1,1,35.32,Bank Transfer,No
CUST09981,24,Male,Premium,90.73,65,3,46.53,Cash,No
CUST09982,33,Male,Basic,43.05,34,6,47.78,Mobile Wallet,No
CUST09983,52,Male,Standard,47.23,4,1,21.23,Mobile Wallet,No
CUST09984,33,Female,Standard,36.44,2,4,19.83,Mobile Wallet,Yes
CUST09985,57,Male,Basic,21.96,39,4,16.92,Bank Transfer,No
CUST09986,29,Male,Premium,64.85,54,2,35.88,Card,No
CUST09987,52,Male,Basic,38.46,10,4,22.51,Bank Transfer,Yes
CUST09988,66,Female,Standard,38.56,42,3,4.34,Mobile Wallet,No
CUST09989,38,Male,Standard,45.05,45,2,15.88,Mobile Wallet,No
CUST09990,67,Male,Standard,37.06,26,2,33.75,Cash,No
CUST09991,60,Male,Basic,34.84,27,3,10.49,Mobile Wallet,No
CUST09992,53,Female,Premium,84.0,39,6,36.38,Mobile Wallet,No
CUST09993,65,Female,Basic,27.75,25,5,31.4,Mobile Wallet,Yes
CUST09994,34,Male,Standard,63.55,29,2,12.1,Mobile Wallet,No
CUST09995,49,Male,Standard,31.18,22,3,6.49,Bank Transfer,No
CUST09996,58,Male,Premium,65.62,60,2,26.61,Bank Transfer,No
CUST09997,23,Female,Standard,71.38,52,2,3.74,Card,No
CUST09998,41,Female,Basic,30.23,21,3,14.92,Card,No
CUST09999,44,Male,Premium,66.78,8,4,62.31,Bank Transfer,No
CUST10000,37,Female,Basic,27.81,66,3,12.07,Cash,No
CUST06253,52,Female,Basic,45.41,33,0,6.25,Bank Transfer,No
CUST04685,24,Female,Standard,44.99,6,4,16.13,Bank Transfer,No
CUST01732,70,Female,Standard,52.63,34,6,52.7,Card,Yes
CUST04743,43,Female,Basic,33.41,47,0,10.88,Cash,No
CUST04522,43,Female,Standard,52.33,26,2,9.2,Bank Transfer,No
CUST06341,21,Female,Basic,37.03,12,4,24.15,Cash,No
CUST00577,54,Male,Premium,85.29,42,2,20.75,Mobile Wallet,No
CUST05203,39,Male,Standard,50.46,42,6,16.29,Cash,No
CUST06364,59,Female,Basic,27.66,52,2,5.17,Cash,No
CUST00440,62,Male,Basic,44.68,58,2,36.23,Mobile Wallet,No
CUST02751,29,Male,Basic,26.19,29,2,8.84,Mobile Wallet,No
CUST07488,48,Female,Basic,18.35,29,3,13.12,Card,No
CUST05273,58,Female,Basic,40.56,31,2,2.81,Card,Yes
CUST05654,68,Female,Standard,42.43,43,3,24.85,Card,Yes
CUST04000,23,Male,Standard,48.55,2,7,8.01,Mobile Wallet,No
CUST06034,56,Female,Basic,,11,0,40.09,Mobile Wallet,No
CUST00583,27,Male,Basic,32.4,15,5,17.34,Card,No
CUST09931,70,Female,Basic,41.05,67,2,12.65,Bank Transfer,No
CUST07052,34,Female,Premium,94.72,32,4,29.27,Card,Yes
CUST08159,38,Male,Premium,70.61,19,1,13.68,Cash,No
